-- phpMyAdmin SQL Dump
-- version 4.7.0
-- https://www.phpmyadmin.net/
--
-- Host: 127.0.0.1
-- Generation Time: 18 Des 2017 pada 16.22
-- Versi Server: 10.1.26-MariaDB
-- PHP Version: 7.1.8

SET SQL_MODE = "NO_AUTO_VALUE_ON_ZERO";
SET AUTOCOMMIT = 0;
START TRANSACTION;
SET time_zone = "+00:00";


/*!40101 SET @OLD_CHARACTER_SET_CLIENT=@@CHARACTER_SET_CLIENT */;
/*!40101 SET @OLD_CHARACTER_SET_RESULTS=@@CHARACTER_SET_RESULTS */;
/*!40101 SET @OLD_COLLATION_CONNECTION=@@COLLATION_CONNECTION */;
/*!40101 SET NAMES utf8mb4 */;

--
-- Database: `homestead`
--

-- --------------------------------------------------------

--
-- Struktur dari tabel `courses`
--

CREATE TABLE `courses` (
  `id` int(10) UNSIGNED NOT NULL,
  `title` varchar(191) COLLATE utf8mb4_unicode_ci NOT NULL,
  `slug` varchar(191) COLLATE utf8mb4_unicode_ci DEFAULT NULL,
  `description` text COLLATE utf8mb4_unicode_ci,
  `price` decimal(15,2) DEFAULT NULL,
  `course_image` varchar(191) COLLATE utf8mb4_unicode_ci DEFAULT NULL,
  `start_date` date DEFAULT NULL,
  `published` tinyint(4) DEFAULT '0',
  `created_at` timestamp NULL DEFAULT NULL,
  `updated_at` timestamp NULL DEFAULT NULL,
  `deleted_at` timestamp NULL DEFAULT NULL
) ENGINE=InnoDB DEFAULT CHARSET=utf8mb4 COLLATE=utf8mb4_unicode_ci;

--
-- Dumping data untuk tabel `courses`
--

INSERT INTO `courses` (`id`, `title`, `slug`, `description`, `price`, `course_image`, `start_date`, `published`, `created_at`, `updated_at`, `deleted_at`) VALUES
(1, 'Bahasa Inggris', 'bahasa inggris', 'Disini kamu akan belajar banyak materi bahasa inggris untuk SMA seperti materi expression, grammar , tenses sampai descriptive texts. \r\n\r\nSelain itu kamu juga bisa download kumpulan  soal dalam bentuk pdf di setiap bab, sehingga kamu bisa mempelajari dari bab tersebut lebih dalam.', '10.00', '1513395088-rsz_html.jpg', '2017-12-17', 1, '2017-12-15 01:55:03', '2017-12-17 01:42:32', '2017-12-17 01:42:32'),
(2, 'Javascript', '', 'JavaScript adalah bahasa pemograman yang digunakan untuk membuat interaksi dan menambah fitur dinamis ke dalam halaman web. Untuk membuat website, memang tidak harus menggunakan JavaScript. Namun saat ini penggunaan JavaScript hampir selalu ada di setiap web modern. Bagi programmer web, JavaScript merupakan salah satu bahasa pemograman web yang wajib di kuasai. Duniailkom menyediakan artikel lengkap yang dapat digunakan sebagai tutorial dasar dalam mempelajari JavaScript. Tutorial ini akan diurutkan secara sistematis, dan terdiri dari 3 bagian: Tutorial JavaScript Dasar, Tutorial JavaScript Lanjutan, dan Artikel JavaScript.\r\n\r\n', '10.00', NULL, '2017-12-24', 1, '2017-12-15 01:55:03', '2017-12-17 01:42:32', '2017-12-17 01:42:32'),
(3, 'MySQL', '', 'MySQL merupakan salah satu aplikasi database paling populer di dunia, terutama dalam pengembangan web. Hampir setiap proyek pembuatan website menggunakan MySQL, termasuk berbagai CMS (Content Management System) seperti WordPress, Joomla, Drupal, dll menggunakan MySQL. MySQL merupakan aplikasi wajib yang harus dikuasai oleh programmer web. Karena hal inilah disini kita mencoba membuat beberapa tutorial dasar MySQL.\r\n\r\nTutorial dasar ini ditujukan untuk pemula yang ingin mempelajari MySQL dari awal. Kita akan membahas sedikit teori database, seperti pengenalan tabel, relasi, kolom/field, baris/record, serta pengertian RDBMS (Relational Database Management Systems). Selanjutnya kita akan menginstall aplikasi MySQL dan membahas query-query penting yang diperlukan untuk administrasi database.', '10.00', NULL, '2017-12-23', 1, '2017-12-15 01:55:03', '2017-12-17 01:42:32', '2017-12-17 01:42:32'),
(4, 'PHP', '', 'PHP merupakan bahasa wajib programmer web. Menurut wikipedia, PHP digunakan pada lebih dari 75% web server di seluruh dunia. \r\n\r\nTutorial Belajar PHP ini cocok untuk pemula yang ingin menguasai PHP, maupun yang sudah mahir sebagai penyegaran dan bahan referensi. Untuk belajar PHP, anda dianggap telah mengetahui sedikit tentang HTML. Karena pada dasarnya PHP digunakan untuk memanipulasi HTML agar bisa tampil dinamis.\r\n\r\nPengetahuan tentang MySQL, CSS dan Javascript juga akan membantu dalam memahami PHP, walaupun ini bukan hal yang mutlak. Jika belum menguasai HTML dan CSS, silahkan mempelajarinya pada Tutorial Belajar HTML, dan Tutorial Belajar CSS.', '10.00', NULL, '2017-12-24', 1, '2017-12-15 01:55:03', '2017-12-17 01:42:33', '2017-12-17 01:42:33'),
(5, 'Jquery ', '', 'Hampir semua situs-situs besar menggunakan jQuery untuk memudahkan proses penulisan kode JavaScript. Maka dari itu seorang programmer web juga dituntut untuk bisa menguasai Jquery.  ', '10.00', NULL, '2017-12-24', 1, '2017-12-15 01:55:04', '2017-12-17 01:42:33', '2017-12-17 01:42:33'),
(6, 'Matematika', 'Matematika', 'materi  matematika untuk anak SMA', '1.00', '1513499693-rsz_html.jpg', '2017-12-17', 1, '2017-12-17 01:34:53', '2017-12-17 01:42:33', '2017-12-17 01:42:33'),
(7, 'Bahasa Inggris', 'Bahasa Inggris', 'Pada materi bahasa inggris yang ditujukan untuk siswa SMA ini kami ingin memberikan rangkuman materi pelajaran bahasa inggris untuk SMA', '1.00', '1513500249-greeting.jpg', '2017-12-17', 1, '2017-12-17 01:44:09', '2017-12-17 01:46:16', NULL),
(8, 'Biologi', 'Biologi', 'Pada materi biologi yang ditujukan untuk siswa SMA ini kami ingin memberikan rangkuman materi pelajaran biologi untuk SMA', '1.00', NULL, '2017-12-17', 1, '2017-12-17 03:30:00', '2017-12-17 03:30:35', NULL),
(9, 'Bahasa Indonesia', 'Bahasa Indonesia', 'Pada materi bahasa Indonesia yang ditujukan untuk siswa SMA ini kami ingin memberikan rangkuman materi pelajaran bahasa indonesia untuk SMA', '1.00', NULL, '2017-12-17', 1, '2017-12-17 03:43:47', '2017-12-17 03:46:08', NULL),
(10, 'Fisika', 'Fisika', 'Pada materi fisika yang ditujukan untuk siswa SMA ini kami ingin memberikan rangkuman materi pelajaran fisika untuk SMA', '1.00', NULL, '2017-12-18', 1, '2017-12-17 22:56:46', '2017-12-17 22:58:07', NULL),
(11, 'Matematika', 'Matematika', 'Pada materi matematika yang ditujukan untuk siswa SMA ini kami ingin memberikan rangkuman materi pelajaran matematika untuk SMA', '1.00', NULL, '2017-12-18', 1, '2017-12-17 23:26:48', '2017-12-18 02:39:17', '2017-12-18 02:39:17'),
(12, 'Matematika', 'Matematika', NULL, '1.00', NULL, '2017-12-18', 1, '2017-12-17 23:26:48', '2017-12-17 23:38:37', '2017-12-17 23:38:37'),
(13, 'Kimia', 'Kimia', 'Pada materi kimia yang ditujukan untuk siswa SMA ini kami ingin memberikan rangkuman materi pelajaran kimia untuk SMA', '1.00', NULL, '2017-12-18', 1, '2017-12-18 02:55:53', '2017-12-18 02:57:09', NULL);

-- --------------------------------------------------------

--
-- Struktur dari tabel `course_student`
--

CREATE TABLE `course_student` (
  `course_id` int(10) UNSIGNED DEFAULT NULL,
  `user_id` int(10) UNSIGNED DEFAULT NULL,
  `rating` int(10) UNSIGNED NOT NULL DEFAULT '0',
  `created_at` timestamp NULL DEFAULT NULL,
  `updated_at` timestamp NULL DEFAULT NULL
) ENGINE=InnoDB DEFAULT CHARSET=utf8mb4 COLLATE=utf8mb4_unicode_ci;

-- --------------------------------------------------------

--
-- Struktur dari tabel `course_user`
--

CREATE TABLE `course_user` (
  `course_id` int(10) UNSIGNED DEFAULT NULL,
  `user_id` int(10) UNSIGNED DEFAULT NULL
) ENGINE=InnoDB DEFAULT CHARSET=utf8mb4 COLLATE=utf8mb4_unicode_ci;

--
-- Dumping data untuk tabel `course_user`
--

INSERT INTO `course_user` (`course_id`, `user_id`) VALUES
(2, 1),
(3, 1),
(4, 1),
(5, 1),
(6, 3),
(7, 3),
(8, 3),
(9, 3),
(10, 3),
(11, 3),
(12, 3),
(13, 3);

-- --------------------------------------------------------

--
-- Struktur dari tabel `lessons`
--

CREATE TABLE `lessons` (
  `id` int(10) UNSIGNED NOT NULL,
  `course_id` int(10) UNSIGNED DEFAULT NULL,
  `title` varchar(191) COLLATE utf8mb4_unicode_ci DEFAULT NULL,
  `slug` varchar(191) COLLATE utf8mb4_unicode_ci DEFAULT NULL,
  `lesson_image` varchar(191) COLLATE utf8mb4_unicode_ci DEFAULT NULL,
  `short_text` text COLLATE utf8mb4_unicode_ci,
  `full_text` text COLLATE utf8mb4_unicode_ci,
  `position` int(10) UNSIGNED DEFAULT NULL,
  `free_lesson` tinyint(4) DEFAULT '0',
  `published` tinyint(4) DEFAULT '0',
  `created_at` timestamp NULL DEFAULT NULL,
  `updated_at` timestamp NULL DEFAULT NULL,
  `deleted_at` timestamp NULL DEFAULT NULL
) ENGINE=InnoDB DEFAULT CHARSET=utf8mb4 COLLATE=utf8mb4_unicode_ci;

--
-- Dumping data untuk tabel `lessons`
--

INSERT INTO `lessons` (`id`, `course_id`, `title`, `slug`, `lesson_image`, `short_text`, `full_text`, `position`, `free_lesson`, `published`, `created_at`, `updated_at`, `deleted_at`) VALUES
(1, 1, 'Greeting', 'greeting', '1513499088-greeting.jpg', 'Di dalam kehidupan sehari-hari kita tentu sering bertemu dengan seseorang, untuk itu kita harus belajar menyapa mereka. Dalam bahasa inggris juga ada istilah kata sapaan yang disebut dengan greeting. Mempelajari kata sapaan dalam bahasa inggris akan membantu kita dalam bergaul dengan orang- orang di sekitar kita, karena penggunaannya akan sangat membantu dalam membuka sebuah percakapan. greeting adalah ungkapan yang digunakan untuk menyapa seseorang. Situasi dalam greeting terdiri dari dua bagian yaitu formal dan informal. greeting juga bisa diekspresikan dengan kontak mata, saling berjabat tangan atau berpelukan. Bentuk dari greeting itu sendiri ditentukan dari budaya maupun hubungan dari orang-orang tersebut.', '<p><u><strong>Tipe dari greeting:</strong></u></p>\r\n\r\n<p>&nbsp;</p>\r\n\r\n<p><strong>Formal Greeting&nbsp;&nbsp;</strong></p>\r\n\r\n<ul>\r\n	<li>Hello!&nbsp;<em>(Halo!)</em></li>\r\n	<li>Good morning.<em>&nbsp;(Selamat pagi)</em></li>\r\n	<li>Good afternoon.&nbsp;<em>(Selamat siang)</em></li>\r\n	<li>Good evening.&nbsp;<em>(Selamat sore)</em></li>\r\n	<li>Good night.&nbsp;<em>(Selamat malam</em>)</li>\r\n	<li>Hello, how are you?&nbsp;<em>(Halo apa kabarmu?)</em></li>\r\n	<li>How are you doing?&nbsp;<em>(Apa kabarmu?)</em></li>\r\n	<li>How do you do?&nbsp;<em>(Kalimat sapaan jika kita&nbsp; belum pernah bertemu dengan orang itu sebelumnya)</em></li>\r\n	<li>Nice to meet you.&nbsp;<em>(Senang bertemu denganmu)</em></li>\r\n</ul>\r\n\r\n<p><strong>Responses</strong></p>\r\n\r\n<ul>\r\n	<li>Hello!&nbsp;<em>(Halo!)</em></li>\r\n	<li>Good morning.&nbsp;<em>(Selamat pagi)</em></li>\r\n	<li>Good afternoon&nbsp;<em>(Selamat siang)</em></li>\r\n	<li>Good evening.&nbsp;<em>(Selamat sore)</em></li>\r\n	<li>Good night.&nbsp;<em>(Selamat malam)</em></li>\r\n	<li>I&rsquo;m fine thank you.&nbsp;<em>(Aku baik baik saja, terima kasih)</em></li>\r\n	<li>I&rsquo;m very well, thank you.&nbsp;<em>(Aku baik baik saja, terima kasih)</em></li>\r\n	<li>How do you do.&nbsp;<em>(Kalimat sapaan jika kita belum pernah bertemu dengan orang itu sebelumnya)</em></li>\r\n	<li>Nice to meet you too.&nbsp;<em>(Senang bertemu denganmu juga)</em></li>\r\n</ul>\r\n\r\n<p><strong>Informal Greetings&nbsp;&nbsp;&nbsp;</strong></p>\r\n\r\n<ul>\r\n	<li>Hi!&nbsp;<em>(Hai!)</em></li>\r\n	<li>What&rsquo;s up?&nbsp;<em>(Apa kabar?)</em></li>\r\n	<li>What&rsquo;s news?&nbsp;<em>(Apa yang baru?)</em></li>\r\n	<li>How&rsquo;s everything?&nbsp;<em>(Bagaimana semuanya?)</em></li>\r\n	<li>How&rsquo;s it going?&nbsp;<em>(Bagaimana sekarang?)</em></li>\r\n	<li>How&rsquo;s business?&nbsp;<em>(Bagaimana bisnis?)</em></li>\r\n	<li>Good to see you.&nbsp;<em>(Senang bertemu kamu)</em></li>\r\n</ul>\r\n\r\n<p><strong>Responses</strong></p>\r\n\r\n<ul>\r\n	<li>Hi.&nbsp;<em>(Hai)</em></li>\r\n	<li>Just fine, thanks.&nbsp;<em>(Baik-baik aja, terima kasih)</em></li>\r\n	<li>Great, thanks.&nbsp;<em>(Luar biasa, terima kasih)</em></li>\r\n	<li>Pretty well. What about you?&nbsp;<em>(Sangat baik, bagaimana denganmu?)</em></li>\r\n	<li>Good to see you too.&nbsp;<em>(Senang bertemu denganmu juga)</em></li>\r\n</ul>\r\n\r\n<p>&nbsp;</p>\r\n\r\n<p><u><strong>Berikut ini adalah beberapa contoh dialog dari greeting:</strong></u></p>\r\n\r\n<p>&nbsp;</p>\r\n\r\n<p><strong>Contoh Dialog Greetings 1:</strong></p>\r\n\r\n<p>Stella&nbsp;&nbsp; : Hi Gina, good morning!&nbsp;<em>(Hai Gina, selamat pagi!)</em></p>\r\n\r\n<p>Gina&nbsp;&nbsp;&nbsp; : Good morning Stella, How are you today?&nbsp;<em>(Selamat pagi Stella, apa kabarmu hari ini?)</em></p>\r\n\r\n<p>Stella&nbsp;&nbsp; : I&rsquo;m fine thanks. How is Hendra?&nbsp;<em>(Aku baik baik saja. Bagaimana dengan Hendra?)</em></p>\r\n\r\n<p>Gina&nbsp;&nbsp;&nbsp; : He is fine, thank you.&nbsp;<em>(Dia baik-baik saja, terima kasih)</em></p>\r\n\r\n<p>&nbsp;</p>\r\n\r\n<p><strong>Contoh Dialog Greetings 2:</strong></p>\r\n\r\n<p>Father&nbsp; : Good night Dodi.&nbsp;<em>(Selamat malam Dodi)</em></p>\r\n\r\n<p>Dodi&nbsp;&nbsp;&nbsp; : Hi Dad, Good night.&nbsp;<em>(Hai ayah, selamat malam)</em></p>\r\n\r\n<p>Father&nbsp; : How&rsquo;s your study at school?&nbsp;<em>(Bagaimana belajarmu di sekolah?)</em></p>\r\n\r\n<p>Dodi&nbsp;&nbsp;&nbsp; : It&rsquo;s great dad, i&rsquo;ve got A on English lesson.&nbsp;<em>(Luar biasa ayah, aku mendapatkan nilai A di pelajaran Bahasa Inggris)</em></p>\r\n\r\n<p>Father&nbsp; : Oh, Really?! That&rsquo;s good kid. Keep your good job going on.&nbsp;<em>(Oh, benarkah?! Bagus sekali nak. Lanjutkan kerja bagusmu)</em></p>\r\n\r\n<p>Dodi&nbsp;&nbsp;&nbsp; : Okay Dad.&nbsp;<em>(Baik ayah)</em></p>\r\n\r\n<p>&nbsp;</p>\r\n\r\n<p><strong>Contoh Dialog Greetings 3:</strong></p>\r\n\r\n<p>Talita&nbsp;&nbsp; : Hi Renata, how are you?&nbsp;<em>(Hai Renata, apa kabarmu?)</em></p>\r\n\r\n<p>Renata : I&rsquo;m fine thank you And you?&nbsp;<em>(Aku baik-baik saja, bagaimana denganmu?)</em></p>\r\n\r\n<p>Talita&nbsp;&nbsp; : I&rsquo;m fine too, How&rsquo;s your business?&nbsp;<em>(Aku baik juga. Bagaimana dengan bisnismu?)</em></p>\r\n\r\n<p>Renata : Oh, it&rsquo;s going up this year. Would you like to have a cup of tea?&nbsp;<em>(Oh, bisnisku meningkat tahun ini. Maukah kamu secangkir teh?)</em></p>\r\n\r\n<p>Talita&nbsp;&nbsp; : I&rsquo;d love to but, I have a lot work to do. I&rsquo;ll call you this afternoon.<em>&nbsp;(Aku ingin sekali, tapi aku sedang banyak pekerjaan untuk di selesaikan. Aku akan menelponmu siang ini)</em></p>\r\n\r\n<p>Renata : Okay. Take care.&nbsp;<em>(Oke, hati-hati)</em></p>\r\n\r\n<p>Talita&nbsp;&nbsp; : Thanks. You too.&nbsp;<em>(Terimakasih. Kamu juga)</em></p>', 8, 1, 1, '2017-12-15 01:55:04', '2017-12-17 01:30:12', NULL),
(2, 1, 'Memilih aplikasi editor HTML', NULL, NULL, 'Dalam pembuatan kode HTML kita butuh sebuah aplikasi text editor. Dalam tutorial HTML kali ini kita akan membahas tentang cara memilih aplikasi text editor yang sesuai, diantaranya adalah Notepad++ dan Komodo Edit.', '<p>Memilih sebuah aplikasi editor HTML tidaklah terlalu sulit. Aplikasi editor HTML digunakan untuk mempermudah kita membuat kode HTML. HTML sendiri pada dasarnya hanya text biasa yang ditulis dalam kode-kode khusus. Web Browser-lah yang akan menerjemahkan kode HTML ini menjadi sebuah tampilan halaman web.</p>\r\n\r\n<p>Untuk membuat kode HTML maupun halaman web sederhana, kita tidak perlu menggunakan aplikasi yang besar dan berat. Aplikasi&nbsp;<strong>Notepad</strong>&nbsp;bawaan Windows sebenarnya sudah cukup untuk membuat kode HTML. Namun untuk tutorial belajar HTML kali ini saya akan menggunakan aplikasi&nbsp;<strong>Notepad++.</strong></p>\r\n\r\n<p><span style=\"font-size:22px\">Text Editor Notepad++</span></p>\r\n\r\n<p>Aplikasi&nbsp;<strong>Notepad++</strong>&nbsp;bisa di download secara gratis dari&nbsp;<a href=\"http://notepad-plus-plus.org/download/\">http://notepad-plus-plus.org/download/</a>dimana pada saat tutorial ini diupdate pada September 2017, versi terakhir adalah&nbsp;<strong>7.5.1,</strong>berukuran sekitar 2,8MB.&nbsp;<strong>Notepad++</strong>&nbsp;merupakan aplikasi editor text gratis ringan namun memiliki banyak fitur. Salah satunya adalah fitur pewarnaan code (<em>syntax highlighting</em>). Fitur ini akan memudahkan penulisan HTML.</p>\r\n\r\n<h3><span style=\"font-size:22px\">Text Editor Komodo Edit</span></h3>\r\n\r\n<p>Teks editor ini juga bisa didapat dengan gratis di:&nbsp;<a href=\"http://komodoide.com/komodo-edit/\">http://komodoide.com/komodo-edit/</a>. Saat artikel ini saya revisi, versi terakhir adalah 10.2.3, berukuran sekitar 75MB.</p>\r\n\r\n<p>Komodo Edit merupakan versi ringan dari versi berbayar&nbsp;<strong>Komodo IDE</strong>&nbsp;(juga dikembangkan oleh perusahaan yang sama). Pada saat membuka halaman diatas, pastikan untuk memilih tombol &ldquo;<strong>Download Komodo Edit</strong>&ldquo;, bukan &ldquo;<strong>Try Komodo IDE</strong>&ldquo;.</p>\r\n\r\n<p>&nbsp;</p>', 3, 1, 0, '2017-12-15 01:55:04', '2017-12-16 02:56:25', NULL),
(3, 1, 'Menjalankan file HTML', NULL, NULL, 'Setelah Web Browser selesai diinstal, dan Text Editor sudah tersedia, kali ini kita akan membahas tentang cara menjalankan file HTML dari web browser.', '<p>Untuk memudahkan dalam mengakses file, sebaiknya buat sebuah folder &ldquo;<strong>BelajarHTML</strong>&rdquo; di Drive&nbsp;<strong>D</strong>. Folder ini akan kita jadikan tempat seluruh halaman HTML yang akan dibuat.</p>\r\n\r\n<p>Selanjutnya, buka aplikasi&nbsp;<strong>Notepad++</strong>&nbsp;, atau aplikasi&nbsp;<em>text editor</em>&nbsp;lainnya, lalu ketik text berikut ini:</p>\r\n\r\n<table border=\"0\" cellpadding=\"0\" cellspacing=\"0\">\r\n	<tbody>\r\n		<tr>\r\n			<td>\r\n			<p>1</p>\r\n			</td>\r\n			<td>\r\n			<p><code>Selamat Pagi Dunia, Hello World!</code></p>\r\n			</td>\r\n		</tr>\r\n	</tbody>\r\n</table>\r\n\r\n<p>Save teks diatas sebagai&nbsp;<strong>hello.html</strong>&nbsp;pada folder&nbsp;<strong>BelajarHTML</strong><strong>.&nbsp;</strong>Setelah itu jalankan file&nbsp;<strong>hello.html</strong>kita dengan cara double klik file tersebut, atau&nbsp;<strong>klik kanan &ndash;&gt; Open With &ndash;&gt; Firefox&nbsp;</strong>(jika anda menggunakan web&nbsp;<em>browser firefox</em>)</p>\r\n\r\n<p>&nbsp;</p>\r\n\r\n<p>Dari percobaan ini kita dapat melihat bahwa setiap halaman HTML harus diakhiri dengan ekstensi&nbsp;<strong>.html</strong>. Anda mungkin juga akan menemukan beberapa halaman juga memiliki ekstensi&nbsp;<strong>.htm</strong>, ekstensi ini digunakan untuk mendukung Windows versi lama yang masih menggunakan ekstensi 3 huruf di belakang sebuah file.</p>', 8, 1, 0, '2017-12-15 01:55:04', '2017-12-16 03:14:37', NULL),
(4, 1, 'Pengertian tag, elemen dan atribut pada HTML', NULL, NULL, 'Setelah berhasil menjalankan file HTML pada web browser, dalam lanjutan tutorial belajar HTML dasar kali ini kita akan membahas apa yang dimaksud dengan Tag, Elemen, dan Attribut pada HTML. Ketiganya merupakan dasar dari HTML, dan dasar dari seluruh halaman web yang ada di Internet.', '<p>Sebagai sebuah bahasa markup,&nbsp;<strong>HTML</strong>&nbsp;membutuhkan cara untuk memberitahu web browser untuk apa fungsi sebuah text. Apakah text itu ditulis sebagai sebuah&nbsp;<em>paragraf, list</em>, atau sebagai&nbsp;<em>link</em>? Dalam&nbsp;<strong>HTML</strong>, tanda ini dikenal dengan istilah&nbsp;<strong>tag</strong>.</p>\r\n\r\n<p>Hampir semua tag di dalam&nbsp;<strong>HTML</strong>&nbsp;ditulis secara berpasangan, yakni&nbsp;<strong>tag pembuka</strong>&nbsp;dan&nbsp;<strong>tag penutup</strong>, dimana objek yang dikenai perintah tag berada di&nbsp;<strong><em>antara</em>&nbsp;</strong>tag pembuka dan tag penutup ini. Objek disini dapat berupa text, gambar, maupun video. Penulisan tag berada di antara&nbsp;<em>dua kurung siku: &ldquo;&lt;&rdquo;&nbsp;</em>dan<em>&nbsp;&ldquo;&gt;&rdquo;</em>.</p>\r\n\r\n<p>Berikut adalah format dasar penulisan tag HTML:</p>\r\n\r\n<p><ins><ins><ins><iframe frameborder=\"0\" height=\"280\" id=\"aswift_3\" name=\"aswift_3\" scrolling=\"no\" width=\"730\"></iframe></ins></ins></ins></p>\r\n\r\n<table border=\"0\" cellpadding=\"0\" cellspacing=\"0\">\r\n	<tbody>\r\n		<tr>\r\n			<td>\r\n			<p><code>&lt;</code><code>tag_pembuka</code><code>&gt;objek yang dikenai perintah tag&lt;/</code><code>tag_penutup</code><code>&gt;</code></p>\r\n			</td>\r\n		</tr>\r\n	</tbody>\r\n</table>\r\n\r\n<p>Sebagai contoh, perhatikan kode HTML berikut :</p>\r\n\r\n<table border=\"0\" cellpadding=\"0\" cellspacing=\"0\">\r\n	<tbody>\r\n		<tr>\r\n			<td>\r\n			<p><code>&lt;</code><code>p</code><code>&gt; Ini adalah sebuah paragraf &lt;/</code><code>p</code><code>&gt;</code></p>\r\n			</td>\r\n		</tr>\r\n	</tbody>\r\n</table>\r\n\r\n<ul>\r\n	<li><strong>&lt;p&gt;</strong>&nbsp;adalah tag pembuka, dalam contoh ini&nbsp;<em><strong>p</strong></em>&nbsp;adalah tag untuk&nbsp;<em>paragraf.</em></li>\r\n	<li><strong>&lt;/p&gt;</strong>&nbsp;adalah tag penutup paragraf. Perbedaannya dengan tag pembuka terletak dari tanda&nbsp;<em>forward slash</em>&nbsp;(/)</li>\r\n</ul>\r\n\r\n<p>Jika lupa memberikan penutup tag, umumnya browser akan &ldquo;<em>memaafkan</em>&rdquo; kesalahan ini dan tetap menampilkan hasilnya seolah-olah kita menuliskan tag penutup. Walaupun ini sepertinya memudahkan, tidak jarang malah bikin bingung.</p>\r\n\r\n<p>&nbsp;</p>\r\n\r\n<p>Sebagai contoha lain, jika ingin membuat suatu text dalam sebuah paragraf yang di tulis tebal atau miring, di dalam&nbsp;<strong>HTML</strong>&nbsp;dapat ditulis sebagai berikut:</p>\r\n\r\n<table border=\"0\" cellpadding=\"0\" cellspacing=\"0\">\r\n	<tbody>\r\n		<tr>\r\n			<td>\r\n			<p>1</p>\r\n\r\n			<p>2</p>\r\n			</td>\r\n			<td>\r\n			<p><code>&lt;</code><code>p</code><code>&gt;Ini adalah sebuah paragraf. &lt;</code><code>i</code><code>&gt;Hanya kumpulan beberapa kalimat&lt;/</code><code>i</code><code>&gt;. </code></p>\r\n\r\n			<p><code>Paragraf ini terdiri dari &lt;</code><code>b</code><code>&gt;3 kalimat&lt;/</code><code>b</code><code>&gt;&lt;/</code><code>p</code><code>&gt;.</code></p>\r\n			</td>\r\n		</tr>\r\n	</tbody>\r\n</table>\r\n\r\n<p>Hasil dari kode&nbsp;<strong>HTML</strong>&nbsp;diatas, diterjemahkan oleh browser menjadi:</p>\r\n\r\n<p>&ldquo;Ini adalah sebuah paragraf.&nbsp;<em>Tidak lain dari kumpulan beberapa kalimat</em>. Paragraf ini terdiri dari&nbsp;<strong>3 kalimat</strong>.&rdquo;</p>\r\n\r\n<p>Tag&nbsp;<strong>&lt;i&gt;</strong>&nbsp;pada kode&nbsp;<strong>HTML</strong>&nbsp;diatas memberikan perintah kepada browser untuk menampilkan text secara garis miring (i, singkatan dari&nbsp;<strong><em>italic</em></strong>), dan tag&nbsp;<strong>&lt;b&gt;</strong>&nbsp;untuk menebalkan tulisan (b, singkatan dari&nbsp;<strong><em>bold</em></strong>).</p>\r\n\r\n<h3><span style=\"font-size:22px\">Pengertian Element dalam HTML</span></h3>\r\n\r\n<p><strong>Element</strong>&nbsp;adalah isi dari tag yang berada&nbsp;diantara&nbsp;tag pembuka dan tag penutup, termasuk tag itu sendiri dan atribut yang dimikinya (jika ada). Sebagai contoh perhatikan kode HTML berikut:</p>\r\n\r\n<table border=\"0\" cellpadding=\"0\" cellspacing=\"0\">\r\n	<tbody>\r\n		<tr>\r\n			<td>\r\n			<p>1</p>\r\n			</td>\r\n			<td>\r\n			<p><code>&lt;</code><code>p</code><code>&gt; Ini adalah sebuah paragraf &lt;/</code><code>p</code><code>&gt;</code></p>\r\n			</td>\r\n		</tr>\r\n	</tbody>\r\n</table>\r\n\r\n<p>Pada contoh diatas, &ldquo;&lt;p&gt;Ini adalah sebuah paragraf&lt;/p&gt;&rdquo; merupakan&nbsp;<strong>element</strong>&nbsp;<strong>p</strong>.</p>\r\n\r\n<p>Element tidak hanya berisi text, namun juga bisa tag lain.</p>\r\n\r\n<p>Contoh:</p>\r\n\r\n<table border=\"0\" cellpadding=\"0\" cellspacing=\"0\">\r\n	<tbody>\r\n		<tr>\r\n			<td>\r\n			<p>1</p>\r\n			</td>\r\n			<td>\r\n			<p><code>&lt;</code><code>p</code><code>&gt; Ini adalah sebuah &lt;</code><code>em</code><code>&gt;paragraf&lt;/</code><code>em</code><code>&gt; &lt;/</code><code>p</code><code>&gt;</code></p>\r\n			</td>\r\n		</tr>\r\n	</tbody>\r\n</table>\r\n\r\n<p>Dari contoh diatas,<em>&lt;p&gt;</em>&nbsp;<em>Ini adalah sebuah &lt;em&gt;paragraf&lt;/em&gt; &lt;/p&gt;</em>&nbsp;merupakan elemen&nbsp;<strong>p</strong>. Dalam pembahasan atau tutorial tentang HTML, tidak jarang istilah &ldquo;tag&rdquo; dan &ldquo;element&rdquo; saling dipertukarkan.</p>\r\n\r\n<h3><span style=\"font-size:22px\">Pengertian Atribut dalam HTML</span></h3>\r\n\r\n<p><strong>Atribut</strong>&nbsp;adalah informasi tambahan yang diberikan kepada&nbsp;<em>tag</em>. Informasi ini bisa berupa instruksi untuk warna dari text, besar huruf dari text, dll. Setiap atribut memiliki pasangan&nbsp;<strong>nama</strong>&nbsp;dan&nbsp;<strong>nilai</strong>(<em>value</em>), dan ditulis dengan&nbsp;<strong>name=&rdquo;value&rdquo;</strong>. Value diapit tanda kutip, boleh menggunakan tanda kutip satu (&lsquo;) atau dua (&ldquo;).</p>\r\n\r\n<p>Contoh kode HTML:</p>\r\n\r\n<table border=\"0\" cellpadding=\"0\" cellspacing=\"0\">\r\n	<tbody>\r\n		<tr>\r\n			<td>\r\n			<p>1</p>\r\n			</td>\r\n			<td>\r\n			<p><code>&lt;</code><code>a</code> <code>href</code><code>=</code><code>&quot;http://www.duniailkom.com&quot;</code><code>&gt;ini adalah sebuah link&lt;/</code><code>a</code><code>&gt;</code></p>\r\n			</td>\r\n		</tr>\r\n	</tbody>\r\n</table>\r\n\r\n<p>Pada kode HTML diatas,<em><strong>&nbsp;href=&rdquo;http://www.duniailkom.com&rdquo;&nbsp;</strong></em>adalah<strong>&nbsp;atribut. href</strong>&nbsp;merupakan&nbsp;<em>nama dari atribut</em>, dan&nbsp;<em>http://www.duniailkom.com</em>&nbsp;adalah&nbsp;<em>value</em>&nbsp;atau nilai dari atribut tersebut.</p>\r\n\r\n<p>Tidak semua tag membutuhkan atribut, tapi anda akan sering melihat sebuah tag dengan atribut, terutama atribut&nbsp;<strong>id</strong>&nbsp;dan&nbsp;<strong>class</strong>&nbsp;yang sering digunakan untuk manipulasi halaman web menggunakan&nbsp;<a href=\"http://www.duniailkom.com/tutorial-belajar-css-dasar/\" title=\"Tutorial Belajar CSS Dasar untuk Pemula\">CSS&nbsp;</a>maupun&nbsp;<a href=\"http://www.duniailkom.com/tutorial-belajar-javascript-dasar-untuk-pemula/\" title=\"Tutorial Belajar JavaScript Dasar Untuk Pemula\">JavaScript</a>.</p>\r\n\r\n<p>HTML memiliki banyak atribut yang beberapa diantaranya hanya cocok untuk tag tertentu saja. Sebagai contoh, atribut &ldquo;<em><strong>href</strong></em>&rdquo; diatas hanya digunakan untuk tag&nbsp;<em><strong>&lt;a</strong></em>&gt; saja (dan beberapa tag lain). Penjelasan tentang tujuan dan pengertian dari atribut seperti href ini akan kita bahas pada tutorial-tutorial selanjutnya.</p>', 6, 0, 0, '2017-12-15 01:55:04', '2017-12-16 03:26:11', NULL),
(5, 1, 'Mengenal struktur HTML', NULL, NULL, 'Pada tutorial belajar HTML dasar sebelumnya kita telah mempelajari Pengertian Tag, Elemen, dan Atribut pada HTML. Dalam tutorial kali ini saya akan membahas tentang cara membuat struktur dasar halaman HTML.', '<p>Setiap halaman&nbsp;<strong>HTML</strong>&nbsp;setidaknya memiliki struktur dasar yang terdiri dari : Tag&nbsp;<strong>DTD</strong>&nbsp;atau&nbsp;<strong>DOCTYPE,&nbsp;</strong>tag<strong>&nbsp;html,&nbsp;</strong>tag<strong>&nbsp;head</strong>, dan tag&nbsp;<strong>body</strong>. Inilah yang merupakan struktur paling dasar dari HTML, walaupun HTML tidak hanya berisi struktur tersebut.</p>\r\n\r\n<p>Agar lebih mudah memahaminya, silahkan buka text editor (<strong>Notepad++</strong>), lalu ketikkan kode berikut ini:</p>\r\n\r\n<p><em>Contoh struktur dasar HTML:</em></p>\r\n\r\n<p>&nbsp;</p>\r\n\r\n<table border=\"0\" cellpadding=\"0\" cellspacing=\"0\">\r\n	<tbody>\r\n		<tr>\r\n			<td>\r\n			<p>1</p>\r\n\r\n			<p>2</p>\r\n\r\n			<p>3</p>\r\n\r\n			<p>4</p>\r\n\r\n			<p>5</p>\r\n\r\n			<p>6</p>\r\n\r\n			<p>7</p>\r\n\r\n			<p>8</p>\r\n\r\n			<p>9</p>\r\n			</td>\r\n			<td>\r\n			<p><code>&lt;!</code><code>DOCTYPE</code> <code>html&gt;</code></p>\r\n\r\n			<p><code>&nbsp;&nbsp;</code><code>&lt;</code><code>html</code><code>&gt;</code></p>\r\n\r\n			<p><code>&nbsp;&nbsp;</code><code>&lt;</code><code>head</code><code>&gt;</code></p>\r\n\r\n			<p><code>&nbsp;&nbsp;&nbsp;&nbsp;</code><code>&lt;</code><code>title</code><code>&gt;Title dari Websiteku&lt;/</code><code>title</code><code>&gt;</code></p>\r\n\r\n			<p><code>&nbsp;&nbsp;</code><code>&lt;/</code><code>head</code><code>&gt;</code></p>\r\n\r\n			<p><code>&lt;</code><code>body</code><code>&gt;</code></p>\r\n\r\n			<p><code>&nbsp;&nbsp;&nbsp;</code><code>&lt;</code><code>p</code><code>&gt;Selamat Pagi Dunia, Hello World!&lt;/</code><code>p</code><code>&gt;</code></p>\r\n\r\n			<p><code>&lt;/</code><code>body</code><code>&gt;</code></p>\r\n\r\n			<p><code>&lt;/</code><code>html</code><code>&gt;</code></p>\r\n			</td>\r\n		</tr>\r\n	</tbody>\r\n</table>\r\n\r\n<p>Save sebagai&nbsp;<em>halaman.html</em>&nbsp;dan jalankan file dengan cara double klik file tersebut, atau&nbsp;<strong>klik kanan &ndash;&gt; Open With &ndash;&gt; Firefox.</strong><strong>&nbsp;</strong>Kita akan membahas tag-tag yang ditulis tersebut pada tutorial kali ini.</p>\r\n\r\n<p>&nbsp;</p>', 5, 1, 1, '2017-12-15 01:55:04', '2017-12-16 03:37:14', NULL),
(6, 1, 'Minus sunt inventore facere odit.', 'minus-sunt-inventore-facere-odit', NULL, 'Magnam omnis molestiae consequatur eum commodi placeat voluptatem. Repudiandae dolorem et deleniti sed veniam et molestiae. Asperiores neque quia qui in non voluptatem aut.', 'Et assumenda dolor aut tempore aut maiores. Repellat aut veniam rerum. Necessitatibus maiores praesentium beatae molestiae et perferendis est.\nTempore iste nostrum debitis ullam dolore nesciunt. Nisi cum velit aut blanditiis et suscipit. Alias qui in error natus.\nMollitia ipsa expedita est ratione dolores eius molestiae. Voluptatum aut pariatur velit quam. Explicabo ipsam nemo quis porro et temporibus labore.\nImpedit voluptas aut quo ratione. Laborum repellendus minima sapiente rerum ut architecto. Sint qui illo blanditiis ex quo eos repellendus. Inventore aut animi porro nemo fugit.\nModi dolore repellat et consequatur. Quo deserunt aut quae repudiandae. Repellendus quia quia nulla quos error. Vel aliquid non suscipit quia rerum culpa. Inventore molestiae qui est aliquid qui est earum.', 4, 1, 0, '2017-12-15 01:55:05', '2017-12-15 01:55:08', NULL),
(7, 1, 'Nobis magnam nobis modi corrupti.', 'nobis-magnam-nobis-modi-corrupti', NULL, 'Rem fuga laborum culpa id. Optio doloremque ut perferendis et quibusdam modi omnis. Quia numquam aliquam natus nihil.', 'Voluptatem distinctio hic dolore quia qui. Est repellendus est quis ea impedit. Dolores et nam ducimus fugiat inventore. Eum omnis quibusdam consequatur id.\nMagni amet exercitationem dolore dolores ut assumenda. Ipsa quaerat suscipit expedita quos. Rem nihil est inventore aperiam consectetur ad numquam reiciendis. Fuga unde iure quisquam recusandae deleniti quisquam corporis.\nOmnis consectetur qui ratione labore ut. Quasi sed assumenda et rem et libero.\nError sed qui veritatis. Voluptate est fuga illum.\nEum ea ut pariatur et. Quod aut et consequatur. Quibusdam assumenda quia animi aliquam cupiditate.\nPraesentium totam non dolorem dolorem voluptatibus. Ipsum dolor et ducimus ex voluptate corporis. Ab et veritatis perspiciatis in nihil facere et omnis.\nQuam perspiciatis nihil impedit quo repudiandae maxime ab et. Sed numquam totam dolor atque aut ducimus aut nihil. Quasi vitae velit et.', 6, 0, 0, '2017-12-15 01:55:05', '2017-12-15 01:55:08', NULL),
(8, 1, 'Qui voluptatem et et aliquam.', 'qui-voluptatem-et-et-aliquam', NULL, 'Blanditiis ut qui porro quae voluptatem facere accusamus. Impedit quo ipsa consectetur ea. Nihil similique corporis ut fugiat modi consectetur. Sunt praesentium veniam quia sit in deleniti voluptate.', 'Consequatur eos magnam qui officiis et. Deleniti ex id incidunt. Commodi qui consequuntur molestiae quo.\nPraesentium mollitia et fugit aut non aut voluptatem. Suscipit odit repellendus laudantium iusto. Ea dolor reiciendis aliquid delectus est.\nEst voluptatibus ut enim molestias occaecati officia eaque. Aperiam omnis sed minima alias occaecati excepturi. Iusto sed et vitae ut sunt necessitatibus non. Ad fuga vitae aperiam itaque animi itaque qui quibusdam.\nDolores quasi assumenda libero asperiores dolores quisquam eum. Et molestiae voluptatem molestias sint. Fuga eum tenetur iusto animi nemo qui neque. Quo provident velit qui corrupti deleniti voluptatem.\nNam ullam adipisci totam ut labore placeat. Placeat facilis atque hic cupiditate voluptas eaque cum. Ratione officiis soluta officia vitae.\nDeleniti doloremque id dolor at commodi nisi omnis. Aut sit dolores ea quos modi qui assumenda consequatur. Quo inventore dicta optio laborum.', 8, 1, 1, '2017-12-15 01:55:05', '2017-12-15 01:55:08', NULL),
(9, 1, 'Facilis non consequuntur ipsa.', 'facilis-non-consequuntur-ipsa', NULL, 'Delectus qui ea sit nihil ea assumenda consectetur. Libero et omnis autem provident et. Repellendus aut aperiam et repudiandae. Voluptates beatae aliquid in ut non excepturi.', 'Aliquid explicabo aut et autem eum. Voluptates perferendis quo sed dolores voluptatum enim aut. Expedita omnis qui velit voluptatem ut necessitatibus.\nEt dolore ratione vel aut. Alias possimus dignissimos rerum eos aperiam natus. Deleniti minima culpa doloremque corrupti rerum numquam. Dolores excepturi qui itaque quisquam fugit autem maxime veritatis.\nCorrupti expedita mollitia nihil et quo ea. Et nesciunt quae omnis quos quam molestiae. Quisquam est reprehenderit iure sunt et porro.\nOdit saepe id ut voluptas ut. Laborum praesentium laudantium ut delectus. Dolores optio qui velit ipsum. Nesciunt nemo occaecati sequi nesciunt.\nCumque porro placeat vero illum aut itaque possimus sint. Aut quia eos enim rem ullam. Rerum optio autem laboriosam cumque optio aut qui.\nVoluptas quos in aut earum nulla dolores consequatur. Laudantium unde fugiat quia repellat odit sit laudantium velit. In in dolorem maiores id.', 3, 1, 1, '2017-12-15 01:55:05', '2017-12-15 01:55:08', NULL),
(10, 1, 'Mollitia aliquid ut assumenda.', 'mollitia-aliquid-ut-assumenda', NULL, 'Accusamus qui non laborum accusantium illum. Sed velit commodi laborum unde repellendus. Nesciunt voluptatem architecto nobis. Soluta voluptas accusamus quis et ab velit quaerat.', 'Omnis voluptatem tenetur vitae. Necessitatibus vel qui aut omnis occaecati cumque. Atque dignissimos unde iste eligendi voluptas. Aliquid occaecati beatae atque aut autem incidunt sit et.\nModi accusantium tempora similique eos. Eaque minima officiis qui earum qui. Ut nam rerum ut quisquam.\nNobis quis dicta ad iusto ducimus. Labore numquam fugit commodi quaerat omnis et suscipit incidunt. Corrupti odio eos possimus hic voluptas.\nUt fuga et numquam aut. Enim dolorem sunt ut voluptatem. Nobis id dolorem impedit esse placeat. Ea iure ex voluptatem quo neque ex est.\nIpsum libero voluptas eligendi est autem. Molestiae voluptatum optio aut voluptates.\nEst officiis sit non expedita. Voluptatem non non distinctio quam quia et non. A adipisci id suscipit facilis aliquam voluptatum debitis. Repellendus sit aliquid eos debitis saepe quaerat unde.', 9, 0, 1, '2017-12-15 01:55:05', '2017-12-15 01:55:08', NULL),
(11, 2, 'Provident aut consequatur hic vel.', 'provident-aut-consequatur-hic-vel', NULL, 'Omnis mollitia dolore facere rerum dolores. Error molestias corrupti officiis iure. In suscipit quos nobis unde necessitatibus sit.', 'Laborum reprehenderit sunt illo fugiat nihil asperiores tempora. Odio et nihil aliquid maiores voluptate perspiciatis. Fugit et et ut repudiandae.\nPorro dignissimos exercitationem minus fugit id. Libero voluptatem dolorum non illum quasi quia optio. Eum non eaque sunt quod nam qui voluptatem. Et sint nulla animi numquam et repudiandae sint.\nQui quis quia in aliquid amet tempore eum. Reiciendis similique quia dolor eius ut. Animi temporibus illum est consequatur. Cupiditate voluptatum sunt non quia earum sit.\nVoluptatibus ipsum et dolorem asperiores praesentium mollitia error eveniet. Sed ducimus sed eius amet ratione ex. Sit ullam voluptatibus earum est saepe quas. Illum animi aliquam autem consequatur delectus.\nConsequatur maxime commodi dolorum nulla nisi saepe natus. Doloremque architecto repellat molestias ea saepe quam facere. Est neque recusandae quo minus. Enim fugit rerum eos explicabo ea.', 8, 0, 0, '2017-12-15 01:55:08', '2017-12-15 01:55:11', NULL),
(12, 2, 'Eos quia velit sint voluptatem.', 'eos-quia-velit-sint-voluptatem', NULL, 'Aliquam praesentium quo voluptatem unde. Quia et dolorem sed adipisci. Odit eveniet consequatur et ut sunt et. Aut quae nihil aliquid modi fuga.', 'Provident quasi aperiam accusamus nihil perspiciatis modi. Dolorem et ea vel quaerat. Aut commodi qui ratione a.\nUt eaque eius nihil tempora ab velit et sed. Deserunt cupiditate est atque nobis corrupti sapiente consequatur. Laudantium suscipit ipsum ea labore.\nNam quia quasi est doloremque. Temporibus ipsum et eos qui eius omnis voluptatem. Perspiciatis officia vel iusto et labore nesciunt. Ut sit ut reprehenderit. Excepturi neque et qui fugiat quo impedit.\nEt libero praesentium enim assumenda. Omnis corporis quam autem facere quam non ipsum. Amet dolore culpa sint quia. Officia odit vero sed quos quo excepturi quaerat.\nFuga eaque magni architecto dolorum modi est. Et maiores suscipit harum consequatur blanditiis.\nDignissimos illo corrupti est aliquid. Sunt deserunt dolor eos ea quis in. Aut enim consequatur deserunt est ab. Perferendis non voluptatem fugit omnis aut.', 4, 1, 1, '2017-12-15 01:55:09', '2017-12-15 01:55:11', NULL),
(13, 2, 'Explicabo vero aperiam reiciendis provident eum.', 'explicabo-vero-aperiam-reiciendis-provident-eum', NULL, 'Maiores reiciendis autem quidem nulla. Est reiciendis porro sunt ut vel iste aut. Magnam quos odit labore ipsam ratione aperiam. Quod vel autem nihil aut quos necessitatibus repellat.', 'Sit assumenda et in et voluptas asperiores laudantium quia. Ad blanditiis qui ut ipsum aut molestiae. Pariatur veniam quos dolores et sint et.\nDelectus modi a ipsa. Assumenda pariatur cupiditate unde dolorem. Voluptate ut similique ea dolorem autem eos iure saepe. Nesciunt qui consectetur laboriosam iusto soluta corporis et.\nExercitationem quisquam culpa ratione maiores odio quis laboriosam. Quod dolor et quia veritatis at. Consequuntur sed aliquid minus accusantium. Qui iste molestiae et quia modi vero.\nBlanditiis ut officiis consectetur qui aut molestiae nobis aut. Cumque explicabo ea voluptates dolore tenetur saepe. Vel dignissimos quis et omnis minima laborum. Non qui aut mollitia ad asperiores necessitatibus.\nVelit nobis sint natus et iste praesentium. Delectus inventore qui iusto corporis. Illum id est sit aut a. Sapiente tempore qui porro corporis.', 8, 0, 0, '2017-12-15 01:55:09', '2017-12-15 01:55:11', NULL),
(14, 2, 'Doloribus quae tempora et aspernatur amet.', 'doloribus-quae-tempora-et-aspernatur-amet', NULL, 'Aut quidem sit iste qui aut eos. Facilis voluptates dolore soluta fugit cupiditate vitae. Consequatur delectus et quia excepturi debitis exercitationem reprehenderit est. Nesciunt esse beatae in rerum.', 'Inventore voluptates cupiditate quas ut. Molestiae corrupti ea magni et praesentium ipsum aliquid.\nPerferendis aliquid dicta ipsam excepturi. Voluptatum omnis dolor corrupti ut eaque et. Suscipit eos autem cum similique et suscipit hic. Quis aliquam repellendus sint aliquam ut sed qui.\nOptio architecto eligendi delectus eaque laborum. Repudiandae neque perferendis et non et quae. Aut rerum reiciendis doloremque doloribus. Vitae tenetur vel esse commodi.\nEt eveniet iste illum molestiae. Doloribus veritatis animi optio possimus qui. Quas amet perspiciatis ea. Natus voluptatem doloribus inventore eos similique enim.\nCum voluptas illo quo rerum impedit dolores. Laudantium et sed et distinctio aliquid est est. Iusto sint id voluptas occaecati aut rerum aperiam ipsa.\nAssumenda et temporibus debitis omnis explicabo qui. Sit corrupti expedita ut non velit ut velit. Facilis omnis corrupti quidem repudiandae voluptatum fuga.', 7, 1, 1, '2017-12-15 01:55:09', '2017-12-15 01:55:11', NULL),
(15, 2, 'Quos et ducimus quos et. Vitae sunt sit modi et.', 'quos-et-ducimus-quos-et-vitae-sunt-sit-modi-et', NULL, 'Est id incidunt facere ut commodi sint. Eum exercitationem qui excepturi. Maiores dolore non aut quidem.', 'Eum aut reiciendis architecto et soluta quidem necessitatibus. Impedit reprehenderit voluptas rerum sint. Aut quos consectetur qui nihil. Quo aut adipisci voluptas nemo rem.\nA officiis non fuga. Laborum omnis voluptas veniam. Eligendi placeat qui rerum dolorem et hic qui. Sit possimus voluptatibus corrupti est qui.\nAsperiores sint minus sed quia ut. Voluptate ut ut est reprehenderit. Repudiandae ipsa provident veniam repudiandae vel numquam. Rem repudiandae rem odio molestiae consequatur dolore et.\nAccusamus repellat quia quia cum voluptates. Reiciendis nihil et illo esse. Dolores dolorem et autem maiores ipsa.\nAlias magni sed dolorem dolorem. Quia officia eos id facilis. Ut dignissimos error qui ea.\nQuos sint ullam sunt excepturi cum dolorem. Aut sed sit sed tempora. Totam vel occaecati consequuntur natus nemo esse consequatur. Et fugiat in ipsum suscipit aliquid.', 10, 1, 1, '2017-12-15 01:55:09', '2017-12-15 01:55:12', NULL),
(16, 2, 'In minima mollitia vel pariatur.', 'in-minima-mollitia-vel-pariatur', NULL, 'Unde natus minima ea quos. Reiciendis qui nihil commodi.', 'Quas consectetur maxime quia magni sunt soluta quis sapiente. Non sunt possimus neque asperiores. Eaque ratione vitae corporis dolores consequatur qui temporibus est. Magnam illo voluptas quasi deleniti fuga asperiores.\nSed voluptas autem qui tempora vero. Aut voluptas error neque voluptate laboriosam autem. Quis quos tempora accusamus fuga sit fugit. Natus magni a aut eum excepturi et minima.\nConsequatur sapiente amet consequatur ipsum. Eius quos voluptates velit et. Omnis ut et ut fugiat odit vitae suscipit. Neque quaerat vitae aliquid molestias expedita aut.\nAccusamus qui harum non iusto aliquam exercitationem perferendis unde. Dolor voluptatem et animi saepe deserunt impedit expedita suscipit. Ducimus ad iure autem ipsam.\nQui velit enim ullam qui consequuntur aspernatur est et. Dolore est recusandae nobis. Aut excepturi consectetur aut facilis dignissimos a dolor.', 9, 1, 1, '2017-12-15 01:55:09', '2017-12-15 01:55:12', NULL),
(17, 2, 'Eos et id eos non soluta rerum.', 'eos-et-id-eos-non-soluta-rerum', NULL, 'Neque autem culpa quis doloremque occaecati. Doloribus in assumenda distinctio aut error et dolore. Dolorem enim aut voluptatem.', 'Nemo ut libero nemo sequi eaque dignissimos odit. Recusandae ut accusamus suscipit. Eius ea sit temporibus voluptate. Recusandae quia fugit quis soluta quis.\nUt dolor temporibus voluptatum eaque ipsam. Nihil quia omnis vero aut id ducimus quae. Eaque cum sunt nihil consequatur quo.\nEst aspernatur debitis voluptatem ut voluptatem ut. Ullam qui excepturi velit. Amet et nulla eos quae dolorem mollitia est nostrum.\nAutem reprehenderit qui id deleniti similique et. Dolore quos illo fuga vero quisquam totam mollitia. Architecto dolorum reiciendis quis beatae. Minus incidunt dolore quibusdam amet.\nEos voluptatem sit ut vel. Eos et minus eligendi deserunt eligendi eius. Praesentium quibusdam neque dolorum quos ullam officiis necessitatibus. Deserunt repellat molestiae asperiores aliquid voluptas et consequuntur aut. Sed ea possimus et labore iure quibusdam.', 9, 0, 1, '2017-12-15 01:55:09', '2017-12-15 01:55:12', NULL),
(18, 2, 'Laboriosam saepe odio qui facilis modi magni est.', 'laboriosam-saepe-odio-qui-facilis-modi-magni-est', NULL, 'Natus ad ex sint fuga adipisci commodi. Nemo enim et doloremque eaque et in nihil velit. Reprehenderit enim dolorem non ab nemo repellat. Et omnis eos ipsa quia.', 'Et ipsa aliquid vel qui impedit provident molestias. Officiis eos repudiandae sed non consequatur corporis ipsam. Ipsum ex nesciunt temporibus harum. Enim consequatur numquam quis sunt aut maxime eaque. Asperiores quas delectus nihil aliquid.\nVelit qui architecto dolorem in. Voluptatem veniam nihil quia odio dicta harum. Nihil quam impedit repellat et quis. Repellat qui voluptatem omnis aut.\nImpedit ipsum non sunt ea. Atque blanditiis nulla atque odit ut consequatur. Aliquid dicta deleniti dolorem corrupti magni.\nIllo enim ipsum id vitae in. Voluptatum expedita possimus sint sint.\nMinus at vitae vitae iste commodi omnis qui. Perferendis sunt enim ullam exercitationem. Voluptatem iure nesciunt a ut officia suscipit.\nLabore sunt et cupiditate amet. Esse est reiciendis praesentium rerum saepe facilis labore.\nQui molestiae numquam eos eos recusandae. Id ullam dignissimos doloribus molestiae.', 7, 0, 0, '2017-12-15 01:55:09', '2017-12-15 01:55:12', NULL),
(19, 2, 'Molestiae voluptatem quisquam maiores sed nulla.', 'molestiae-voluptatem-quisquam-maiores-sed-nulla', NULL, 'Ad fuga velit quae necessitatibus et dolor. Laborum vel excepturi molestiae qui totam aut repellat. Dolor repudiandae repudiandae deleniti.', 'Voluptatibus dicta distinctio neque aliquam aspernatur sunt molestias qui. Est qui non officiis voluptates. Molestiae non et cupiditate temporibus numquam sit.\nAdipisci ex qui architecto. Rem sint et repellat veritatis. Officia et incidunt quis esse tempora cupiditate. Aut optio animi rerum dignissimos.\nSapiente quod ab libero deserunt dolorem maxime voluptas. Culpa in non consequatur eveniet. Aut quam non doloremque delectus reiciendis quia cumque. Rem eum a quod reiciendis.\nSuscipit earum officiis nihil id voluptates suscipit et. Delectus ex doloremque enim. Pariatur asperiores autem officia aut qui. Labore consequuntur quis accusamus omnis voluptas eveniet.\nIpsam explicabo itaque et non voluptas ut. Vero qui enim quisquam reiciendis sapiente aperiam ut aut. Error blanditiis eum quia recusandae dignissimos mollitia nemo. Harum fugiat tenetur similique iusto nisi vitae.', 3, 0, 1, '2017-12-15 01:55:09', '2017-12-15 01:55:12', NULL),
(20, 2, 'Eos harum sit officia minus quasi.', 'eos-harum-sit-officia-minus-quasi', NULL, 'Debitis et quam fugiat. Ut blanditiis eveniet aliquid est voluptatem earum. Autem magni assumenda odio neque.', 'Aut repellendus iusto tenetur quo. Harum minus dolor expedita occaecati quam consectetur nostrum. Illum deleniti qui est nihil tenetur. Temporibus quo sint ea veritatis est nobis nisi.\nQuae qui laboriosam beatae molestias quia totam earum et. Voluptatem fugit id nobis magnam dignissimos autem nisi. Eligendi perferendis unde qui fugiat. Pariatur et facere in voluptatem temporibus.\nEt neque ipsum quis deleniti. Doloremque at dolore aperiam mollitia rem architecto quia autem. Consequatur ea eius voluptatem saepe consequatur ea. Accusantium corrupti optio debitis ab sunt. Et id reprehenderit delectus voluptas tenetur a odio.\nAb tempora adipisci iste maxime voluptatem. Consequatur dolorem velit suscipit doloremque et. Neque provident rerum id eius adipisci. Aut enim nihil occaecati architecto esse aperiam illum a. Quis dignissimos minima consequatur cum asperiores.', 9, 0, 0, '2017-12-15 01:55:09', '2017-12-15 01:55:12', NULL),
(21, 3, 'Beatae odio unde necessitatibus aut non eveniet.', 'beatae-odio-unde-necessitatibus-aut-non-eveniet', NULL, 'Molestias sunt cum aut doloremque suscipit accusantium et enim. Enim deserunt occaecati voluptatum voluptatum rerum. Mollitia sunt sed et aperiam sit. Ea ut delectus in dolore eveniet quae beatae.', 'Explicabo minus architecto nemo. Quo odio voluptatem possimus blanditiis. Ratione laudantium ut quo voluptatem tenetur qui.\nQuibusdam eius velit alias qui fugit. Aut aliquid assumenda non aut dignissimos voluptatem. Est tempora quod ex vitae consectetur.\nRem rerum laborum maxime odit. Officia autem asperiores molestias dolorum perspiciatis error. Illo sint quia et consequatur et.\nVoluptas voluptatibus perspiciatis ratione sed quod dolores maxime ipsa. Maiores ea est maxime quis voluptatibus ducimus est dolorem.\nPerspiciatis vitae quas dignissimos placeat velit voluptas accusamus corporis. Et repudiandae molestiae quas corrupti molestiae natus hic. Soluta quibusdam eum enim voluptatibus eius dolores aperiam velit. Maiores reiciendis libero repellat.\nEt consequatur iste non ut quidem ducimus. Voluptas doloribus blanditiis voluptatem ut. Quas ullam quis at est repellendus.', 9, 1, 1, '2017-12-15 01:55:12', '2017-12-15 01:55:14', NULL),
(22, 3, 'Molestiae ratione et sed est.', 'molestiae-ratione-et-sed-est', NULL, 'Quidem et rerum sequi et quidem eos recusandae. Sit aperiam consequuntur ut voluptas eum harum. Perferendis provident ea ratione iusto quia quis.', 'Cupiditate ex adipisci ut mollitia placeat velit. Est maiores cupiditate corrupti rem itaque asperiores excepturi. Dolorem voluptatibus autem ex voluptatem esse ullam.\nRem quis voluptatibus placeat quis. Minima eligendi et et reiciendis eos excepturi. Accusamus quam dolore ut labore repudiandae qui. Earum occaecati eos architecto magni officia modi inventore et.\nVel autem voluptate tempore ut ea aut aut. Maiores consequatur blanditiis consequatur magnam ut deleniti et. Deserunt fugit itaque aut occaecati repudiandae.\nEt sit ut culpa hic magni. Et dolorem quis minima dolorem vero eos ut commodi. Et tempore ut voluptas modi ex maiores.\nCupiditate quidem incidunt ut dolorem fuga amet. Et nam fuga veritatis tenetur. Laudantium est et dolores tenetur error quaerat debitis. Non omnis et quia at.\nEum ratione doloremque eos aspernatur sequi. Minima quia aut neque aut voluptas sit. Tempora dolores esse quidem qui. Impedit fuga vero magnam aspernatur.', 6, 1, 1, '2017-12-15 01:55:12', '2017-12-15 01:55:14', NULL),
(23, 3, 'Optio ullam nam quisquam quia.', 'optio-ullam-nam-quisquam-quia', NULL, 'Deleniti nihil et laborum voluptas accusantium. Blanditiis doloremque cum culpa occaecati doloribus magnam rerum. Non possimus ipsa et nihil ut sit adipisci animi. Aut corporis ut veritatis consequatur eaque.', 'Qui quidem delectus sed doloremque excepturi. Est sit dicta dolore. Nostrum voluptatem debitis quisquam saepe laboriosam reprehenderit. Aperiam veniam exercitationem qui nulla omnis.\nSit et expedita incidunt culpa saepe illo. Officia numquam aut id autem. Et tempora sequi et magni quas dolorem delectus.\nArchitecto accusantium non sit hic. Et repellendus qui mollitia ut. Non eum architecto at totam corrupti.\nRerum aliquam eum ab aspernatur qui quo. Consequatur et aut ducimus ea. Vero ex aut delectus molestias repellat hic aspernatur. Vel eos nulla ut perferendis magnam provident odit.\nNihil ratione reprehenderit quia alias temporibus. Molestiae et rerum eos aspernatur ut. Vel eius expedita sed sapiente consequatur dolor ut.\nLibero ut aut repudiandae asperiores et aut. Dolorum beatae omnis nisi commodi. Voluptatum fugiat sed et non ex.', 2, 0, 0, '2017-12-15 01:55:12', '2017-12-15 01:55:14', NULL),
(24, 3, 'Quas dolores recusandae odit.', 'quas-dolores-recusandae-odit', NULL, 'Vel est veritatis ut molestiae. Id exercitationem quis ut illum omnis. Nesciunt magnam iste saepe debitis numquam.', 'Tempore occaecati debitis dolores similique porro sed laborum. Nihil ut blanditiis nihil molestiae. Qui nulla qui sit cupiditate magnam laboriosam.\nItaque quo ut quia. Voluptas rem atque qui natus eius est architecto. Et sapiente a sunt doloribus consequuntur ut voluptas. Modi id rerum in voluptates odit.\nEt laborum blanditiis dolores repudiandae. Reprehenderit quos molestias dolor sunt vel. Omnis pariatur ut ipsam iste enim libero.\nLaboriosam voluptatum facilis ab quis ab odio. Sed tempora est provident ut ut quibusdam officia. Delectus qui et perferendis cumque aut tempore nihil.\nPraesentium in rem rerum qui sit natus voluptatem rerum. Eum est ullam in nisi mollitia iusto reiciendis velit. Eius sed commodi quaerat fuga minus.\nEsse voluptas exercitationem corrupti voluptas. Debitis sed sed blanditiis reprehenderit unde accusantium sunt. Provident hic veritatis veniam nihil ex ad et laborum.', 5, 1, 0, '2017-12-15 01:55:12', '2017-12-15 01:55:14', NULL),
(25, 3, 'Odit porro dolor optio illum.', 'odit-porro-dolor-optio-illum', NULL, 'Voluptatum laboriosam laboriosam mollitia dicta laborum mollitia. Velit quo quia eum et dolor fugit. Sint est necessitatibus vel impedit eum impedit.', 'Nostrum perspiciatis iure ex nobis fugiat. Aliquid possimus qui rem dolorem reprehenderit. Perspiciatis dolorem enim libero quia. Voluptatum totam quo et.\nModi ut quos nam ab in doloremque. Nulla quisquam non non quam veritatis ipsa. Voluptatem qui fugiat iure nesciunt occaecati magnam voluptatum eum.\nOdio voluptas odio voluptatem a blanditiis blanditiis. Nam modi expedita excepturi qui est. Aut aliquam est autem vel rerum numquam. Rerum voluptas accusamus aut quidem sint.\nQuia nemo cupiditate unde dolorem accusamus. Iure laboriosam aut distinctio. Aut enim excepturi labore dolores quo quaerat quod. Eum est ut ut atque. Dolorem excepturi non inventore fugit et sequi.\nEt expedita suscipit recusandae et. Nam ipsam et sed aut assumenda. Qui facilis cum ea. Dolore sed rerum repellendus facere officia quia.', 10, 0, 0, '2017-12-15 01:55:12', '2017-12-15 01:55:14', NULL),
(26, 3, 'Eos iure soluta qui debitis.', 'eos-iure-soluta-qui-debitis', NULL, 'Qui aut deserunt similique delectus. Nostrum nesciunt earum nihil eaque quia cumque odio vel. Perspiciatis dolor sed esse accusamus delectus. Odit repudiandae voluptatum molestiae quas alias nam.', 'Voluptates iusto dolorem qui expedita. Accusamus ratione molestias omnis sed. Et perspiciatis nesciunt laboriosam dolore.\nProvident est molestias iusto sequi. Aut consequatur dolorem rerum reiciendis dolores est qui aut. Eum fuga qui nihil aut vel quam libero. Labore laboriosam vel et at ut.\nSapiente voluptas natus sapiente tempore voluptatibus quos est qui. Voluptas omnis qui et. Temporibus cum odit sint fugiat rerum accusantium.\nNihil corporis et adipisci consectetur porro. Inventore voluptates qui reiciendis alias dolor est. Qui explicabo vel molestias placeat consequuntur voluptate.\nLabore itaque illum qui architecto quo quod. Sed consectetur magni illo. Vel sint aliquid aut vero.\nTemporibus aut quod neque earum veniam sit sed. Qui voluptatem beatae et ullam. Cupiditate laboriosam nihil veritatis rerum distinctio.', 5, 0, 0, '2017-12-15 01:55:12', '2017-12-15 01:55:14', NULL),
(27, 3, 'Enim voluptas et doloribus quis voluptatem dolor.', 'enim-voluptas-et-doloribus-quis-voluptatem-dolor', NULL, 'Id cum fugiat aut voluptatibus et dolor tempore. Repellendus odio quidem earum vel pariatur libero nobis. Laudantium ipsum eaque maxime sunt ipsum recusandae. Reprehenderit odit ut aut qui et at. Non qui dolore quisquam ad quas.', 'Facilis qui et voluptate accusamus. Et aut nisi voluptas delectus repudiandae fugiat ut. Cum consequatur vel voluptatem qui natus ratione facilis.\nAmet voluptates soluta dolor consequuntur facere. Quia quo quibusdam maiores dolorem ut perspiciatis dolores et. Nihil iste voluptas assumenda necessitatibus culpa qui provident quia. Minima ea quia qui aut.\nRem accusamus ex suscipit autem totam vel voluptas neque. Quidem velit enim totam consectetur in non aut. Ut alias minus nihil autem aut. Eveniet deleniti et laudantium omnis. Aliquam nisi accusantium eaque similique rem illo.\nQui doloribus facere ea laboriosam veritatis dicta amet. Voluptas laudantium doloribus et. Et corporis eius sequi sint. Porro consequatur consequuntur quidem consectetur ea aut et.\nDignissimos rerum omnis voluptas quod enim amet laborum molestias. Aspernatur eligendi et magnam totam.', 3, 0, 0, '2017-12-15 01:55:12', '2017-12-15 01:55:14', NULL),
(28, 3, 'Labore et cum maxime sit maxime aperiam fugiat.', 'labore-et-cum-maxime-sit-maxime-aperiam-fugiat', NULL, 'Aut odio temporibus commodi reprehenderit vitae omnis. Quia pariatur quidem exercitationem est. Iure optio voluptate et voluptatem et odio est. Ut adipisci et quod quia a.', 'Ullam ea voluptatem qui incidunt amet. Doloribus saepe molestiae voluptas iste blanditiis enim velit. Consequatur sapiente minima aut qui dolorem quia officia.\nEt tempore quae eum quas assumenda dolorem. Rem earum eos sit magni iure inventore quis cum.\nSint repellendus rerum voluptates. Itaque labore impedit autem explicabo. Qui iusto commodi maxime incidunt quia.\nTotam ex ut sed ea reiciendis odit repellat. Consequatur praesentium blanditiis ullam eum ut ea nisi. Fugiat quod recusandae sint est corrupti dolorum quia.\nIpsum ipsam est enim ratione. Officiis quae quia itaque porro reiciendis.\nAliquid voluptate ea voluptatem reprehenderit ea. Vitae vitae autem qui placeat sunt molestiae non quasi.\nQuo illo commodi dignissimos doloribus numquam quae quis. Ab dicta est delectus et sit. Laboriosam sunt aspernatur quia nemo.', 5, 1, 1, '2017-12-15 01:55:12', '2017-12-15 01:55:14', NULL),
(29, 3, 'Distinctio dolorum aut est fugiat.', 'distinctio-dolorum-aut-est-fugiat', NULL, 'Illo id qui nemo doloribus perferendis itaque. Corrupti commodi officiis est at accusantium.', 'Molestias repudiandae ab reiciendis incidunt. Laudantium voluptate exercitationem fugiat deleniti consequatur dolor dicta. Voluptas temporibus sit quis ab earum excepturi nesciunt harum.\nHic molestiae mollitia repudiandae voluptates. Vel ut vel sit repellendus facere. Sequi nobis sed a est consectetur cupiditate. Nesciunt nulla reprehenderit sed fugit dicta nisi architecto.\nOmnis ab corrupti assumenda ratione. Non aperiam architecto quaerat blanditiis iusto itaque ex.\nAccusantium sequi quia occaecati repellat voluptatem magnam. Accusantium repellendus hic laborum. Error qui sunt ut. Unde non qui distinctio sunt dolorem.\nNobis nostrum repudiandae officiis provident explicabo eveniet. Consequatur non fugit animi. Consequatur inventore qui perspiciatis odio ut.\nSint quis laborum et fuga repudiandae. Non in ab reprehenderit dignissimos neque. Corporis praesentium ipsam illum illum voluptatum praesentium magnam. Libero est qui asperiores error ipsam.', 5, 0, 0, '2017-12-15 01:55:12', '2017-12-15 01:55:14', NULL);
INSERT INTO `lessons` (`id`, `course_id`, `title`, `slug`, `lesson_image`, `short_text`, `full_text`, `position`, `free_lesson`, `published`, `created_at`, `updated_at`, `deleted_at`) VALUES
(30, 3, 'Error maxime cumque autem vero officiis.', 'error-maxime-cumque-autem-vero-officiis', NULL, 'Amet quasi maiores sed est est et harum. Illum accusantium ea aut iste voluptate doloremque. Quis sed consequatur suscipit exercitationem ex aut. Accusamus in libero non voluptatibus nulla est nemo.', 'Nostrum praesentium pariatur facilis. Velit ut ullam commodi et qui. Ut vitae nesciunt in ea. Delectus impedit dolores repellat sit. Accusamus ea nam fugit est eius aspernatur cum.\nAliquid vitae quos saepe quasi eveniet placeat. Repudiandae necessitatibus itaque et. Id voluptatem et magnam corporis dolorem rem. Libero repudiandae at ducimus alias. Dolor ut molestiae neque earum voluptas tenetur hic.\nEst autem velit laboriosam id. Nihil qui laboriosam repellat placeat nam architecto. Sed commodi nisi voluptatum incidunt. Ad id ut dolores. Repudiandae animi non dignissimos vitae non.\nMolestiae aut molestias in veritatis repellendus aut minima. Et aspernatur tempore ut odit quo ipsum. Eaque dignissimos magnam nisi voluptatem ex magnam sit. Animi atque architecto earum omnis facere praesentium similique.', 7, 1, 1, '2017-12-15 01:55:12', '2017-12-15 01:55:14', NULL),
(31, 4, 'Tempora corrupti quaerat et.', 'tempora-corrupti-quaerat-et', NULL, 'Est ea qui necessitatibus labore. Mollitia nam quidem nostrum ut eos sed omnis nam. Fuga et minus voluptatum quam qui totam. Quaerat minus consequuntur earum.', 'Voluptas voluptatem et laborum eaque. Non commodi sed quidem sunt. Facilis molestias incidunt beatae id.\nOdit et et aut corporis impedit. Exercitationem voluptas eum porro sunt suscipit nihil. Unde nesciunt assumenda nostrum quisquam. Quaerat voluptatem et eos laboriosam.\nEaque eius assumenda et rem. Ut quia reiciendis inventore qui. Quaerat accusantium vel necessitatibus. Facilis cumque corrupti autem. Rerum architecto ducimus sit quia.\nQui quas itaque iste omnis ab. Ipsum eveniet blanditiis iusto fuga. At fuga et rerum voluptates.\nNihil asperiores est omnis eos eos voluptatum. Architecto nobis aut aspernatur at. Magni fugit suscipit totam itaque aut sunt neque eius.\nFacere natus quos et similique error. Quas qui voluptatibus dolores nihil et nam qui. Et vitae beatae sapiente et accusamus reiciendis magni excepturi. Veritatis nobis aut dicta voluptas cum laboriosam.', 3, 0, 0, '2017-12-15 01:55:14', '2017-12-15 01:55:16', NULL),
(32, 4, 'Voluptatem odio inventore soluta excepturi harum.', 'voluptatem-odio-inventore-soluta-excepturi-harum', NULL, 'Maiores quis occaecati et aliquid modi quibusdam. Deserunt error corporis amet itaque neque similique magni. Ullam et non aspernatur.', 'Officia qui eaque et sequi autem qui. Dignissimos vel sed illo veniam.\nInventore cupiditate maxime repellat asperiores quaerat. Inventore omnis vel voluptates iste nihil in aspernatur. At ipsam in quisquam voluptatem rem iusto fugit. Quo reprehenderit sunt neque iusto.\nVoluptates quas quibusdam consequatur enim ipsum magni molestias. Ipsa illo soluta rem eius sequi omnis qui.\nMaxime sed et ab vel temporibus quasi unde. Libero doloremque dolorem id nihil repellendus quia fugit. Et inventore est exercitationem fuga tempora.\nRepudiandae et molestiae fugiat eaque vitae eligendi dignissimos. Iure quas quos veritatis voluptas deleniti. Dolorum nam nobis doloremque.\nAperiam maiores dignissimos qui et. Veritatis fuga fugiat ducimus quia qui illum. Accusantium odio optio iusto voluptas.\nProvident cum voluptate eum voluptas. Amet delectus quaerat ad molestiae minus. Repudiandae vel labore minus rerum.', 8, 1, 0, '2017-12-15 01:55:14', '2017-12-15 01:55:16', NULL),
(33, 4, 'Maxime at repellendus quaerat qui aut.', 'maxime-at-repellendus-quaerat-qui-aut', NULL, 'Itaque at qui exercitationem qui exercitationem. Fugiat est hic et voluptatum. Dolor unde dolor fugit.', 'In velit qui ipsum minus. Ipsam ex ut eveniet reprehenderit totam blanditiis. Dolores ad voluptatem deserunt id quam porro.\nNostrum vel dolores quia est et optio. Qui et quisquam exercitationem exercitationem qui quo. Placeat culpa blanditiis qui sed nemo culpa. Amet officia dicta voluptatem consectetur velit fuga sed quisquam.\nIpsa tenetur ab beatae quia ullam. Vero quos sequi reiciendis modi qui officiis. Mollitia libero earum tempora sit molestiae velit earum. Voluptas quae hic et unde tempora.\nOfficiis qui nostrum sequi consequuntur. Autem commodi ea tenetur sapiente voluptas tempora necessitatibus.\nDignissimos quisquam ratione corrupti modi laudantium est. Perferendis repudiandae nobis quia blanditiis velit. Ea dolore quo officia voluptatem rerum rerum.', 1, 1, 0, '2017-12-15 01:55:14', '2017-12-15 01:55:16', NULL),
(34, 4, 'Quia voluptas sint non omnis.', 'quia-voluptas-sint-non-omnis', NULL, 'Quas sed ipsam neque laboriosam accusamus. Officia in quaerat et quod eum. Aut at itaque voluptas nihil aut.', 'Deserunt officiis error sint quasi saepe et harum. Natus facilis eius voluptatem est qui eaque similique. Est architecto hic vero sed consectetur non maxime.\nLaboriosam et adipisci autem quia recusandae corporis sed. Aspernatur exercitationem dolores laudantium numquam qui. Eligendi sit ut ut ipsum fugiat qui. Enim eos nostrum voluptatem.\nCommodi ut repellendus optio aperiam doloribus molestias et. Qui possimus architecto impedit ipsa et eum sunt. Eius non ex sunt non quibusdam.\nUnde voluptatem voluptatem quia qui consequatur ad temporibus molestiae. Saepe eveniet et dolorem. Eius accusantium corporis voluptas accusamus. Est est velit qui quo ipsum incidunt excepturi.\nEt non fugit et tempore eos unde ea. Eos ut voluptatem omnis officia qui in. Est quas et quaerat dolor. Quae quisquam et voluptas eaque quam molestiae ut.\nNam quia doloremque veritatis aliquid optio. Ipsum quam et qui quaerat explicabo aut.', 2, 1, 1, '2017-12-15 01:55:14', '2017-12-15 01:55:16', NULL),
(35, 4, 'Modi voluptate tempora aut molestiae.', 'modi-voluptate-tempora-aut-molestiae', NULL, 'Eum ipsa quam et et. Aspernatur expedita voluptatem voluptas quia et repellendus quia. Harum qui eveniet perspiciatis. Quibusdam maiores itaque consequuntur et qui inventore voluptatem. Ipsam omnis ex nihil.', 'Modi quos reiciendis explicabo quod. Magni dolor excepturi suscipit molestiae. Quia praesentium placeat odio quos atque velit dolore.\nSint dicta et atque quidem beatae molestias nisi maiores. Fugiat neque commodi possimus at et. Nostrum consectetur iste ea error omnis facere ea. Architecto magni reprehenderit nihil qui officia animi mollitia laborum. Ipsa minima error officia quam in quam repellat.\nSequi quibusdam rerum repellendus quisquam quae inventore cupiditate quidem. Nihil quidem non alias ut minima. Voluptas tempore saepe dolorem aut est. Sed ab nesciunt deleniti accusantium aliquam.\nHarum dicta at rerum. Illo aut quidem qui. Placeat et suscipit quasi possimus voluptate et expedita. Nobis exercitationem labore commodi et. Quia et dolorum facere id ab.\nAnimi consequatur qui quia quam voluptatem nihil animi accusantium. Quae voluptatem enim earum. Enim omnis voluptatibus quisquam esse architecto sit sit.', 3, 0, 0, '2017-12-15 01:55:14', '2017-12-15 01:55:16', NULL),
(36, 4, 'Explicabo qui temporibus asperiores est id.', 'explicabo-qui-temporibus-asperiores-est-id', NULL, 'Neque nemo dolores nisi dignissimos totam omnis id. Deleniti ex possimus dignissimos veniam. Nobis quo accusamus dolore eligendi id perferendis recusandae dolorem.', 'Sed blanditiis et perspiciatis omnis. Architecto qui quo autem totam sint voluptate. Quibusdam voluptatem quia nulla eveniet suscipit suscipit quibusdam. Omnis quas sunt id in ut.\nReprehenderit quisquam dolorum reiciendis eum facere ex nisi. Magnam quos adipisci velit ea officia praesentium.\nTempora fugit modi quae ex. Pariatur et repellat quos quo eos voluptatem. Architecto magnam id quisquam qui nobis odit vel.\nEum quae aut adipisci impedit corrupti itaque asperiores eligendi. Sit neque dolores omnis excepturi mollitia omnis officiis blanditiis. Sit amet sed voluptatem velit quo quis aut.\nRepellendus ipsa est similique sed deserunt est. Ut dolore ut dolores eos aut. Cum fuga dolores autem sed. Sint doloribus dicta dicta excepturi et.\nQuos porro et atque sit eius velit ut. Deleniti officia officia error tempore et quaerat. Excepturi inventore illo qui.', 3, 0, 1, '2017-12-15 01:55:14', '2017-12-15 01:55:16', NULL),
(37, 4, 'In reiciendis maxime perspiciatis.', 'in-reiciendis-maxime-perspiciatis', NULL, 'Iure recusandae consequatur qui facere asperiores sed suscipit. Quo et dolores necessitatibus nostrum tempora esse ipsa. Deleniti dolores illo quae ea facilis aut alias.', 'Iste ea et sit sed. Quisquam neque vel qui quos ut voluptate. Neque cupiditate consequatur aut officia. Quos sint nesciunt distinctio et.\nExercitationem veritatis consequatur fugit aliquam quidem tenetur consectetur qui. Delectus voluptatem quia veritatis perspiciatis dolor aliquid quod. Voluptatem pariatur velit facilis ut sapiente ut.\nFacere harum nihil eum dolores qui deleniti. Optio tempora placeat iste vel labore. Molestiae deserunt eum nemo non facilis.\nIn ea voluptatem fugiat ipsum voluptate iusto. Inventore necessitatibus corporis fugit et. Sed voluptatum minus eos rem.\nVoluptatum recusandae id consequatur vitae id natus in. Nulla in iure possimus tempore quasi possimus. Doloribus repudiandae quis ratione ipsa in sed. Aut officia perspiciatis enim eos accusantium architecto fugit.\nEnim voluptatem impedit dolorem. Possimus deserunt necessitatibus quisquam sint. At dolor deleniti quod dolores dolorem ut. Magni consequatur quas quis eum.', 6, 1, 1, '2017-12-15 01:55:15', '2017-12-15 01:55:16', NULL),
(38, 4, 'Voluptas excepturi qui commodi.', 'voluptas-excepturi-qui-commodi', NULL, 'Ut error voluptatem eum aut quae. Soluta quos quam odio ullam. Aut ipsa deserunt sit sed molestiae consequatur quia.', 'Similique reiciendis dolorem deleniti illo. Sit cum totam aut commodi. At ad fugiat omnis consequuntur tempore perspiciatis.\nEst et fuga quia modi cupiditate. Ab perferendis tenetur voluptates exercitationem. Sit tempora voluptatem ducimus est dolores. Magnam fugit corrupti assumenda reiciendis rerum consequatur et.\nNeque rerum tenetur ab aperiam veritatis expedita sit. Quisquam est quis natus est rem dolorem blanditiis. Consequuntur nisi dolore placeat et sit distinctio omnis.\nEt quos ut rerum dolor vitae et qui. Quo quia beatae rem et saepe exercitationem accusantium. Velit quia recusandae doloremque harum quibusdam.\nEum amet in eos nam eligendi sapiente maiores voluptas. Saepe non expedita fuga voluptates similique. Praesentium aut eius rerum voluptas eligendi. Doloremque explicabo qui consequatur.\nPorro nihil similique dolorem adipisci reprehenderit odio blanditiis. Est aut quia voluptas et nostrum. Accusantium sed deserunt harum labore.', 2, 0, 0, '2017-12-15 01:55:15', '2017-12-15 01:55:17', NULL),
(39, 4, 'Ex maxime dolorum est nobis facilis.', 'ex-maxime-dolorum-est-nobis-facilis', NULL, 'At explicabo blanditiis ratione vel voluptates. Est explicabo eos veritatis asperiores cupiditate. Mollitia aliquid repellendus quod quod.', 'Non dolor est quam ipsam laboriosam dolore recusandae. Ea ut dolorem totam velit ut. Aut quibusdam labore est blanditiis sit officia voluptatibus delectus.\nOdit modi ducimus ipsum veniam molestiae optio. Voluptates non voluptatum ut temporibus deleniti non. Occaecati quo totam facere quas soluta accusamus. Consequuntur eum magnam sunt expedita ipsum.\nConsequatur deserunt delectus et. Minus ut officiis et laboriosam veritatis commodi maxime. Consequatur doloribus et aut voluptatibus aut. Itaque quia et sequi beatae natus.\nNobis quas incidunt architecto consequatur sed est quisquam assumenda. Incidunt saepe incidunt asperiores inventore ut est velit reprehenderit. Nobis ut quo et ut aut.\nNon est ut laudantium consequatur ut quasi. Maxime minus corporis earum sequi. Aut nostrum illum quibusdam est tenetur quia.\nSunt optio tempore sed iusto nisi repudiandae. Adipisci non quia rerum aut. Sunt assumenda et impedit consequatur. Pariatur sint velit reiciendis debitis et aut consequuntur.', 2, 1, 1, '2017-12-15 01:55:15', '2017-12-15 01:55:17', NULL),
(40, 4, 'Voluptas voluptas amet in labore vel ipsum quia.', 'voluptas-voluptas-amet-in-labore-vel-ipsum-quia', NULL, 'Eaque occaecati laboriosam exercitationem quis neque. Qui quasi praesentium optio omnis voluptas aut deserunt. Nihil fugiat corporis molestias consequuntur assumenda quo. Sapiente illum sequi reiciendis at.', 'Ex autem aut quod voluptate ducimus. Nisi aspernatur dicta eveniet. Maxime eum qui magnam soluta perferendis eveniet magni. Culpa culpa similique dolores et nisi id.\nDeserunt odio repudiandae quia enim. Excepturi architecto voluptate porro ut. Eligendi aut quis inventore voluptatem enim sapiente eos. Ab ea molestiae iure.\nDucimus optio ullam aut. Aut sit debitis perspiciatis. Omnis est animi assumenda officia earum et. Esse ut aspernatur id voluptates est ad.\nOdio vitae iusto distinctio odit ipsa nemo. Ducimus nostrum voluptatem aliquam non laboriosam non perferendis. Commodi ea id qui officiis non est.\nAut repudiandae voluptatem tempore ea consequatur alias. Asperiores exercitationem similique ipsam. Qui quas voluptatem quo hic. Quaerat sunt amet est ducimus nobis qui.\nRerum vel corrupti officia nisi enim debitis minus. Voluptatem rem in et eos tempore distinctio voluptatum. Rerum omnis voluptas repudiandae aliquid nihil est ducimus distinctio.', 10, 0, 1, '2017-12-15 01:55:15', '2017-12-15 01:55:17', NULL),
(41, 5, 'Est non et est officia pariatur quos sunt.', 'est-non-et-est-officia-pariatur-quos-sunt', NULL, 'Eos non et enim et. Qui aperiam numquam ut aliquid voluptatem. Cum consequatur dolor accusantium rerum.', 'Rem et ut vitae quo adipisci blanditiis velit et. Veritatis et aut omnis aut a expedita molestiae. Alias porro et et at. Veniam quas id quos.\nVoluptates consequatur illo fugiat est et harum adipisci voluptates. Quia fugit amet fugiat ad. Ipsa vel dolorem qui voluptatem id id minima.\nNisi nesciunt amet possimus. Pariatur velit reprehenderit ut est. Quia deserunt molestiae aut recusandae officiis. Quae ad deleniti quia accusantium optio.\nNam aliquid ad nesciunt magnam. Sapiente ullam incidunt reprehenderit mollitia reiciendis non. Voluptatum enim voluptatem rem qui. Illum harum id repellendus distinctio.\nSequi numquam distinctio saepe voluptas numquam repellat. Non accusamus qui facere eveniet dolor dolores vel.\nEa nihil qui sit tenetur nobis et. Voluptas et aut ea natus sit nostrum ea libero. Voluptatibus sed rerum itaque et porro voluptates commodi et. Eum eum qui qui accusantium temporibus est.', 4, 0, 0, '2017-12-15 01:55:17', '2017-12-15 01:55:19', NULL),
(42, 5, 'Et quia at alias veniam voluptatem est quia.', 'et-quia-at-alias-veniam-voluptatem-est-quia', NULL, 'Aliquid omnis impedit repudiandae illum. Velit odit omnis corrupti suscipit. Expedita ea voluptatem dolores voluptatem ut aliquid accusantium temporibus.', 'Ut deserunt quidem minima architecto adipisci animi. Repellendus architecto et explicabo sit voluptatum. Et harum est quae culpa reprehenderit quis est.\nUt neque aut iusto aliquam. Ut reiciendis expedita distinctio nihil officiis architecto.\nAccusantium sint et dolorem nisi. Voluptatem dolorem aut corporis quidem nesciunt voluptatum iusto. Et sunt enim ducimus.\nConsequatur quia molestiae quibusdam ullam tenetur. Sequi quia temporibus eum saepe officia quidem temporibus. Veniam expedita et sit provident officia amet. Velit non delectus quae voluptatem.\nEt impedit distinctio est. Ut omnis magnam eos pariatur culpa dolorem. Ut dicta deserunt corporis. Iusto consectetur quia nisi reiciendis ipsa.\nEt eum ex nihil consequatur similique voluptas. Libero error reiciendis quidem consectetur consequatur repellendus. Modi aut laborum maxime earum aut omnis.\nEsse est et sunt ullam similique. Sint iusto delectus assumenda ad quae. Quo accusamus fugit ut maxime consequatur quos.', 1, 0, 1, '2017-12-15 01:55:17', '2017-12-15 01:55:19', NULL),
(43, 5, 'Minima et sed nihil cupiditate.', 'minima-et-sed-nihil-cupiditate', NULL, 'Et rerum sint optio dolores ad earum id. Magni eum necessitatibus deleniti sint sed sit qui. Similique necessitatibus reprehenderit ipsa veritatis aut ut.', 'Et sit aliquid nemo asperiores. Fuga et odio facere et voluptatem. Aliquid vero ea cupiditate expedita. Porro eveniet provident autem.\nQuidem corporis voluptas fuga voluptate fugiat natus. Accusantium repellat dicta odio numquam. Aspernatur est occaecati aut non. Ullam rerum perferendis adipisci odit quisquam sed. Sed cum incidunt iste tenetur consequuntur perspiciatis itaque.\nEsse eum omnis et aliquam necessitatibus. Aut est possimus dicta ea ducimus. Aliquid non eveniet velit error architecto saepe.\nEa placeat voluptatem ducimus sit culpa facere et. Sequi ut veritatis magni eum facilis. Odio eius rerum saepe quod voluptatum et rem. Fuga ab qui aspernatur possimus dolor.\nDolor deleniti tempore quia non ipsum repellendus sunt. Corrupti tenetur non ipsa est voluptatem doloremque quae. In voluptatum reprehenderit accusamus autem debitis officiis numquam.', 6, 0, 1, '2017-12-15 01:55:17', '2017-12-15 01:55:19', NULL),
(44, 5, 'Quidem iste itaque aliquid maiores quas.', 'quidem-iste-itaque-aliquid-maiores-quas', NULL, 'Reprehenderit adipisci accusantium rerum laboriosam. Maxime qui qui enim minima omnis est. Ipsam praesentium aut voluptatum voluptate beatae incidunt.', 'Doloribus dolor quisquam accusantium qui. Est animi voluptas culpa dolorem nam. Nam beatae in explicabo perferendis.\nDeserunt earum sed qui omnis. Occaecati quia veritatis consectetur quia molestias. Ad ratione necessitatibus unde fuga qui deserunt quo.\nDolores quam et et ad voluptatem expedita saepe. Quas est ea dignissimos voluptatem quia et inventore. Nihil voluptatibus totam quia omnis. Voluptatem voluptatibus dolore optio. Nihil ullam dignissimos deleniti fugiat exercitationem.\nPlaceat illo ea odio omnis sint maxime at accusantium. Et enim consequuntur rerum tempora porro eum. Facere et ea deserunt voluptates quia repudiandae aliquid. Quia et minus dolore et.\nEt id libero fugit repellat deleniti dicta vel adipisci. Dolorum omnis quibusdam unde cum. Quos corporis et alias distinctio commodi aut tenetur.\nLaboriosam doloremque similique animi. Numquam sit eum quam aliquid. Necessitatibus in quam magni est provident quisquam omnis. Reprehenderit a reprehenderit et qui aut.', 9, 1, 1, '2017-12-15 01:55:17', '2017-12-15 01:55:19', NULL),
(45, 5, 'Recusandae nihil in amet deleniti occaecati.', 'recusandae-nihil-in-amet-deleniti-occaecati', NULL, 'Aut nisi nobis et quibusdam. Sequi fugit maxime corporis at ea quia possimus. In aliquam earum natus reiciendis tempore. Nihil doloremque omnis dolorem velit praesentium. Ut asperiores id dolor quasi ad.', 'Officiis voluptate voluptas dolore atque eos. Voluptates sunt occaecati minus aspernatur libero dolorem et. Exercitationem voluptatum adipisci dignissimos explicabo et ullam omnis.\nNemo officia voluptatem voluptatibus sed ducimus dolorum quo. Et est quod ea minima perspiciatis aut aut. Beatae ab modi ea quaerat sunt omnis. Aut qui fugiat molestiae doloremque vel incidunt sequi.\nSaepe dolores vitae illo temporibus consequatur modi. Est illo incidunt tempora eius et unde animi.\nAutem blanditiis iusto distinctio voluptas ut. Autem autem laborum eum nihil et.\nVoluptates laudantium quod non vitae vero et vel. Itaque et necessitatibus et ratione. Architecto vel et nisi. Sed non excepturi quae tempore. Officiis odio libero quas ab.\nEaque nulla at voluptatum facere adipisci ut corporis. Qui nulla iusto animi est. Non qui eligendi molestiae in illum mollitia.\nVel facilis velit quam quibusdam doloremque adipisci laborum. Et officiis voluptate distinctio eius asperiores.', 10, 0, 1, '2017-12-15 01:55:17', '2017-12-15 01:55:20', NULL),
(46, 5, 'Optio omnis quas neque minima ut iste.', 'optio-omnis-quas-neque-minima-ut-iste', NULL, 'Provident sint qui sit et eum. Voluptate et aut est quas eum.', 'Est et est dolores ea mollitia incidunt. Sed est officiis laborum maiores labore cupiditate blanditiis. Impedit molestiae vero aut ullam vero et. Et porro repellat aut magni consectetur beatae.\nUt molestiae porro nisi doloremque. Autem voluptas sit omnis. Necessitatibus quas libero sint veniam aspernatur. Sed delectus ut voluptas facere.\nEaque dolor reiciendis temporibus deleniti quia eum sint. Perspiciatis illum assumenda laborum sunt ratione. Ut repellendus est dolorum aut.\nNecessitatibus dolorem culpa error aliquam. Cumque quia sed veniam. Adipisci voluptatem at qui nihil. Non ut tempore tempore esse impedit.\nVoluptas non totam ratione aperiam. Voluptatem aut rerum quod laboriosam. Odit suscipit qui labore. Nobis quia quasi non qui quaerat. Esse animi in dolorum facere omnis adipisci.\nQuos voluptate et nihil voluptate. Accusantium eligendi velit voluptatum excepturi minus optio. Blanditiis amet officiis ab est molestiae fugit maxime.', 8, 0, 0, '2017-12-15 01:55:17', '2017-12-15 01:55:20', NULL),
(47, 5, 'Repudiandae quia dicta dolorem et.', 'repudiandae-quia-dicta-dolorem-et', NULL, 'Ducimus optio quo eligendi ipsa delectus et velit. Reiciendis animi quo ducimus accusantium sint quia harum. Cum veniam sint magni ut sit officia labore.', 'Sit assumenda mollitia ab laborum qui. Neque eius reiciendis qui totam eveniet. Consequatur nobis quasi vel. Consequatur dolores perferendis ducimus earum autem ducimus.\nMinus dolor cumque ad cupiditate eos. Et eos et voluptates iusto eos exercitationem provident. Tempora qui molestiae quia.\nExplicabo consectetur sunt tempora occaecati. Voluptas deserunt repellendus explicabo et ullam. Error voluptatem excepturi voluptas provident sapiente.\nFacilis consequatur non ut qui dolores. Non id voluptatum consequatur non. Repellat mollitia atque repellendus voluptatum architecto minus. Dolor voluptate at quidem officiis. Placeat quasi delectus officiis.\nEst inventore sit aut corporis dolor. Maiores in voluptas eum odio neque natus. In earum perferendis totam neque assumenda aliquid et.\nDolorum qui et harum vitae modi illum et consequuntur. Corrupti minus nobis magnam eaque autem adipisci rerum. Fugit unde repellendus et nisi vel aperiam. Vero nihil vel iure eum praesentium id.', 9, 0, 1, '2017-12-15 01:55:17', '2017-12-15 01:55:20', NULL),
(48, 5, 'Amet sequi iusto illum et est qui non.', 'amet-sequi-iusto-illum-et-est-qui-non', NULL, 'Beatae rerum reiciendis sit nostrum modi explicabo fugit. Temporibus tempore delectus quam atque adipisci quia laborum. Deserunt occaecati suscipit sint ut.', 'Numquam odio qui minus quas suscipit. Illum dolor soluta reiciendis exercitationem optio dolorum nobis nisi. Accusantium quaerat est eaque qui. Eum voluptatibus tenetur quis mollitia omnis facilis. Ad veritatis et est ab cumque voluptatum delectus.\nVoluptates qui assumenda repellendus voluptas et. At odit odio beatae assumenda quis et harum. Perspiciatis ab labore non perspiciatis autem exercitationem. Aut est quia iusto voluptatibus quaerat.\nHic quis expedita excepturi sit et dolor. Soluta deleniti quae velit vitae accusamus eum.\nMaxime ut hic voluptatem autem. Est rerum quia molestias qui qui aperiam velit. Quia dolorem ipsum aut earum voluptatem.\nEum et aut quis temporibus iure et illo. Tempora cumque et quibusdam eius nesciunt accusantium et. Deserunt maxime quaerat enim ipsum ut ea. Reprehenderit ipsum velit architecto nostrum rerum est ipsam. Ab eligendi soluta similique dolor cum nihil quis.', 5, 0, 1, '2017-12-15 01:55:17', '2017-12-15 01:55:20', NULL),
(49, 5, 'Est hic laborum sed et omnis.', 'est-hic-laborum-sed-et-omnis', NULL, 'Omnis perspiciatis veniam ut ullam vitae ad rerum. Itaque quia inventore neque facilis qui sequi veritatis. Ut voluptas ipsam delectus unde enim ipsam officiis. Magnam possimus qui velit possimus est corrupti aut. Beatae autem et voluptatem laborum dicta occaecati.', 'Quis omnis quod ipsum dignissimos. Beatae laborum possimus architecto in. Facere quo temporibus modi occaecati harum ea. Et quis praesentium consequatur et non sed. Numquam qui ratione tenetur quasi.\nDebitis voluptate autem hic voluptate. Et tenetur mollitia sit.\nNon omnis temporibus veniam perferendis ipsum laboriosam. Nobis provident ea et nobis. Et dolorum voluptatem sed consequatur qui. Quisquam quo delectus qui impedit voluptate. Illo necessitatibus labore distinctio unde quia quas.\nEst quis dicta quasi et. Distinctio omnis eum praesentium fuga enim fuga. Quidem cum illo aut mollitia. Illo tempora consequatur qui.\nUt molestiae ad molestiae velit. Accusantium nam facilis est ut vero dolores et. Molestiae quos fugit est neque laudantium qui.\nEst placeat explicabo quis a harum. Qui vitae saepe excepturi in. Quia magnam laudantium qui veniam enim voluptatibus quo. Officiis repellendus eum maiores aliquam. Fugiat iusto voluptate qui a autem commodi modi expedita.', 7, 1, 0, '2017-12-15 01:55:17', '2017-12-15 01:55:20', NULL),
(50, 5, 'Qui quia sit sit ea.', 'qui-quia-sit-sit-ea', NULL, 'Vel voluptatem distinctio culpa dolor doloribus quis asperiores. Sapiente magni repellat veritatis aliquid possimus libero enim qui. Molestiae et illo reprehenderit voluptatibus molestiae quia ratione.', 'Culpa corrupti at nesciunt tenetur tempore. Consequatur sit consequatur dolor quia. Consequatur enim velit quas nemo tempora nihil nobis eos. Tempora consequatur et enim cumque quisquam asperiores laborum.\nMollitia voluptatem nisi quae quas possimus. Et qui mollitia repellat tempore et. Asperiores autem perferendis et itaque. Animi eaque et doloremque.\nPorro quibusdam iusto eos ut magni id rerum. Consequuntur blanditiis ex in similique ut.\nOdio omnis illo ad architecto molestiae molestias neque. Necessitatibus quia sint dolores atque vitae maiores. Delectus provident atque tempora sit. Quibusdam soluta corrupti debitis rerum.\nAutem nam animi voluptas qui tempore. Ratione dolores quasi quia maiores asperiores et quibusdam. Facere aspernatur quidem aspernatur pariatur. Nulla ullam quia quasi.\nAlias officia dolores perspiciatis iste pariatur qui eum. Fugiat doloremque ab dolorem ipsa quasi.', 8, 0, 1, '2017-12-15 01:55:17', '2017-12-15 01:55:20', NULL),
(51, 6, 'pemjumlahan', 'penjumlahan', '1513499747-greeting.jpg', 'ini pernjumlahan', '<p>disini materi penjumlahan</p>', 1, 1, 1, '2017-12-17 01:35:47', '2017-12-17 01:35:47', NULL),
(52, 7, 'Greeting', 'Greeting', '1513500715-greeting.jpg', 'Di dalam kehidupan sehari-hari kita tentu sering bertemu dengan seseorang, untuk itu kita harus belajar menyapa mereka. Dalam bahasa inggris juga ada istilah kata sapaan yang disebut dengan greeting. Mempelajari kata sapaan dalam bahasa inggris akan membantu kita dalam bergaul dengan orang- orang di sekitar kita, karena penggunaannya akan sangat membantu dalam membuka sebuah percakapan', '<p><u><strong>Tipe dari greeting:</strong></u></p>\r\n\r\n<p><strong>Formal Greeting&nbsp;&nbsp;</strong></p>\r\n\r\n<ul>\r\n	<li>Hello!&nbsp;<em>(Halo!)</em></li>\r\n	<li>Good morning.<em>&nbsp;(Selamat pagi)</em></li>\r\n	<li>Good afternoon.&nbsp;<em>(Selamat siang)</em></li>\r\n	<li>Good evening.&nbsp;<em>(Selamat sore)</em></li>\r\n	<li>Good night.&nbsp;<em>(Selamat malam</em>)</li>\r\n	<li>Hello, how are you?&nbsp;<em>(Halo apa kabarmu?)</em></li>\r\n	<li>How are you doing?&nbsp;<em>(Apa kabarmu?)</em></li>\r\n	<li>How do you do?&nbsp;<em>(Kalimat sapaan jika kita&nbsp; belum pernah bertemu dengan orang itu sebelumnya)</em></li>\r\n	<li>Nice to meet you.&nbsp;<em>(Senang bertemu denganmu)</em></li>\r\n</ul>\r\n\r\n<p><strong>Responses</strong></p>\r\n\r\n<ul>\r\n	<li>Hello!&nbsp;<em>(Halo!)</em></li>\r\n	<li>Good morning.&nbsp;<em>(Selamat pagi)</em></li>\r\n	<li>Good afternoon&nbsp;<em>(Selamat siang)</em></li>\r\n	<li>Good evening.&nbsp;<em>(Selamat sore)</em></li>\r\n	<li>Good night.&nbsp;<em>(Selamat malam)</em></li>\r\n	<li>I&rsquo;m fine thank you.&nbsp;<em>(Aku baik baik saja, terima kasih)</em></li>\r\n	<li>I&rsquo;m very well, thank you.&nbsp;<em>(Aku baik baik saja, terima kasih)</em></li>\r\n	<li>How do you do.&nbsp;<em>(Kalimat sapaan jika kita belum pernah bertemu dengan orang itu sebelumnya)</em></li>\r\n	<li>Nice to meet you too.&nbsp;<em>(Senang bertemu denganmu juga)</em></li>\r\n</ul>\r\n\r\n<p><strong>Informal Greetings&nbsp;&nbsp;&nbsp;</strong></p>\r\n\r\n<ul>\r\n	<li>Hi!&nbsp;<em>(Hai!)</em></li>\r\n	<li>What&rsquo;s up?&nbsp;<em>(Apa kabar?)</em></li>\r\n	<li>What&rsquo;s news?&nbsp;<em>(Apa yang baru?)</em></li>\r\n	<li>How&rsquo;s everything?&nbsp;<em>(Bagaimana semuanya?)</em></li>\r\n	<li>How&rsquo;s it going?&nbsp;<em>(Bagaimana sekarang?)</em></li>\r\n	<li>How&rsquo;s business?&nbsp;<em>(Bagaimana bisnis?)</em></li>\r\n	<li>Good to see you.&nbsp;<em>(Senang bertemu kamu)</em></li>\r\n</ul>\r\n\r\n<p><strong>Responses</strong></p>\r\n\r\n<ul>\r\n	<li>Hi.&nbsp;<em>(Hai)</em></li>\r\n	<li>Just fine, thanks.&nbsp;<em>(Baik-baik aja, terima kasih)</em></li>\r\n	<li>Great, thanks.&nbsp;<em>(Luar biasa, terima kasih)</em></li>\r\n	<li>Pretty well. What about you?&nbsp;<em>(Sangat baik, bagaimana denganmu?)</em></li>\r\n	<li>Good to see you too.&nbsp;<em>(Senang bertemu denganmu juga)</em></li>\r\n</ul>\r\n\r\n<p>&nbsp;</p>\r\n\r\n<p><u><strong>Berikut ini adalah beberapa contoh dialog dari greeting:</strong></u></p>\r\n\r\n<p>&nbsp;</p>\r\n\r\n<p><strong>Contoh Dialog Greetings 1:</strong></p>\r\n\r\n<p>Stella&nbsp;&nbsp; : Hi Gina, good morning!&nbsp;<em>(Hai Gina, selamat pagi!)</em></p>\r\n\r\n<p>Gina&nbsp;&nbsp;&nbsp; : Good morning Stella, How are you today?&nbsp;<em>(Selamat pagi Stella, apa kabarmu hari ini?)</em></p>\r\n\r\n<p>Stella&nbsp;&nbsp; : I&rsquo;m fine thanks. How is Hendra?&nbsp;<em>(Aku baik baik saja. Bagaimana dengan Hendra?)</em></p>\r\n\r\n<p>Gina&nbsp;&nbsp;&nbsp; : He is fine, thank you.&nbsp;<em>(Dia baik-baik saja, terima kasih)</em></p>\r\n\r\n<p>&nbsp;</p>\r\n\r\n<p><strong>Contoh Dialog Greetings 2:</strong></p>\r\n\r\n<p>Father&nbsp; : Good night Dodi.&nbsp;<em>(Selamat malam Dodi)</em></p>\r\n\r\n<p>Dodi&nbsp;&nbsp;&nbsp; : Hi Dad, Good night.&nbsp;<em>(Hai ayah, selamat malam)</em></p>\r\n\r\n<p>Father&nbsp; : How&rsquo;s your study at school?&nbsp;<em>(Bagaimana belajarmu di sekolah?)</em></p>\r\n\r\n<p>Dodi&nbsp;&nbsp;&nbsp; : It&rsquo;s great dad, i&rsquo;ve got A on English lesson.&nbsp;<em>(Luar biasa ayah, aku mendapatkan nilai A di pelajaran Bahasa Inggris)</em></p>\r\n\r\n<p>Father&nbsp; : Oh, Really?! That&rsquo;s good kid. Keep your good job going on.&nbsp;<em>(Oh, benarkah?! Bagus sekali nak. Lanjutkan kerja bagusmu)</em></p>\r\n\r\n<p>Dodi&nbsp;&nbsp;&nbsp; : Okay Dad.&nbsp;<em>(Baik ayah)</em></p>\r\n\r\n<p>&nbsp;</p>\r\n\r\n<p><strong>Contoh Dialog Greetings 3:</strong></p>\r\n\r\n<p>Talita&nbsp;&nbsp; : Hi Renata, how are you?&nbsp;<em>(Hai Renata, apa kabarmu?)</em></p>\r\n\r\n<p>Renata : I&rsquo;m fine thank you And you?&nbsp;<em>(Aku baik-baik saja, bagaimana denganmu?)</em></p>\r\n\r\n<p>Talita&nbsp;&nbsp; : I&rsquo;m fine too, How&rsquo;s your business?&nbsp;<em>(Aku baik juga. Bagaimana dengan bisnismu?)</em></p>\r\n\r\n<p>Renata : Oh, it&rsquo;s going up this year. Would you like to have a cup of tea?&nbsp;<em>(Oh, bisnisku meningkat tahun ini. Maukah kamu secangkir teh?)</em></p>\r\n\r\n<p>Talita&nbsp;&nbsp; : I&rsquo;d love to but, I have a lot work to do. I&rsquo;ll call you this afternoon.<em>&nbsp;(Aku ingin sekali, tapi aku sedang banyak pekerjaan untuk di selesaikan. Aku akan menelponmu siang ini)</em></p>\r\n\r\n<p>Renata : Okay. Take care.&nbsp;<em>(Oke, hati-hati)</em></p>\r\n\r\n<p>Talita&nbsp;&nbsp; : Thanks. You too.&nbsp;<em>(Terimakasih. Kamu juga)</em></p>', 1, 1, 1, '2017-12-17 01:51:55', '2017-12-17 01:51:55', NULL),
(53, NULL, 'Expressing Happiness', 'Expressing Happiness', '1513502517-materi-percakapan-contoh-soal-expressing-happiness-kelas-x-sma.jpg', 'Ada banyak ungkapan perasaan di dalam bahasa Inggris, salah satunya adalah perasaan bahagia (Expressing Happiness).\r\n\r\nBahagia adalah sebuah emosi yang menunjukkan bahwa kita merasa senang. Untuk mengungkapkan perasaan bahagia bisa dalam berbagai bentuk. Contohnya dalam bentuk\r\nwords (kata-kata), facial expression (mimik muka), dan gestures (gerak tubuh). Apapun bentuk dari kebahagiaan tersebut yang paling penting adalah pesan dari ungkapan tersebut.', '<p><strong>Berikut adalah contoh kalimat expressing happiness:</strong></p>\r\n\r\n<ol>\r\n	<li>That&rsquo;s fantastic!&nbsp;<em>(Itu luar biasa!)</em></li>\r\n	<li>That&rsquo;s good!&nbsp;<em>(Itu bagus!)</em></li>\r\n	<li>I find it very exciting.&nbsp;<em>(Aku rasa itu menyenangkan!)</em></li>\r\n	<li>Good job!&nbsp;<em>(Kerja bagus!)</em></li>\r\n	<li>Great!&nbsp;<em>(Luar biasa!)</em></li>\r\n	<li>Fantastic!&nbsp;<em>(Fantastis!)</em></li>\r\n	<li>Terrific!&nbsp;<em>(Hebat!)</em></li>\r\n	<li>Hooray!&nbsp;<em>(Hore!)</em></li>\r\n	<li>Yippee!&nbsp;<em>(Yippee!)</em></li>\r\n	<li>What a great idea!&nbsp;<em>(Ide yang sangat bagus!)</em></li>\r\n	<li>I am&nbsp;<u>happy</u>&nbsp;because my dad bought me a new handphone&nbsp;<em>(Aku senang karena ayahku membelikanku ponsel baru)</em></li>\r\n	<li>I am&nbsp;<u>happy</u>&nbsp;because my children got good grades.&nbsp;<em>(Aku senang karena anak-anakku mendapatkan nilai bagus)</em></li>\r\n	<li>Concert last night was<u>&nbsp;fantastic</u>, I am very Happy.&nbsp;(Konser semalam luar biasa, aku sangat senang)</li>\r\n	<li>You did a&nbsp;<u>great</u>&nbsp;job! (Kau melakukan kerja yang bagus)</li>\r\n	<li>I can&#39;t say how<u>&nbsp;pleased</u>&nbsp;I am because I can finally go to Seoul to see Bigbang Concert.&nbsp;<em>(Aku tidak bisa berkata-kata saking senangnya karena aku akhirnya bisa pergi ke Seoul untuk melihat konser Bigbang)</em></li>\r\n	<li>It&#39;s an&nbsp;<u>interesting</u>&nbsp;experience.&nbsp;<em>(Itu adalah pengalaman yang luar biasa)</em></li>\r\n	<li>I am&nbsp;<u>happy</u>&nbsp;could dance with you together in inauguration night.&nbsp;<em>(Aku senang bisa menari bersamamu di malam pelantikan)</em></li>\r\n	<li>What an&nbsp;<u>outstanding</u>&nbsp;trip ever&nbsp;<em>(perjalanan yang sangat sungguh luar biasa)</em></li>\r\n	<li>I have&nbsp;<u>splendid</u>&nbsp;time here in Yogyakarta.<em>&nbsp;(Aku punya waktu yang sangat baik disini, di Yogyakarta)</em></li>\r\n	<li>I am so&nbsp;<u>glad</u>&nbsp;you will marry me this year.&nbsp;<em>(Aku sangat senang kau akan menikahiku tahun ini)</em></li>\r\n	<li>What a&nbsp;<u>lovely</u>&nbsp;day!&nbsp;<em>(Hari yang sangat menyenangkan!)</em><em>&nbsp;</em></li>\r\n</ol>\r\n\r\n<p><strong>Contoh Dialog tentang Expressing Feelings:</strong></p>\r\n\r\n<p>&nbsp;</p>\r\n\r\n<p><strong>Dialog 1</strong></p>\r\n\r\n<p>&nbsp;</p>\r\n\r\n<p>Sarah : Hi Lisa, you look so happy today. What&#39;s up?<em>&nbsp;(Hai Lisa, kau terlihat senang hari ini, ada apa?)</em></p>\r\n\r\n<p>Lisa : Yes I am. I got Bigbang concert ticket&nbsp;yesterday.<em>&nbsp;(Ya. kemarin aku sudah mendapatkan tiket konser Bigbang)</em></p>\r\n\r\n<p>Sarah : Oh really? How you could get it?&nbsp;<em>(Oh, benarkah? Bagaimana kau mendapatkannya?)</em></p>\r\n\r\n<p>Lisa : My father bought it for me after saw my report card. He saw my grades is good so he gives me one ticket for me as a reward.&nbsp;<em>(Ayahku membelikannya untukku setelah melihat raporku. Dia melihat nilai-nilaiku bagus. Jadi dia membelikanku sebagai hadiah)</em></p>\r\n\r\n<p>Sarah : Oh my god, you are so lucky. You better prepare yourself for that.&nbsp;<em>(Ya Tuhan, kau sangat beruntung! Kau harus mempersiapkan diri untuk itu)</em></p>\r\n\r\n<p>Lisa : Yes thank you Sarah.&nbsp;<em>(Ya, terima kasih Sarah)</em></p>\r\n\r\n<p>Sarah : Okay, Let&#39;s go to the class.&nbsp;<em>(Baik, ayo kita ke kelas)</em></p>\r\n\r\n<p>Lisa : Let&#39;s go.<em>&nbsp;(Ayo)</em></p>\r\n\r\n<p>&nbsp;</p>\r\n\r\n<p><strong>Dialog 2:</strong></p>\r\n\r\n<p>&nbsp;</p>\r\n\r\n<p>Tasya : Wow, Whose cat is it?&nbsp;<em>(Wah, kucing siapa itu?)</em></p>\r\n\r\n<p>Dani : This is my cat. Mr. Suryana gave it to me. I am so happy about it.&nbsp;<em>(Ini kucingku. Pak Suryana memberikannya untukku)</em></p>\r\n\r\n<p>Tasya<strong>&nbsp;</strong><em>&nbsp;</em>: Look at him. He is cute!&nbsp;<em>(Lihat dia, lucu sekali)</em></p>\r\n\r\n<p>Dani :&nbsp;You know, I really want to have a cat.&nbsp;<em>(Kau tahu, aku sangat ingin punya kucing)</em></p>\r\n\r\n<p>Tasya : You must be so happy for that.&nbsp;<em>(Kamu pasti sangat senang)</em></p>\r\n\r\n<p>Dani : Of course I am!&nbsp;<em>(Tentu saja!)</em></p>', 1, 1, 1, '2017-12-17 02:21:58', '2017-12-17 02:21:58', NULL),
(54, NULL, 'Expressing Happiness', 'Expressing Happiness', '1513502980-materi-percakapan-contoh-soal-expressing-happiness-kelas-x-sma.jpg', 'Ada banyak ungkapan perasaan di dalam bahasa Inggris, salah satunya adalah perasaan bahagia (Expressing Happiness).\r\n\r\nBahagia adalah sebuah emosi yang menunjukkan bahwa kita merasa senang. Untuk mengungkapkan perasaan bahagia bisa dalam berbagai bentuk. Contohnya dalam bentuk\r\nwords (kata-kata), facial expression (mimik muka), dan gestures (gerak tubuh). Apapun bentuk dari kebahagiaan tersebut yang paling penting adalah pesan dari ungkapan tersebut', '<p><strong>Berikut adalah contoh kalimat expressing happiness:</strong></p>\r\n\r\n<ol>\r\n	<li>That&rsquo;s fantastic!&nbsp;<em>(Itu luar biasa!)</em></li>\r\n	<li>That&rsquo;s good!&nbsp;<em>(Itu bagus!)</em></li>\r\n	<li>I find it very exciting.&nbsp;<em>(Aku rasa itu menyenangkan!)</em></li>\r\n	<li>Good job!&nbsp;<em>(Kerja bagus!)</em></li>\r\n	<li>Great!&nbsp;<em>(Luar biasa!)</em></li>\r\n	<li>Fantastic!&nbsp;<em>(Fantastis!)</em></li>\r\n	<li>Terrific!&nbsp;<em>(Hebat!)</em></li>\r\n	<li>Hooray!&nbsp;<em>(Hore!)</em></li>\r\n	<li>Yippee!&nbsp;<em>(Yippee!)</em></li>\r\n	<li>What a great idea!&nbsp;<em>(Ide yang sangat bagus!)</em></li>\r\n	<li>I am&nbsp;<u>happy</u>&nbsp;because my dad bought me a new handphone&nbsp;<em>(Aku senang karena ayahku membelikanku ponsel baru)</em></li>\r\n	<li>I am&nbsp;<u>happy</u>&nbsp;because my children got good grades.&nbsp;<em>(Aku senang karena anak-anakku mendapatkan nilai bagus)</em></li>\r\n	<li>Concert last night was<u>&nbsp;fantastic</u>, I am very Happy.&nbsp;(Konser semalam luar biasa, aku sangat senang)</li>\r\n	<li>You did a&nbsp;<u>great</u>&nbsp;job! (Kau melakukan kerja yang bagus)</li>\r\n	<li>I can&#39;t say how<u>&nbsp;pleased</u>&nbsp;I am because I can finally go to Seoul to see Bigbang Concert.&nbsp;<em>(Aku tidak bisa berkata-kata saking senangnya karena aku akhirnya bisa pergi ke Seoul untuk melihat konser Bigbang)</em></li>\r\n	<li>It&#39;s an&nbsp;<u>interesting</u>&nbsp;experience.&nbsp;<em>(Itu adalah pengalaman yang luar biasa)</em></li>\r\n	<li>I am&nbsp;<u>happy</u>&nbsp;could dance with you together in inauguration night.&nbsp;<em>(Aku senang bisa menari bersamamu di malam pelantikan)</em></li>\r\n	<li>What an&nbsp;<u>outstanding</u>&nbsp;trip ever&nbsp;<em>(perjalanan yang sangat sungguh luar biasa)</em></li>\r\n	<li>I have&nbsp;<u>splendid</u>&nbsp;time here in Yogyakarta.<em>&nbsp;(Aku punya waktu yang sangat baik disini, di Yogyakarta)</em></li>\r\n	<li>I am so&nbsp;<u>glad</u>&nbsp;you will marry me this year.&nbsp;<em>(Aku sangat senang kau akan menikahiku tahun ini)</em></li>\r\n	<li>What a&nbsp;<u>lovely</u>&nbsp;day!&nbsp;<em>(Hari yang sangat menyenangkan!)</em><em>&nbsp;</em></li>\r\n</ol>\r\n\r\n<p><strong>Contoh Dialog tentang Expressing Feelings:</strong></p>\r\n\r\n<p>&nbsp;</p>\r\n\r\n<p><strong>Dialog 1</strong></p>\r\n\r\n<p>&nbsp;</p>\r\n\r\n<p>Sarah : Hi Lisa, you look so happy today. What&#39;s up?<em>&nbsp;(Hai Lisa, kau terlihat senang hari ini, ada apa?)</em></p>\r\n\r\n<p>Lisa : Yes I am. I got Bigbang concert ticket&nbsp;yesterday.<em>&nbsp;(Ya. kemarin aku sudah mendapatkan tiket konser Bigbang)</em></p>\r\n\r\n<p>Sarah : Oh really? How you could get it?&nbsp;<em>(Oh, benarkah? Bagaimana kau mendapatkannya?)</em></p>\r\n\r\n<p>Lisa : My father bought it for me after saw my report card. He saw my grades is good so he gives me one ticket for me as a reward.&nbsp;<em>(Ayahku membelikannya untukku setelah melihat raporku. Dia melihat nilai-nilaiku bagus. Jadi dia membelikanku sebagai hadiah)</em></p>\r\n\r\n<p>Sarah : Oh my god, you are so lucky. You better prepare yourself for that.&nbsp;<em>(Ya Tuhan, kau sangat beruntung! Kau harus mempersiapkan diri untuk itu)</em></p>\r\n\r\n<p>Lisa : Yes thank you Sarah.&nbsp;<em>(Ya, terima kasih Sarah)</em></p>\r\n\r\n<p>Sarah : Okay, Let&#39;s go to the class.&nbsp;<em>(Baik, ayo kita ke kelas)</em></p>\r\n\r\n<p>Lisa : Let&#39;s go.<em>&nbsp;(Ayo)</em></p>\r\n\r\n<p>&nbsp;</p>\r\n\r\n<p><strong>Dialog 2:</strong></p>\r\n\r\n<p>&nbsp;</p>\r\n\r\n<p>Tasya : Wow, Whose cat is it?&nbsp;<em>(Wah, kucing siapa itu?)</em></p>\r\n\r\n<p>Dani : This is my cat. Mr. Suryana gave it to me. I am so happy about it.&nbsp;<em>(Ini kucingku. Pak Suryana memberikannya untukku)</em></p>\r\n\r\n<p>Tasya<strong>&nbsp;</strong><em>&nbsp;</em>: Look at him. He is cute!&nbsp;<em>(Lihat dia, lucu sekali)</em></p>\r\n\r\n<p>Dani :&nbsp;You know, I really want to have a cat.&nbsp;<em>(Kau tahu, aku sangat ingin punya kucing)</em></p>\r\n\r\n<p>Tasya : You must be so happy for that.&nbsp;<em>(Kamu pasti sangat senang)</em></p>\r\n\r\n<p>Dani : Of course I am!&nbsp;<em>(Tentu saja!)</em></p>', 2, 1, 1, '2017-12-17 02:29:40', '2017-12-17 02:29:40', NULL),
(55, 7, 'Expressing Happiness', 'Expressing Happiness', '1513503042-materi-percakapan-contoh-soal-expressing-happiness-kelas-x-sma.jpg', 'Ada banyak ungkapan perasaan di dalam bahasa Inggris, salah satunya adalah perasaan bahagia (Expressing Happiness).\r\n\r\nBahagia adalah sebuah emosi yang menunjukkan bahwa kita merasa senang. Untuk mengungkapkan perasaan bahagia bisa dalam berbagai bentuk. Contohnya dalam bentuk\r\nwords (kata-kata), facial expression (mimik muka), dan gestures (gerak tubuh). Apapun bentuk dari kebahagiaan tersebut yang paling penting adalah pesan dari ungkapan tersebut.', '<p><strong>Berikut adalah contoh kalimat expressing happiness:</strong></p>\r\n\r\n<ol>\r\n	<li>That&rsquo;s fantastic!&nbsp;<em>(Itu luar biasa!)</em></li>\r\n	<li>That&rsquo;s good!&nbsp;<em>(Itu bagus!)</em></li>\r\n	<li>I find it very exciting.&nbsp;<em>(Aku rasa itu menyenangkan!)</em></li>\r\n	<li>Good job!&nbsp;<em>(Kerja bagus!)</em></li>\r\n	<li>Great!&nbsp;<em>(Luar biasa!)</em></li>\r\n	<li>Fantastic!&nbsp;<em>(Fantastis!)</em></li>\r\n	<li>Terrific!&nbsp;<em>(Hebat!)</em></li>\r\n	<li>Hooray!&nbsp;<em>(Hore!)</em></li>\r\n	<li>Yippee!&nbsp;<em>(Yippee!)</em></li>\r\n	<li>What a great idea!&nbsp;<em>(Ide yang sangat bagus!)</em></li>\r\n	<li>I am&nbsp;<u>happy</u>&nbsp;because my dad bought me a new handphone&nbsp;<em>(Aku senang karena ayahku membelikanku ponsel baru)</em></li>\r\n	<li>I am&nbsp;<u>happy</u>&nbsp;because my children got good grades.&nbsp;<em>(Aku senang karena anak-anakku mendapatkan nilai bagus)</em></li>\r\n	<li>Concert last night was<u>&nbsp;fantastic</u>, I am very Happy.&nbsp;(Konser semalam luar biasa, aku sangat senang)</li>\r\n	<li>You did a&nbsp;<u>great</u>&nbsp;job! (Kau melakukan kerja yang bagus)</li>\r\n	<li>I can&#39;t say how<u>&nbsp;pleased</u>&nbsp;I am because I can finally go to Seoul to see Bigbang Concert.&nbsp;<em>(Aku tidak bisa berkata-kata saking senangnya karena aku akhirnya bisa pergi ke Seoul untuk melihat konser Bigbang)</em></li>\r\n	<li>It&#39;s an&nbsp;<u>interesting</u>&nbsp;experience.&nbsp;<em>(Itu adalah pengalaman yang luar biasa)</em></li>\r\n	<li>I am&nbsp;<u>happy</u>&nbsp;could dance with you together in inauguration night.&nbsp;<em>(Aku senang bisa menari bersamamu di malam pelantikan)</em></li>\r\n	<li>What an&nbsp;<u>outstanding</u>&nbsp;trip ever&nbsp;<em>(perjalanan yang sangat sungguh luar biasa)</em></li>\r\n	<li>I have&nbsp;<u>splendid</u>&nbsp;time here in Yogyakarta.<em>&nbsp;(Aku punya waktu yang sangat baik disini, di Yogyakarta)</em></li>\r\n	<li>I am so&nbsp;<u>glad</u>&nbsp;you will marry me this year.&nbsp;<em>(Aku sangat senang kau akan menikahiku tahun ini)</em></li>\r\n	<li>What a&nbsp;<u>lovely</u>&nbsp;day!&nbsp;<em>(Hari yang sangat menyenangkan!)</em><em>&nbsp;</em></li>\r\n</ol>\r\n\r\n<p><strong>Contoh Dialog tentang Expressing Feelings:</strong></p>\r\n\r\n<p>&nbsp;</p>\r\n\r\n<p><strong>Dialog 1</strong></p>\r\n\r\n<p>&nbsp;</p>\r\n\r\n<p>Sarah : Hi Lisa, you look so happy today. What&#39;s up?<em>&nbsp;(Hai Lisa, kau terlihat senang hari ini, ada apa?)</em></p>\r\n\r\n<p>Lisa : Yes I am. I got Bigbang concert ticket&nbsp;yesterday.<em>&nbsp;(Ya. kemarin aku sudah mendapatkan tiket konser Bigbang)</em></p>\r\n\r\n<p>Sarah : Oh really? How you could get it?&nbsp;<em>(Oh, benarkah? Bagaimana kau mendapatkannya?)</em></p>\r\n\r\n<p>Lisa : My father bought it for me after saw my report card. He saw my grades is good so he gives me one ticket for me as a reward.&nbsp;<em>(Ayahku membelikannya untukku setelah melihat raporku. Dia melihat nilai-nilaiku bagus. Jadi dia membelikanku sebagai hadiah)</em></p>\r\n\r\n<p>Sarah : Oh my god, you are so lucky. You better prepare yourself for that.&nbsp;<em>(Ya Tuhan, kau sangat beruntung! Kau harus mempersiapkan diri untuk itu)</em></p>\r\n\r\n<p>Lisa : Yes thank you Sarah.&nbsp;<em>(Ya, terima kasih Sarah)</em></p>\r\n\r\n<p>Sarah : Okay, Let&#39;s go to the class.&nbsp;<em>(Baik, ayo kita ke kelas)</em></p>\r\n\r\n<p>Lisa : Let&#39;s go.<em>&nbsp;(Ayo)</em></p>\r\n\r\n<p>&nbsp;</p>\r\n\r\n<p><strong>Dialog 2:</strong></p>\r\n\r\n<p>&nbsp;</p>\r\n\r\n<p>Tasya : Wow, Whose cat is it?&nbsp;<em>(Wah, kucing siapa itu?)</em></p>\r\n\r\n<p>Dani : This is my cat. Mr. Suryana gave it to me. I am so happy about it.&nbsp;<em>(Ini kucingku. Pak Suryana memberikannya untukku)</em></p>\r\n\r\n<p>Tasya<strong>&nbsp;</strong><em>&nbsp;</em>: Look at him. He is cute!&nbsp;<em>(Lihat dia, lucu sekali)</em></p>\r\n\r\n<p>Dani :&nbsp;You know, I really want to have a cat.&nbsp;<em>(Kau tahu, aku sangat ingin punya kucing)</em></p>\r\n\r\n<p>Tasya : You must be so happy for that.&nbsp;<em>(Kamu pasti sangat senang)</em></p>\r\n\r\n<p>Dani : Of course I am!&nbsp;<em>(Tentu saja!)</em></p>', 2, 1, 1, '2017-12-17 02:30:42', '2017-12-17 02:30:42', NULL);
INSERT INTO `lessons` (`id`, `course_id`, `title`, `slug`, `lesson_image`, `short_text`, `full_text`, `position`, `free_lesson`, `published`, `created_at`, `updated_at`, `deleted_at`) VALUES
(56, NULL, 'Expression of Showing Care and Sympathy', 'Expression of Showing Care and Sympathy', '1513504608-Materi Showing Care  Sympathy Kelas X dan Contoh Dialog.jpg', 'Ungkapan kepedulian adalah sebuah ungkapan perasaan kasihan dan kesedihan ketika kita mengetahui dan melihat orang - orang yang tidak beruntung, mempunyai masalah, atau sedang di dalam kesusahan. Contohnya, teman kita sedih karena kakekknya sakit. Kita bisa menghiburnya dengan menunjukkan rasa kepedulian kita. Ungkapan showing care ini berfungsi untuk menunjukkan rasa kepedulian kita terhadap kondisi orang lain.\r\n\r\nTujuan dari menunjukkan rasa kepedulian adalah untuk memberi kenyamanan terhadap orang - orang yang mempunyai masalah atau yang sedang mengalami kesusahan. Itu juga bertujuan untuk memberi tahu orang lain bahwa kita peduli kepadanya. Kita bisa mengungkapkan rasa kepedulian kita dengan cara berkata langsung kepadanya dengan memberikan dorongan positif. Dengan begitu, teman kita akan mengetahui bahwa kita peduli terhadap keadaannya dan ingin menolongnya. Jika orang yang sedang berada di dalam masalah tersebut jauh dari kita, kita bisa mengiriminya sms, atau e-mail, dan bahkan lewat sosial media yang tentunya kita miliki saat ini.', '<p><strong>Kalimat Showing Care</strong></p>\r\n\r\n<p>&nbsp;</p>\r\n\r\n<ul>\r\n	<li>I&#39;m extremely sorry to hear that.&nbsp;<em>(Aku sangat berduka mendengarnya)</em></li>\r\n	<li>I was deeply sorry to hear you sick.&nbsp;<em>(Aku sangat berduka mendengarmu sakit)</em></li>\r\n	<li>Please accept my condolences.&nbsp;<em>(Turut berbela sungkawa)</em></li>\r\n	<li>I know how it feels.<em>&nbsp;(Saya tahu bagaimana rasanya)</em></li>\r\n	<li>I am sorry to hear that&nbsp;<em>(Turut berduka cita)</em></li>\r\n	<li>That&#39;s too bad&nbsp;<em>(Itu buruk sekali)</em></li>\r\n	<li>What a pity of you!&nbsp;<em>(Kasihan sekali kamu!)</em></li>\r\n	<li>I sympathize with your condition.&nbsp;<em>(Aku peduli dengan keadaanmu)</em></li>\r\n	<li>It would be OK soon.&nbsp;<em>(Itu akan segera membaik)</em></li>\r\n	<li>Don&#39;t worry, I&#39;m here for you.&nbsp;<em>(Jangan khawatir, aku disini untukmu)</em></li>\r\n	<li>It is going to be alright. (<em>Itu akan baik-baik saja)</em></li>\r\n	<li>You&#39;ve helped me a lot during my difficult situation&nbsp;<em>(Kau membantuku banyak pada saat aku kesusahan)</em></li>\r\n	<li>I am sorry about your accident. I&#39;ll always be here if you need my help.&nbsp;<em>(Aku turut berduka dengan kecelakaanmu. AKu akan selalu disini jika kau ingin bantuanku)</em></li>\r\n	<li>I know you have tried your best. I am sure next time you will get a better score.<em>&nbsp;(Aku tahu kau sudah mencoba yang terbaik. Aku yakin lain kali kau akan mendapatkan nilai yang lebih baik)</em></li>\r\n	<li>If you need anything, please just call me.&nbsp;<em>(Jika kamu menginginkan sesuatu, telepon saja aku)</em></li>\r\n</ul>\r\n\r\n<p><strong>Responses</strong></p>\r\n\r\n<ul>\r\n	<li>Thanks for your sympathy&nbsp;<em>(Terima kasih banyak atas kepedulianmu)</em></li>\r\n	<li>Thank you so much&nbsp;<em>(Terima kasih banyak)</em></li>\r\n	<li>Thank you so much, they are so lovely.&nbsp;<em>(Terima kasih banyak, ini cantik sekali)</em></li>\r\n	<li>You are truly good friends&nbsp;<em>(Kau benar benar teman terbaik)</em></li>\r\n	<li>It was very nice of you to think of me in this time of sadness<em>&nbsp;(Kau sangat baik mau memikirkanku disaat waktu sedihku ini)</em></li>\r\n	<li>It is very kind of you&nbsp;<em>(Kau baik sekali)</em></li>\r\n	<li>I hope so&nbsp;<em>(Aku harap begitu)</em></li>\r\n	<li>That&#39;s a pity isn&#39;t it?&nbsp;<em>(Kasihan kan?)</em></li>\r\n	<li>Thanks for your support&nbsp;<em>(Terima kasih atas dorongannya)</em></li>\r\n	<li>I would be OK, thank you very much for your support.<em>&nbsp;(Ini akan baik - baik saja. Terima kasih atas doronganmu)</em></li>\r\n	<li>That&#39;s what friends are for&nbsp;<em>(Inilah artinya teman)</em></li>\r\n	<li>Thanks for your concern.&nbsp;<em>(Terima kasih atas perhatianmu)</em></li>\r\n	<li>Yes, It is i will try harder next time&nbsp;<em>(Ya aku akan mencoba lebih keras lain kali)</em></li>\r\n	<li>Thank you, I&#39;d really appreciate that<em>&nbsp;(Terima kasih. Aku sangat menghargai itu)</em></li>\r\n</ul>\r\n\r\n<p><strong>Contoh Dialog Showing Care / Sympathy</strong></p>\r\n\r\n<p>&nbsp;</p>\r\n\r\n<p><strong>Dialog 1</strong></p>\r\n\r\n<p>Rama : You look so pale. I bring you some soup, fix you some tea and bake you some treats. Hope you recover soon.&nbsp;<em>(Kau terlihat sangat pucat, aku membawakanmu sup,teh, dan juga aku sudah memanggang kue untukmu. Semoga kau cepat sembuh)</em></p>\r\n\r\n<p>Imran : Thanks a lot. What a lovely friend you are! I really appreciate that.&nbsp;<em>(Terima kasih banyak. Kau teman yang sangat baik! aku sangat menghargainya)</em></p>\r\n\r\n<p>Rido : I also water your plants and tidy your room.&nbsp;<em>(Aku juga menyiram tanamanmu dan membereskan kamarmu)</em></p>\r\n\r\n<p>Imran : Thank you very much. I&#39;m glad you do it for me.&nbsp;<em>(Terima kasih, aku senang kau melakukannya untukku)</em></p>\r\n\r\n<p>Ramon : To help you feel better, I&#39;d fluff up your pillow and straighten your sheets.&nbsp;<em>(Untuk membantumu lebih baik, aku sudah membereskan bantal dan sprei untukmu)</em></p>\r\n\r\n<p>Imron : I am so grateful to you. You are the best friends I have ever had.&nbsp;<em>(Aku sangat bersyukur padamu. Kau adalah teman terbaik yang aku punya)</em></p>\r\n\r\n<p>&nbsp;</p>\r\n\r\n<p><strong>Dialog 2</strong></p>\r\n\r\n<p>Rina : Hello Eka. You looks sad today.&nbsp;<em>(Halo Eka. Kau terlihat sedih hari ini)</em></p>\r\n\r\n<p>Eka : Oh, yes I&#39;m a little bit sad actually.&nbsp;<em>(Ya, sebenarnya aku sedikit sedih hari ini)</em></p>\r\n\r\n<p>Rina : Please take a look. I bought this for you. Today is your birthday right?&nbsp;<em>(Tolong lihat, aku membelikannya untukmu. Hari ini ulang tahunmu kan?)</em></p>\r\n\r\n<p>Eka : Oh, thank you that&#39;s very nice of you. Let me see. Oh this is such a cute doll. Thank you.&nbsp;<em>(Oh, terima kasih kau sangat baik. Biarkan aku melihatnya. Ini boneka yang sangat lucu. Terima kasih)</em></p>\r\n\r\n<p>Rina : That&#39;s nothing.&nbsp;<em>(Itu bukan apa - apa)</em></p>\r\n\r\n<p>Eka : You remember my birthday when nobody does.&nbsp;<em>(Kau mengingat ulang tahunku ketika orang lain tidak mengingatnya)</em></p>\r\n\r\n<p>Rina : That&#39;s what friends are for&nbsp;<em>(Itulah gunanya teman)</em></p>\r\n\r\n<p>&nbsp;</p>\r\n\r\n<p><strong>Dialog 3</strong></p>\r\n\r\n<p>Riki :Hello Prilly.&nbsp;<em>(Halo Prilly)</em></p>\r\n\r\n<p>Prilly : Hi Riki.&nbsp;<em>(Hi Riki)</em></p>\r\n\r\n<p>Riki : My deep condolences for your father loss.&nbsp;<em>(Turut berduka cita atas meninggalnya ayahmu)</em></p>\r\n\r\n<p>Prilly : Thank you, but it feels like i&#39;m really broken now.&nbsp;<em>(Terima kasih, tapi sepertinya aku sangat sakit hati sekarang)</em></p>\r\n\r\n<p>Riki : I know how it feels. I will be with you whenever you need me. I promise.&nbsp;<em>(Aku tahu bagaimana rasanya. Aku akan bersama denganmu kapanpun kau menginginkanku. Aku berjanji.)</em></p>\r\n\r\n<p>Prilly : Thank you, you are really my best friend i&#39;ve ever had.&nbsp;<em>(Terima kasih, kau adalah teman terbaik yang aku punya)</em></p>', 3, 1, 1, '2017-12-17 02:56:48', '2017-12-17 02:56:48', NULL),
(57, NULL, 'Expressing Showing Care / Sympathy', 'Expressing Showing Care / Sympathy', '1513504669-Materi Showing Care  Sympathy Kelas X dan Contoh Dialog.jpg', 'Ungkapan kepedulian adalah sebuah ungkapan perasaan kasihan dan kesedihan ketika kita mengetahui dan melihat orang - orang yang tidak beruntung, mempunyai masalah, atau sedang di dalam kesusahan. Contohnya, teman kita sedih karena kakekknya sakit. Kita bisa menghiburnya dengan menunjukkan rasa kepedulian kita. Ungkapan showing care ini berfungsi untuk menunjukkan rasa kepedulian kita terhadap kondisi orang lain.\r\n\r\nTujuan dari menunjukkan rasa kepedulian adalah untuk memberi kenyamanan terhadap orang - orang yang mempunyai masalah atau yang sedang mengalami kesusahan. Itu juga bertujuan untuk memberi tahu orang lain bahwa kita peduli kepadanya. Kita bisa mengungkapkan rasa kepedulian kita dengan cara berkata langsung kepadanya dengan memberikan dorongan positif. Dengan begitu, teman kita akan mengetahui bahwa kita peduli terhadap keadaannya dan ingin menolongnya. Jika orang yang sedang berada di dalam masalah tersebut jauh dari kita, kita bisa mengiriminya sms, atau e-mail, dan bahkan lewat sosial media yang tentunya kita miliki saat ini.', '<p><strong>Kalimat Showing Care</strong></p>\r\n\r\n<p>&nbsp;</p>\r\n\r\n<ul>\r\n	<li>I&#39;m extremely sorry to hear that.&nbsp;<em>(Aku sangat berduka mendengarnya)</em></li>\r\n	<li>I was deeply sorry to hear you sick.&nbsp;<em>(Aku sangat berduka mendengarmu sakit)</em></li>\r\n	<li>Please accept my condolences.&nbsp;<em>(Turut berbela sungkawa)</em></li>\r\n	<li>I know how it feels.<em>&nbsp;(Saya tahu bagaimana rasanya)</em></li>\r\n	<li>I am sorry to hear that&nbsp;<em>(Turut berduka cita)</em></li>\r\n	<li>That&#39;s too bad&nbsp;<em>(Itu buruk sekali)</em></li>\r\n	<li>What a pity of you!&nbsp;<em>(Kasihan sekali kamu!)</em></li>\r\n	<li>I sympathize with your condition.&nbsp;<em>(Aku peduli dengan keadaanmu)</em></li>\r\n	<li>It would be OK soon.&nbsp;<em>(Itu akan segera membaik)</em></li>\r\n	<li>Don&#39;t worry, I&#39;m here for you.&nbsp;<em>(Jangan khawatir, aku disini untukmu)</em></li>\r\n	<li>It is going to be alright. (<em>Itu akan baik-baik saja)</em></li>\r\n	<li>You&#39;ve helped me a lot during my difficult situation&nbsp;<em>(Kau membantuku banyak pada saat aku kesusahan)</em></li>\r\n	<li>I am sorry about your accident. I&#39;ll always be here if you need my help.&nbsp;<em>(Aku turut berduka dengan kecelakaanmu. AKu akan selalu disini jika kau ingin bantuanku)</em></li>\r\n	<li>I know you have tried your best. I am sure next time you will get a better score.<em>&nbsp;(Aku tahu kau sudah mencoba yang terbaik. Aku yakin lain kali kau akan mendapatkan nilai yang lebih baik)</em></li>\r\n	<li>If you need anything, please just call me.&nbsp;<em>(Jika kamu menginginkan sesuatu, telepon saja aku)</em></li>\r\n</ul>\r\n\r\n<p><strong>Responses</strong></p>\r\n\r\n<ul>\r\n	<li>Thanks for your sympathy&nbsp;<em>(Terima kasih banyak atas kepedulianmu)</em></li>\r\n	<li>Thank you so much&nbsp;<em>(Terima kasih banyak)</em></li>\r\n	<li>Thank you so much, they are so lovely.&nbsp;<em>(Terima kasih banyak, ini cantik sekali)</em></li>\r\n	<li>You are truly good friends&nbsp;<em>(Kau benar benar teman terbaik)</em></li>\r\n	<li>It was very nice of you to think of me in this time of sadness<em>&nbsp;(Kau sangat baik mau memikirkanku disaat waktu sedihku ini)</em></li>\r\n	<li>It is very kind of you&nbsp;<em>(Kau baik sekali)</em></li>\r\n	<li>I hope so&nbsp;<em>(Aku harap begitu)</em></li>\r\n	<li>That&#39;s a pity isn&#39;t it?&nbsp;<em>(Kasihan kan?)</em></li>\r\n	<li>Thanks for your support&nbsp;<em>(Terima kasih atas dorongannya)</em></li>\r\n	<li>I would be OK, thank you very much for your support.<em>&nbsp;(Ini akan baik - baik saja. Terima kasih atas doronganmu)</em></li>\r\n	<li>That&#39;s what friends are for&nbsp;<em>(Inilah artinya teman)</em></li>\r\n	<li>Thanks for your concern.&nbsp;<em>(Terima kasih atas perhatianmu)</em></li>\r\n	<li>Yes, It is i will try harder next time&nbsp;<em>(Ya aku akan mencoba lebih keras lain kali)</em></li>\r\n	<li>Thank you, I&#39;d really appreciate that<em>&nbsp;(Terima kasih. Aku sangat menghargai itu)</em></li>\r\n</ul>\r\n\r\n<p><strong>Contoh Dialog Showing Care / Sympathy</strong></p>\r\n\r\n<p>&nbsp;</p>\r\n\r\n<p><strong>Dialog 1</strong></p>\r\n\r\n<p>Rama : You look so pale. I bring you some soup, fix you some tea and bake you some treats. Hope you recover soon.&nbsp;<em>(Kau terlihat sangat pucat, aku membawakanmu sup,teh, dan juga aku sudah memanggang kue untukmu. Semoga kau cepat sembuh)</em></p>\r\n\r\n<p>Imran : Thanks a lot. What a lovely friend you are! I really appreciate that.&nbsp;<em>(Terima kasih banyak. Kau teman yang sangat baik! aku sangat menghargainya)</em></p>\r\n\r\n<p>Rido : I also water your plants and tidy your room.&nbsp;<em>(Aku juga menyiram tanamanmu dan membereskan kamarmu)</em></p>\r\n\r\n<p>Imran : Thank you very much. I&#39;m glad you do it for me.&nbsp;<em>(Terima kasih, aku senang kau melakukannya untukku)</em></p>\r\n\r\n<p>Ramon : To help you feel better, I&#39;d fluff up your pillow and straighten your sheets.&nbsp;<em>(Untuk membantumu lebih baik, aku sudah membereskan bantal dan sprei untukmu)</em></p>\r\n\r\n<p>Imron : I am so grateful to you. You are the best friends I have ever had.&nbsp;<em>(Aku sangat bersyukur padamu. Kau adalah teman terbaik yang aku punya)</em></p>\r\n\r\n<p>&nbsp;</p>\r\n\r\n<p><strong>Dialog 2</strong></p>\r\n\r\n<p>Rina : Hello Eka. You looks sad today.&nbsp;<em>(Halo Eka. Kau terlihat sedih hari ini)</em></p>\r\n\r\n<p>Eka : Oh, yes I&#39;m a little bit sad actually.&nbsp;<em>(Ya, sebenarnya aku sedikit sedih hari ini)</em></p>\r\n\r\n<p>Rina : Please take a look. I bought this for you. Today is your birthday right?&nbsp;<em>(Tolong lihat, aku membelikannya untukmu. Hari ini ulang tahunmu kan?)</em></p>\r\n\r\n<p>Eka : Oh, thank you that&#39;s very nice of you. Let me see. Oh this is such a cute doll. Thank you.&nbsp;<em>(Oh, terima kasih kau sangat baik. Biarkan aku melihatnya. Ini boneka yang sangat lucu. Terima kasih)</em></p>\r\n\r\n<p>Rina : That&#39;s nothing.&nbsp;<em>(Itu bukan apa - apa)</em></p>\r\n\r\n<p>Eka : You remember my birthday when nobody does.&nbsp;<em>(Kau mengingat ulang tahunku ketika orang lain tidak mengingatnya)</em></p>\r\n\r\n<p>Rina : That&#39;s what friends are for&nbsp;<em>(Itulah gunanya teman)</em></p>\r\n\r\n<p>&nbsp;</p>\r\n\r\n<p><strong>Dialog 3</strong></p>\r\n\r\n<p>Riki :Hello Prilly.&nbsp;<em>(Halo Prilly)</em></p>\r\n\r\n<p>Prilly : Hi Riki.&nbsp;<em>(Hi Riki)</em></p>\r\n\r\n<p>Riki : My deep condolences for your father loss.&nbsp;<em>(Turut berduka cita atas meninggalnya ayahmu)</em></p>\r\n\r\n<p>Prilly : Thank you, but it feels like i&#39;m really broken now.&nbsp;<em>(Terima kasih, tapi sepertinya aku sangat sakit hati sekarang)</em></p>\r\n\r\n<p>Riki : I know how it feels. I will be with you whenever you need me. I promise.&nbsp;<em>(Aku tahu bagaimana rasanya. Aku akan bersama denganmu kapanpun kau menginginkanku. Aku berjanji.)</em></p>\r\n\r\n<p>Prilly : Thank you, you are really my best friend i&#39;ve ever had.&nbsp;<em>(Terima kasih, kau adalah teman terbaik yang aku punya)</em></p>', 4, 1, 1, '2017-12-17 02:57:50', '2017-12-17 02:57:50', NULL),
(58, NULL, 'Expression of Showing Care and Sympathy', 'Expression of Showing Care and Sympathy', '1513504857-Materi Showing Care  Sympathy Kelas X dan Contoh Dialog.jpg', 'Ungkapan kepedulian adalah sebuah ungkapan perasaan kasihan dan kesedihan ketika kita mengetahui dan melihat orang - orang yang tidak beruntung, mempunyai masalah, atau sedang di dalam kesusahan. Contohnya, teman kita sedih karena kakekknya sakit. Kita bisa menghiburnya dengan menunjukkan rasa kepedulian kita. Ungkapan showing care ini berfungsi untuk menunjukkan rasa kepedulian kita terhadap kondisi orang lain.\r\n\r\nTujuan dari menunjukkan rasa kepedulian adalah untuk memberi kenyamanan terhadap orang - orang yang mempunyai masalah atau yang sedang mengalami kesusahan. Itu juga bertujuan untuk memberi tahu orang lain bahwa kita peduli kepadanya. Kita bisa mengungkapkan rasa kepedulian kita dengan cara berkata langsung kepadanya dengan memberikan dorongan positif. Dengan begitu, teman kita akan mengetahui bahwa kita peduli terhadap keadaannya dan ingin menolongnya. Jika orang yang sedang berada di dalam masalah tersebut jauh dari kita, kita bisa mengiriminya sms, atau e-mail, dan bahkan lewat sosial media yang tentunya kita miliki saat ini.', '<p><strong>Kalimat Showing Care</strong></p>\r\n\r\n<p>&nbsp;</p>\r\n\r\n<ul>\r\n	<li>I&#39;m extremely sorry to hear that.&nbsp;<em>(Aku sangat berduka mendengarnya)</em></li>\r\n	<li>I was deeply sorry to hear you sick.&nbsp;<em>(Aku sangat berduka mendengarmu sakit)</em></li>\r\n	<li>Please accept my condolences.&nbsp;<em>(Turut berbela sungkawa)</em></li>\r\n	<li>I know how it feels.<em>&nbsp;(Saya tahu bagaimana rasanya)</em></li>\r\n	<li>I am sorry to hear that&nbsp;<em>(Turut berduka cita)</em></li>\r\n	<li>That&#39;s too bad&nbsp;<em>(Itu buruk sekali)</em></li>\r\n	<li>What a pity of you!&nbsp;<em>(Kasihan sekali kamu!)</em></li>\r\n	<li>I sympathize with your condition.&nbsp;<em>(Aku peduli dengan keadaanmu)</em></li>\r\n	<li>It would be OK soon.&nbsp;<em>(Itu akan segera membaik)</em></li>\r\n	<li>Don&#39;t worry, I&#39;m here for you.&nbsp;<em>(Jangan khawatir, aku disini untukmu)</em></li>\r\n	<li>It is going to be alright. (<em>Itu akan baik-baik saja)</em></li>\r\n	<li>You&#39;ve helped me a lot during my difficult situation&nbsp;<em>(Kau membantuku banyak pada saat aku kesusahan)</em></li>\r\n	<li>I am sorry about your accident. I&#39;ll always be here if you need my help.&nbsp;<em>(Aku turut berduka dengan kecelakaanmu. AKu akan selalu disini jika kau ingin bantuanku)</em></li>\r\n	<li>I know you have tried your best. I am sure next time you will get a better score.<em>&nbsp;(Aku tahu kau sudah mencoba yang terbaik. Aku yakin lain kali kau akan mendapatkan nilai yang lebih baik)</em></li>\r\n	<li>If you need anything, please just call me.&nbsp;<em>(Jika kamu menginginkan sesuatu, telepon saja aku)</em></li>\r\n</ul>\r\n\r\n<p><strong>Responses</strong></p>\r\n\r\n<ul>\r\n	<li>Thanks for your sympathy&nbsp;<em>(Terima kasih banyak atas kepedulianmu)</em></li>\r\n	<li>Thank you so much&nbsp;<em>(Terima kasih banyak)</em></li>\r\n	<li>Thank you so much, they are so lovely.&nbsp;<em>(Terima kasih banyak, ini cantik sekali)</em></li>\r\n	<li>You are truly good friends&nbsp;<em>(Kau benar benar teman terbaik)</em></li>\r\n	<li>It was very nice of you to think of me in this time of sadness<em>&nbsp;(Kau sangat baik mau memikirkanku disaat waktu sedihku ini)</em></li>\r\n	<li>It is very kind of you&nbsp;<em>(Kau baik sekali)</em></li>\r\n	<li>I hope so&nbsp;<em>(Aku harap begitu)</em></li>\r\n	<li>That&#39;s a pity isn&#39;t it?&nbsp;<em>(Kasihan kan?)</em></li>\r\n	<li>Thanks for your support&nbsp;<em>(Terima kasih atas dorongannya)</em></li>\r\n	<li>I would be OK, thank you very much for your support.<em>&nbsp;(Ini akan baik - baik saja. Terima kasih atas doronganmu)</em></li>\r\n	<li>That&#39;s what friends are for&nbsp;<em>(Inilah artinya teman)</em></li>\r\n	<li>Thanks for your concern.&nbsp;<em>(Terima kasih atas perhatianmu)</em></li>\r\n	<li>Yes, It is i will try harder next time&nbsp;<em>(Ya aku akan mencoba lebih keras lain kali)</em></li>\r\n	<li>Thank you, I&#39;d really appreciate that<em>&nbsp;(Terima kasih. Aku sangat menghargai itu)</em></li>\r\n</ul>\r\n\r\n<p><strong>Contoh Dialog Showing Care / Sympathy</strong></p>\r\n\r\n<p>&nbsp;</p>\r\n\r\n<p><strong>Dialog 1</strong></p>\r\n\r\n<p>Rama : You look so pale. I bring you some soup, fix you some tea and bake you some treats. Hope you recover soon.&nbsp;<em>(Kau terlihat sangat pucat, aku membawakanmu sup,teh, dan juga aku sudah memanggang kue untukmu. Semoga kau cepat sembuh)</em></p>\r\n\r\n<p>Imran : Thanks a lot. What a lovely friend you are! I really appreciate that.&nbsp;<em>(Terima kasih banyak. Kau teman yang sangat baik! aku sangat menghargainya)</em></p>\r\n\r\n<p>Rido : I also water your plants and tidy your room.&nbsp;<em>(Aku juga menyiram tanamanmu dan membereskan kamarmu)</em></p>\r\n\r\n<p>Imran : Thank you very much. I&#39;m glad you do it for me.&nbsp;<em>(Terima kasih, aku senang kau melakukannya untukku)</em></p>\r\n\r\n<p>Ramon : To help you feel better, I&#39;d fluff up your pillow and straighten your sheets.&nbsp;<em>(Untuk membantumu lebih baik, aku sudah membereskan bantal dan sprei untukmu)</em></p>\r\n\r\n<p>Imron : I am so grateful to you. You are the best friends I have ever had.&nbsp;<em>(Aku sangat bersyukur padamu. Kau adalah teman terbaik yang aku punya)</em></p>\r\n\r\n<p>&nbsp;</p>\r\n\r\n<p><strong>Dialog 2</strong></p>\r\n\r\n<p>Rina : Hello Eka. You looks sad today.&nbsp;<em>(Halo Eka. Kau terlihat sedih hari ini)</em></p>\r\n\r\n<p>Eka : Oh, yes I&#39;m a little bit sad actually.&nbsp;<em>(Ya, sebenarnya aku sedikit sedih hari ini)</em></p>\r\n\r\n<p>Rina : Please take a look. I bought this for you. Today is your birthday right?&nbsp;<em>(Tolong lihat, aku membelikannya untukmu. Hari ini ulang tahunmu kan?)</em></p>\r\n\r\n<p>Eka : Oh, thank you that&#39;s very nice of you. Let me see. Oh this is such a cute doll. Thank you.&nbsp;<em>(Oh, terima kasih kau sangat baik. Biarkan aku melihatnya. Ini boneka yang sangat lucu. Terima kasih)</em></p>\r\n\r\n<p>Rina : That&#39;s nothing.&nbsp;<em>(Itu bukan apa - apa)</em></p>\r\n\r\n<p>Eka : You remember my birthday when nobody does.&nbsp;<em>(Kau mengingat ulang tahunku ketika orang lain tidak mengingatnya)</em></p>\r\n\r\n<p>Rina : That&#39;s what friends are for&nbsp;<em>(Itulah gunanya teman)</em></p>\r\n\r\n<p>&nbsp;</p>\r\n\r\n<p><strong>Dialog 3</strong></p>\r\n\r\n<p>Riki :Hello Prilly.&nbsp;<em>(Halo Prilly)</em></p>\r\n\r\n<p>Prilly : Hi Riki.&nbsp;<em>(Hi Riki)</em></p>\r\n\r\n<p>Riki : My deep condolences for your father loss.&nbsp;<em>(Turut berduka cita atas meninggalnya ayahmu)</em></p>\r\n\r\n<p>Prilly : Thank you, but it feels like i&#39;m really broken now.&nbsp;<em>(Terima kasih, tapi sepertinya aku sangat sakit hati sekarang)</em></p>\r\n\r\n<p>Riki : I know how it feels. I will be with you whenever you need me. I promise.&nbsp;<em>(Aku tahu bagaimana rasanya. Aku akan bersama denganmu kapanpun kau menginginkanku. Aku berjanji.)</em></p>\r\n\r\n<p>Prilly : Thank you, you are really my best friend i&#39;ve ever had.&nbsp;<em>(Terima kasih, kau adalah teman terbaik yang aku punya)</em></p>', 5, 1, 1, '2017-12-17 03:00:57', '2017-12-17 03:00:57', NULL),
(59, 7, 'Expression of Showing Care and Sympathy', 'Expression of Showing Care and Sympathy', '1513505079-Materi Showing Care  Sympathy Kelas X dan Contoh Dialog.jpg', 'Ungkapan kepedulian adalah sebuah ungkapan perasaan kasihan dan kesedihan ketika kita mengetahui dan melihat orang - orang yang tidak beruntung, mempunyai masalah, atau sedang di dalam kesusahan. Contohnya, teman kita sedih karena kakekknya sakit. Kita bisa menghiburnya dengan menunjukkan rasa kepedulian kita. Ungkapan showing care ini berfungsi untuk menunjukkan rasa kepedulian kita terhadap kondisi orang lain.\r\n\r\nTujuan dari menunjukkan rasa kepedulian adalah untuk memberi kenyamanan terhadap orang - orang yang mempunyai masalah atau yang sedang mengalami kesusahan. Itu juga bertujuan untuk memberi tahu orang lain bahwa kita peduli kepadanya. Kita bisa mengungkapkan rasa kepedulian kita dengan cara berkata langsung kepadanya dengan memberikan dorongan positif. Dengan begitu, teman kita akan mengetahui bahwa kita peduli terhadap keadaannya dan ingin menolongnya. Jika orang yang sedang berada di dalam masalah tersebut jauh dari kita, kita bisa mengiriminya sms, atau e-mail, dan bahkan lewat sosial media yang tentunya kita miliki saat ini.', '<p><strong>Kalimat Showing Care</strong></p>\r\n\r\n<p>&nbsp;</p>\r\n\r\n<ul>\r\n	<li>I&#39;m extremely sorry to hear that.&nbsp;<em>(Aku sangat berduka mendengarnya)</em></li>\r\n	<li>I was deeply sorry to hear you sick.&nbsp;<em>(Aku sangat berduka mendengarmu sakit)</em></li>\r\n	<li>Please accept my condolences.&nbsp;<em>(Turut berbela sungkawa)</em></li>\r\n	<li>I know how it feels.<em>&nbsp;(Saya tahu bagaimana rasanya)</em></li>\r\n	<li>I am sorry to hear that&nbsp;<em>(Turut berduka cita)</em></li>\r\n	<li>That&#39;s too bad&nbsp;<em>(Itu buruk sekali)</em></li>\r\n	<li>What a pity of you!&nbsp;<em>(Kasihan sekali kamu!)</em></li>\r\n	<li>I sympathize with your condition.&nbsp;<em>(Aku peduli dengan keadaanmu)</em></li>\r\n	<li>It would be OK soon.&nbsp;<em>(Itu akan segera membaik)</em></li>\r\n	<li>Don&#39;t worry, I&#39;m here for you.&nbsp;<em>(Jangan khawatir, aku disini untukmu)</em></li>\r\n	<li>It is going to be alright. (<em>Itu akan baik-baik saja)</em></li>\r\n	<li>You&#39;ve helped me a lot during my difficult situation&nbsp;<em>(Kau membantuku banyak pada saat aku kesusahan)</em></li>\r\n	<li>I am sorry about your accident. I&#39;ll always be here if you need my help.&nbsp;<em>(Aku turut berduka dengan kecelakaanmu. AKu akan selalu disini jika kau ingin bantuanku)</em></li>\r\n	<li>I know you have tried your best. I am sure next time you will get a better score.<em>&nbsp;(Aku tahu kau sudah mencoba yang terbaik. Aku yakin lain kali kau akan mendapatkan nilai yang lebih baik)</em></li>\r\n	<li>If you need anything, please just call me.&nbsp;<em>(Jika kamu menginginkan sesuatu, telepon saja aku)</em></li>\r\n</ul>\r\n\r\n<p><strong>Responses</strong></p>\r\n\r\n<ul>\r\n	<li>Thanks for your sympathy&nbsp;<em>(Terima kasih banyak atas kepedulianmu)</em></li>\r\n	<li>Thank you so much&nbsp;<em>(Terima kasih banyak)</em></li>\r\n	<li>Thank you so much, they are so lovely.&nbsp;<em>(Terima kasih banyak, ini cantik sekali)</em></li>\r\n	<li>You are truly good friends&nbsp;<em>(Kau benar benar teman terbaik)</em></li>\r\n	<li>It was very nice of you to think of me in this time of sadness<em>&nbsp;(Kau sangat baik mau memikirkanku disaat waktu sedihku ini)</em></li>\r\n	<li>It is very kind of you&nbsp;<em>(Kau baik sekali)</em></li>\r\n	<li>I hope so&nbsp;<em>(Aku harap begitu)</em></li>\r\n	<li>That&#39;s a pity isn&#39;t it?&nbsp;<em>(Kasihan kan?)</em></li>\r\n	<li>Thanks for your support&nbsp;<em>(Terima kasih atas dorongannya)</em></li>\r\n	<li>I would be OK, thank you very much for your support.<em>&nbsp;(Ini akan baik - baik saja. Terima kasih atas doronganmu)</em></li>\r\n	<li>That&#39;s what friends are for&nbsp;<em>(Inilah artinya teman)</em></li>\r\n	<li>Thanks for your concern.&nbsp;<em>(Terima kasih atas perhatianmu)</em></li>\r\n	<li>Yes, It is i will try harder next time&nbsp;<em>(Ya aku akan mencoba lebih keras lain kali)</em></li>\r\n	<li>Thank you, I&#39;d really appreciate that<em>&nbsp;(Terima kasih. Aku sangat menghargai itu)</em></li>\r\n</ul>\r\n\r\n<p><strong>Contoh Dialog Showing Care / Sympathy</strong></p>\r\n\r\n<p>&nbsp;</p>\r\n\r\n<p><strong>Dialog 1</strong></p>\r\n\r\n<p>Rama : You look so pale. I bring you some soup, fix you some tea and bake you some treats. Hope you recover soon.&nbsp;<em>(Kau terlihat sangat pucat, aku membawakanmu sup,teh, dan juga aku sudah memanggang kue untukmu. Semoga kau cepat sembuh)</em></p>\r\n\r\n<p>Imran : Thanks a lot. What a lovely friend you are! I really appreciate that.&nbsp;<em>(Terima kasih banyak. Kau teman yang sangat baik! aku sangat menghargainya)</em></p>\r\n\r\n<p>Rido : I also water your plants and tidy your room.&nbsp;<em>(Aku juga menyiram tanamanmu dan membereskan kamarmu)</em></p>\r\n\r\n<p>Imran : Thank you very much. I&#39;m glad you do it for me.&nbsp;<em>(Terima kasih, aku senang kau melakukannya untukku)</em></p>\r\n\r\n<p>Ramon : To help you feel better, I&#39;d fluff up your pillow and straighten your sheets.&nbsp;<em>(Untuk membantumu lebih baik, aku sudah membereskan bantal dan sprei untukmu)</em></p>\r\n\r\n<p>Imron : I am so grateful to you. You are the best friends I have ever had.&nbsp;<em>(Aku sangat bersyukur padamu. Kau adalah teman terbaik yang aku punya)</em></p>\r\n\r\n<p>&nbsp;</p>\r\n\r\n<p><strong>Dialog 2</strong></p>\r\n\r\n<p>Rina : Hello Eka. You looks sad today.&nbsp;<em>(Halo Eka. Kau terlihat sedih hari ini)</em></p>\r\n\r\n<p>Eka : Oh, yes I&#39;m a little bit sad actually.&nbsp;<em>(Ya, sebenarnya aku sedikit sedih hari ini)</em></p>\r\n\r\n<p>Rina : Please take a look. I bought this for you. Today is your birthday right?&nbsp;<em>(Tolong lihat, aku membelikannya untukmu. Hari ini ulang tahunmu kan?)</em></p>\r\n\r\n<p>Eka : Oh, thank you that&#39;s very nice of you. Let me see. Oh this is such a cute doll. Thank you.&nbsp;<em>(Oh, terima kasih kau sangat baik. Biarkan aku melihatnya. Ini boneka yang sangat lucu. Terima kasih)</em></p>\r\n\r\n<p>Rina : That&#39;s nothing.&nbsp;<em>(Itu bukan apa - apa)</em></p>\r\n\r\n<p>Eka : You remember my birthday when nobody does.&nbsp;<em>(Kau mengingat ulang tahunku ketika orang lain tidak mengingatnya)</em></p>\r\n\r\n<p>Rina : That&#39;s what friends are for&nbsp;<em>(Itulah gunanya teman)</em></p>\r\n\r\n<p>&nbsp;</p>\r\n\r\n<p><strong>Dialog 3</strong></p>\r\n\r\n<p>Riki :Hello Prilly.&nbsp;<em>(Halo Prilly)</em></p>\r\n\r\n<p>Prilly : Hi Riki.&nbsp;<em>(Hi Riki)</em></p>\r\n\r\n<p>Riki : My deep condolences for your father loss.&nbsp;<em>(Turut berduka cita atas meninggalnya ayahmu)</em></p>\r\n\r\n<p>Prilly : Thank you, but it feels like i&#39;m really broken now.&nbsp;<em>(Terima kasih, tapi sepertinya aku sangat sakit hati sekarang)</em></p>\r\n\r\n<p>Riki : I know how it feels. I will be with you whenever you need me. I promise.&nbsp;<em>(Aku tahu bagaimana rasanya. Aku akan bersama denganmu kapanpun kau menginginkanku. Aku berjanji.)</em></p>\r\n\r\n<p>Prilly : Thank you, you are really my best friend i&#39;ve ever had.&nbsp;<em>(Terima kasih, kau adalah teman terbaik yang aku punya)</em></p>', 3, 1, 1, '2017-12-17 03:04:39', '2017-12-17 03:04:39', NULL),
(60, 7, 'Congratulating', 'Congratulating', '1513505910-materi congratulation.jpg', 'Pada kehidupan sehari - hari kita pasti pernah memberikan selamat atas keberhasilan seseorang atau pencapaian yang baru saja dia alami. Nah, sekarang kita akan belajar bagaimana tentang memberi selamat kepada seseorang atau bahasa inggrisnya adalah congratulating others. Mari kita simak contoh kalimatnya dibawah ini.', '<p><strong>Expression of Congratulations</strong></p>\r\n\r\n<p>&nbsp;</p>\r\n\r\n<ul>\r\n	<li>Congratulations!</li>\r\n	<li>I&#39;m very happy of you!</li>\r\n	<li>That&#39;s wonderful!</li>\r\n	<li>Good for you!</li>\r\n	<li>Best of luck!</li>\r\n	<li>Well done!</li>\r\n	<li>Fantastic job!</li>\r\n	<li>You must be very happy with your achievement.</li>\r\n	<li>I&#39;d like to congratulate you on your accomplishment!</li>\r\n	<li>Please accept my warmest congratulation</li>\r\n	<li>I must congratulate you on your success!</li>\r\n	<li>Happy Birthday</li>\r\n	<li>Happy New Year</li>\r\n	<li>Happy Eid Mubarak</li>\r\n	<li>Happy Anniversary</li>\r\n	<li>Let me congratulate you</li>\r\n	<li>I would be the first to congratulate you on...</li>\r\n	<li>I would like to congratulate you on</li>\r\n	<li>Please accept mywarmest congratulations.</li>\r\n	<li>May I congratulate you.</li>\r\n	<li>It was great to hear about...</li>\r\n	<li>Well done!</li>\r\n</ul>\r\n\r\n<p><strong>Responds to Expresion of Congratulations</strong></p>\r\n\r\n<ul>\r\n	<li>It&#39;s very good of you to say so</li>\r\n	<li>Thank you, I can&#39;t forget your help to me</li>\r\n	<li>How nice of you to say so</li>\r\n	<li>Thank you very much for saying so</li>\r\n	<li>I&#39;m glad you think so</li>\r\n	<li>Oh, actually it&#39;s nothing special</li>\r\n	<li>Oh, I have a lot to learn yet</li>\r\n	<li>Oh, not really</li>\r\n	<li>Oh, nothing to it, actually</li>\r\n	<li>Oh thanks&#39;</li>\r\n</ul>\r\n\r\n<p><strong>Contoh Dialog Expression of Congratulations</strong></p>\r\n\r\n<p>&nbsp;</p>\r\n\r\n<p><strong>Dialog 1</strong></p>\r\n\r\n<p>Dina : Hi, Yuni. What&#39;s your daughter doing these days?&nbsp;<em>(Hai Yuni, apa yang anakmu lakukan akhir-akhir ini)</em></p>\r\n\r\n<p>Yuni : Oh, she&#39;s in college. In fact, she plans to graduate this june.&nbsp;<em>(Oh, dia sedang kuliah. Faktanya, dia berencana untuk lulus pada juni ini)</em></p>\r\n\r\n<p>Dina : That&#39;s wonderful! You must be very proud of her.&nbsp;<em>(itu luar biasa! kau pasti sangat bangga padanya)</em></p>\r\n\r\n<p>&nbsp;</p>\r\n\r\n<p><strong>Dialog 2</strong></p>\r\n\r\n<p>Rani : Hi Anisa.&nbsp;<em>(Hai Anisa)</em></p>\r\n\r\n<p>Anisa : Hi, you look great in that pink head scarf. What a nice scarf!&nbsp;<em>(Hai, kau terlihat luar biasa dengan kerudung pink. kerudung yang sangat cantik)</em></p>\r\n\r\n<p>Rani : How nice of you to say that.&nbsp;<em>(Baik sekali dirimu mengatakan itu)</em></p>\r\n\r\n<p>Anisa : I&#39;ve never seen you in that hat. Where did you buy it?&nbsp;<em>(Aku tidak pernah melihatmu memakai topi. Dimana kau membelinya?)</em></p>\r\n\r\n<p>Rani : My mom bought it for me when she went to the market.&nbsp;<em>(Ibuku membelikannya untukku ketika dia pergi ke pasar)</em></p>\r\n\r\n<p>Anisa : I see&nbsp;<em>(Baiklah)</em></p>\r\n\r\n<p>Rani : Look. The teacher is coming!&nbsp;<em>(Lihat, gurunya sudah datang)</em></p>\r\n\r\n<p>Anisa : Pak Sultoni!<em>(Pak Sultoni!)</em></p>\r\n\r\n<p>Mr. Sultoni : Hi, how are you?&nbsp;<em>(Hai, apa kabarmu)</em></p>\r\n\r\n<p>Rani : We&#39;re good, thanks.How about you?<em>(Kami baik-baik saja, terimakasih. bagaimana denganmu?)</em></p>\r\n\r\n<p>Mr.Sultoni : Excellent!&nbsp;<em>(Luar biasa)</em></p>\r\n\r\n<p>Rani : I love your hair cut, Pak Sultoni.<em>(aku suka potongan rambutmu, Pak Sultoni)</em></p>\r\n\r\n<p>Anisa : Yes, you are looking good with your hairstyle.&nbsp;<em>(Ya, kau terlihat tampan dengan gaya rambutmu)</em></p>\r\n\r\n<p>.Mr. Sultoni : Thanks a lot. Rani, I heard you won the Math Olympiad. Is it true?&nbsp;<em>(Terima kasih banyak rani. Aku dengar kau memenangkan Olimpiade Matematika. Apakah itu benar?)</em></p>\r\n\r\n<p>Rani : Yes, I won the second prize last week.&nbsp;<em>(Ya, aku memenangkan juara kedua minggu lalu)</em></p>\r\n\r\n<p>Anisa : She is good at it.&nbsp;<em>(Dia yang terbaik di bidang itu)</em></p>\r\n\r\n<p>Mr. Sultoni : I&#39;m glad to hear that.&nbsp;<em>(Aku senang mendengarnya)</em></p>\r\n\r\n<p>Rani : Thank you very much for saying so.&nbsp;<em>(Terima kasih banyak untuk menagatakannya)</em></p>\r\n\r\n<p>&nbsp;</p>\r\n\r\n<p><strong>Dialog 3</strong></p>\r\n\r\n<p>Rudi : Hi Ben. How are you? (<em>Hai Ben, apa kabarmu?)</em></p>\r\n\r\n<p>Ben : Hi, you look great in that black jacket.&nbsp;<em>(Kau terlihat luar biasa memakai jaket hitam,)</em></p>\r\n\r\n<p>Rudi : Thank you for saying so.&nbsp;<em>(Terima kasih karena mengatakan itu)</em></p>\r\n\r\n<p>Ben : I&#39;ve never seen you in that outfit. Is it new?&nbsp;<em>(Aku tidak pernah melihatmu dengan pakaianmu itu. Apakah itu baru?)</em></p>\r\n\r\n<p>Rudi : My sister bought it for me when she went to Singapore.&nbsp;<em>(Kakakku membelikannya untukku ketika dia pergi ke singapura)</em></p>\r\n\r\n<p>Ben : Oh, I see.&nbsp;<em>(Oh, baiklah)</em></p>\r\n\r\n<p>Rudi : Look. What a nice new hair style! Who did your haircut! I like it a lot.&nbsp;<em>(Lihat. gaya rambut baru yang bagus! Siapa yang memotongnya? Aku suka sekali)</em></p>\r\n\r\n<p>Ben : Oh, Yes I think that way too. My brother did it. I can ask him to do yours if you want to.&nbsp;<em>(Oh ya, kurasa juga seperti itu. Kakakku yang melakukannya. Aku bisa meminta kepadanya jika kamu mau)</em></p>\r\n\r\n<p>Rudi : Yes, please. Look! Andi is coming.&nbsp;<em>(Ya tolong. Lihat Andi datang)</em></p>\r\n\r\n<p>Ben : Hi Andi, I heard you won the speech contest last month. Congratulations! You deserved it.&nbsp;<em>(Hai Andi. Aku dengar kau memenangkan kontes pidato bulan lalu. Selamat! Kau pantas mendapatkannya.)</em></p>\r\n\r\n<p>Rudi : Fantastic! It&#39;s a great job, bro!&nbsp;<em>(Fantastis! Itu kerja bagus bro!)</em></p>\r\n\r\n<p>Andi : Oh, thanks. It&#39;s nothing actually.&nbsp;<em>(Oh terimakasih. Itu bukan apa apa)</em></p>', 4, 1, 1, '2017-12-17 03:18:30', '2017-12-17 03:18:30', NULL),
(61, 8, 'Klasifikasi Makhluk Hidup', 'Klasifikasi Makhluk Hidup', NULL, 'Disini kita akan mempelajari materi tentang pertumbuhan dan perkembangan pada tumbuhan', '<ul>\r\n	<li>Sistem klasifikasi : Sistem yang dapat memudahkan kita mempelajari dan mengenali makhluk hidup</li>\r\n	<li>Taksonomi : Cabang ilmu biologi yang mengkaji pengelompokkan makhluk hidup</li>\r\n	<li>Sistem klasifikasi makhluk hidup pertama kali dipelopori oleh Carolus Linnaeus</li>\r\n	<li>Proses klasifikasi &ndash; makhluk hidup dikelompokkan berdasarkan persamaan dan perbedaan cirinya</li>\r\n	<li>\r\n	<div>1.&nbsp;&nbsp;&nbsp;&nbsp;&nbsp;&nbsp;&nbsp;&nbsp;Sistem klasifikasi alami&nbsp;&nbsp;&nbsp;&nbsp;&nbsp;&nbsp;&nbsp;&nbsp;&nbsp;&nbsp;&nbsp;&nbsp;&nbsp;&nbsp;&nbsp;&nbsp;&nbsp;&nbsp;&nbsp;&nbsp;&nbsp;&nbsp;&nbsp;&nbsp;&nbsp;&nbsp;&nbsp;&nbsp;&nbsp;&nbsp;&nbsp;&nbsp;&nbsp;: Pengelompokkan berdasarkan ciri morfologi, anatomi, dan fisiologi</div>\r\n\r\n	<div>2.&nbsp;&nbsp;&nbsp;&nbsp;&nbsp;&nbsp;&nbsp;&nbsp;Sistem klasifikasi filogeni&nbsp;&nbsp;&nbsp;&nbsp;&nbsp;&nbsp;&nbsp;&nbsp;&nbsp;&nbsp;&nbsp;&nbsp;&nbsp;&nbsp;: Pengelompokkan yang memperhatikan sejarah evolusi</div>\r\n\r\n	<div>3.&nbsp;&nbsp;&nbsp;&nbsp;&nbsp;&nbsp;&nbsp;&nbsp;Sistem klasifikasi buatan&nbsp;&nbsp;&nbsp;&nbsp;&nbsp;&nbsp;&nbsp;&nbsp;&nbsp;&nbsp;&nbsp;&nbsp;&nbsp;&nbsp;&nbsp;: Pengelompokkan berdasarkan ciri morfologi yang mudah dilihat</div>\r\n	</li>\r\n	<li>Tingkatan takson makhluk hidup :</li>\r\n	<li>\r\n	<div>1.&nbsp;&nbsp;&nbsp;&nbsp;&nbsp;&nbsp;&nbsp;&nbsp;Kingdom</div>\r\n\r\n	<div>2.&nbsp;&nbsp;&nbsp;&nbsp;&nbsp;&nbsp;&nbsp;&nbsp;Filum (untuk hewan) atau divisio (untuk tumbuhan)</div>\r\n\r\n	<div>3.&nbsp;&nbsp;&nbsp;&nbsp;&nbsp;&nbsp;&nbsp;&nbsp;Kelas</div>\r\n\r\n	<div>4.&nbsp;&nbsp;&nbsp;&nbsp;&nbsp;&nbsp;&nbsp;&nbsp;Ordo</div>\r\n\r\n	<div>5.&nbsp;&nbsp;&nbsp;&nbsp;&nbsp;&nbsp;&nbsp;&nbsp;Family</div>\r\n\r\n	<div>6.&nbsp;&nbsp;&nbsp;&nbsp;&nbsp;&nbsp;&nbsp;&nbsp;Genus</div>\r\n\r\n	<div>7.&nbsp;&nbsp;&nbsp;&nbsp;&nbsp;&nbsp;&nbsp;&nbsp;Spesies</div>\r\n	</li>\r\n	<li>Sistem tata nama makhluk hidup :</li>\r\n	<li>\r\n	<div>o&nbsp;&nbsp;&nbsp;&nbsp;Carolus Linnaeus pada tahun 1735 menciptakan sistem tata nama</div>\r\n\r\n	<div>o&nbsp;&nbsp;&nbsp;&nbsp;Menggunakan bahasa Latin</div>\r\n\r\n	<div>o&nbsp;&nbsp;&nbsp;&nbsp;Terdiri dari 2 bagian :</div>\r\n\r\n	<div style=\"margin-left:1in;\">1.&nbsp;&nbsp;&nbsp;&nbsp;&nbsp;&nbsp;&nbsp;&nbsp;Bagian pertama : Nama genus (diawali huruf besar)</div>\r\n\r\n	<div style=\"margin-left:1in;\">2.&nbsp;&nbsp;&nbsp;&nbsp;&nbsp;&nbsp;&nbsp;&nbsp;Bagian kedua&nbsp; &nbsp; : Nama spesies (diawali huruf kecil)</div>\r\n\r\n	<div>o&nbsp;&nbsp;&nbsp;&nbsp;Kedua bagian nama tersebut dicetak miring jika diketik dengan komputer atau digarisbawahi jika ditulis dengan tangan</div>\r\n\r\n	<div>o&nbsp;&nbsp;&nbsp;&nbsp;Sistem penamaan yang terdiri dari 2 bagian ini disebut tata nama ganda (<em>binomial nomenclature</em>)</div>\r\n	</li>\r\n	<li>Manfaat klasifikasi :</li>\r\n	<li>\r\n	<div>1.&nbsp;&nbsp;&nbsp;&nbsp;&nbsp;&nbsp;&nbsp;&nbsp;Mengetahui keanekaragaman hayati</div>\r\n\r\n	<div>2.&nbsp;&nbsp;&nbsp;&nbsp;&nbsp;&nbsp;&nbsp;&nbsp;Mengenal berbagai jenis spesies makhluk hidup meliputi ciri makhluk hidup, hubungan kekerabatan, interaksi antar makhluk hidup dengan lingkungannya</div>\r\n\r\n	<div>3.&nbsp;&nbsp;&nbsp;&nbsp;&nbsp;&nbsp;&nbsp;&nbsp;Mengetahui ciri-ciri unggul dari berbagai spesies makhluk hidup, kita dapat memanfaatkan secara langsung antara lain untuk bahan pangan, sandang, dan papan</div>\r\n	</li>\r\n	<li>Beberapa sistem klasifikasi yang sudah dikembangkan para ilmuwan biologi :</li>\r\n	<li>\r\n	<div>1.&nbsp;&nbsp;&nbsp;&nbsp;&nbsp;&nbsp;&nbsp;&nbsp;Sistem dua kingdom&nbsp;&nbsp;&nbsp;&nbsp;&nbsp;&nbsp;&nbsp;: Kelompok tumbuhan dan kelompok hewan</div>\r\n\r\n	<div>2.&nbsp;&nbsp;&nbsp;&nbsp;&nbsp;&nbsp;&nbsp;&nbsp;Sistem tiga kingdom&nbsp;&nbsp;&nbsp;&nbsp;&nbsp;&nbsp;: Protista, plantae, dan animalia</div>\r\n\r\n	<div>3.&nbsp;&nbsp;&nbsp;&nbsp;&nbsp;&nbsp;&nbsp;&nbsp;Sistem empat kingdom&nbsp;: Monera, protsta, plantae, dan animalia</div>\r\n\r\n	<div>4.&nbsp;&nbsp;&nbsp;&nbsp;&nbsp;&nbsp;&nbsp;&nbsp;Sistem lima kingdom&nbsp;&nbsp;&nbsp;&nbsp;&nbsp;: Monera, protista, fungi, plantae, animalia</div>\r\n\r\n	<div>5.&nbsp;&nbsp;&nbsp;&nbsp;&nbsp;&nbsp;&nbsp;&nbsp;Sistem enam kingdom&nbsp;&nbsp;&nbsp;: Eubacteria, Archaebacteria, protista, fungi, plantae, dan animalia</div>\r\n	</li>\r\n	<li>Identifikasi atau determinasi adalah menentukan nama hewan atau tumbuhan dengan benar dan menempatkannya di dalam sistem klasifikasi hewan dan tumbuhan. Caranya :</li>\r\n	<li>\r\n	<div>1.&nbsp;&nbsp;&nbsp;&nbsp;&nbsp;&nbsp;&nbsp;&nbsp;Ingatan&nbsp;&nbsp;&nbsp;&nbsp;&nbsp;&nbsp;&nbsp;&nbsp;&nbsp;&nbsp;&nbsp;&nbsp;: Determinasi dilakukan berdarkan pengetahuan atau ingatan kita tentang tumbuhan atau hewan yang dikenal sebelumnya</div>\r\n\r\n	<div>2.&nbsp;&nbsp;&nbsp;&nbsp;&nbsp;&nbsp;&nbsp;&nbsp;Bantuan orang lain&nbsp;&nbsp;&nbsp;&nbsp;&nbsp;&nbsp;&nbsp;&nbsp;&nbsp;: Determinasi tumbuhan/hewan dapat dilakukan dengan meminta bantuan ahli-ahlu botani, zoologi, atau siapa saja yang dapat membantu</div>\r\n\r\n	<div>3.&nbsp;&nbsp;&nbsp;&nbsp;&nbsp;&nbsp;&nbsp;&nbsp;Spesimen acuan&nbsp;&nbsp;&nbsp;&nbsp;&nbsp;&nbsp;&nbsp;&nbsp;&nbsp;&nbsp;&nbsp;&nbsp;&nbsp;: Identifikasi tumbuhan/hewan dilakukan dengan membandingkan secara langsung dengan spesimen acuan yang telah diidentifikasi dan diberi etiket bertuliskan namanya</div>\r\n\r\n	<div>4.&nbsp;&nbsp;&nbsp;&nbsp;&nbsp;&nbsp;&nbsp;&nbsp;Pustaka : Membandingkan/mencocokkan ciri-ciri tumbuhan.hewan yang akan diidentifikasi dengan pustaka. Dapat pula mengguanakan kunci identifikasi atau determinasi</div>\r\n\r\n	<div>5.&nbsp;&nbsp;&nbsp;&nbsp;&nbsp;&nbsp;&nbsp;&nbsp;Komputer&nbsp;&nbsp;&nbsp;&nbsp;&nbsp;&nbsp;&nbsp;&nbsp;: Program komputer yang dapat menyimpan, mengolah, dan memberikan keterangan tentang tumbuhan/hewan</div>\r\n	</li>\r\n	<li>Kunci dikotom : Kunci identifikasi dengan menelusuri jalur yang ditetapkan oleh keputusan beraturan dengan setiap pilihannya adalah biner (karena hanya ada 2 alternatif)&nbsp;</li>\r\n</ul>', 1, 1, 1, '2017-12-17 03:35:11', '2017-12-17 03:35:11', NULL),
(62, 8, 'Virus', 'Virus', NULL, 'Disini kita akan mempelajari tentang virus', '<p>Ciri virus :<br />\r\n1. &nbsp; &nbsp; &nbsp; &nbsp;Ukuran dan bentuk<br />\r\n1. &nbsp; &nbsp; &nbsp; &nbsp;25-300 nm<br />\r\n2. &nbsp; &nbsp; &nbsp; &nbsp;Paling kecil virus polio. Paling besar virus TMV<br />\r\n3. &nbsp; &nbsp; &nbsp; &nbsp;Bulat : Virus influenza, &amp; HIV<br />\r\n4. &nbsp; &nbsp; &nbsp; &nbsp;Oval : Virus rabies<br />\r\n5. &nbsp; &nbsp; &nbsp; &nbsp;Batang : Virus TMV<br />\r\n6. &nbsp; &nbsp; &nbsp; &nbsp;Polihedral : Adenovirus<br />\r\n7. &nbsp; &nbsp; &nbsp; &nbsp;Huruf T : Bakteriofage<br />\r\n2. &nbsp; &nbsp; &nbsp; &nbsp;Struktur dan fungsi<br />\r\n1. &nbsp; &nbsp; &nbsp; &nbsp;Bukan berupa sel (aseluler), berupa partikel yang disebut virion<br />\r\n2. &nbsp; &nbsp; &nbsp; &nbsp;Asam nukleat : Molekul pembawa informasi genetika. DNA saja/RNA saja<br />\r\n3. &nbsp; &nbsp; &nbsp; &nbsp;Selubung protein (kapsid) : Pembungkus asam nukleat, tersusun dari subunit protein yang disebut kapsomer<br />\r\n4. &nbsp; &nbsp; &nbsp; &nbsp;Memberi bentuk virus<br />\r\n5. &nbsp; &nbsp; &nbsp; &nbsp;Virus kompeks : Memiliki bagian kepala dan ekor. Contoh : Bakteriofage<br />\r\n6. &nbsp; &nbsp; &nbsp; &nbsp;Gabungan dari asam nukleat dan kapsid disebut nukleokapsid<br />\r\nReproduksi :<br />\r\n1. &nbsp; &nbsp; &nbsp; &nbsp;Tahap pelekatan : Saat partikel virus (virion) melekat pada sel yang diinfeksi. Tempat pelekatan disebut reseptor<br />\r\n2. &nbsp; &nbsp; &nbsp; &nbsp;Tahap penetrasi : Tahap materi genetik virus masuk ke dalam sitoplasma sel inang<br />\r\n3. &nbsp; &nbsp; &nbsp; &nbsp;Tahap replikasi dan sintesis : Tahap terjadinya perbanyakan partikel virus di dalam sel inang. Sel inang akan dikendalikan sehingga sel dapat membuat komponen virus<br />\r\n4. &nbsp; &nbsp; &nbsp; &nbsp;Tahap pematangan : Penyusunan asam nukleat dan protein menjadi partikel virus yang utuh<br />\r\n5. &nbsp; &nbsp; &nbsp; &nbsp;Tahap pelepasan : Tahap partikel virus keluar dari sel inang dengan memecahkan sel tersebut<br />\r\n6. &nbsp; &nbsp; &nbsp; &nbsp;Siklus litik : Tahapnya seperti diatas, pematangan berlangsung cepat kemudian memecahkan sel tersebut hingga sel inang mati (lisis)<br />\r\n7. &nbsp; &nbsp; &nbsp; &nbsp;Siklus lisogenik : DNA/RNA virus yang disisipkan pada kromosom sel inang akan mengadakan replikasi secara terus-menerus. Menghasilkan banyak sel anakan yang terinfeksi<br />\r\nHabitat :&nbsp;<br />\r\n1. &nbsp; &nbsp; &nbsp; &nbsp;Bakteri<br />\r\n2. &nbsp; &nbsp; &nbsp; &nbsp;Mikroorganisme<br />\r\n3. &nbsp; &nbsp; &nbsp; &nbsp;Eukariot (seperti protozoa dan khamir)<br />\r\n4. &nbsp; &nbsp; &nbsp; &nbsp;Tumbuhan : Masuk melalui perantara serangga (vektor)<br />\r\n5. &nbsp; &nbsp; &nbsp; &nbsp;Hewan/manusia : Masuk melalui makanan, minuman, udara, darah, luka, atau gigitan<br />\r\nKlasifikasi :<br />\r\n1. &nbsp; &nbsp; &nbsp; &nbsp;Menggunakan sistem ICTV (International Committee on Taxonomy of Viruses)<br />\r\n2. &nbsp; &nbsp; &nbsp; &nbsp;3 tingkat takson :<br />\r\na. &nbsp; &nbsp; &nbsp; &nbsp;famili diakhiri viridae,<br />\r\nb. &nbsp; &nbsp; &nbsp; &nbsp;genus diakhiri virus,<br />\r\nc. &nbsp; &nbsp; &nbsp; &nbsp;spesies menggunakan bahasa Inggris dan diakhiri virus&nbsp;<br />\r\n3. &nbsp; &nbsp; &nbsp; &nbsp;Virus bakteri : Bakteriofage/fage, mengandung DNA<br />\r\n4. &nbsp; &nbsp; &nbsp; &nbsp;Virus mikroorganisme eukariotik : Mengandung RNA, contoh : Mycovirus<br />\r\n5. &nbsp; &nbsp; &nbsp; &nbsp;Virus tumbuhan : Mengandung RNA, contoh : TMV<br />\r\n6. &nbsp; &nbsp; &nbsp; &nbsp;Virus hewan : Mengandung RNA/DNA, contoh : Virus penyakit mulut dan kaki pada sapi<br />\r\nVirus yang memberi manfaat : Bidang rekayasa genetika krn dapat digunakan untuk kloning gen (produksi DNA secara identik). Co : Mengendalikan pertumbuhan serangga, terapi gen manusia<br />\r\nVirus yang merugikan :&nbsp;<br />\r\n1. &nbsp; &nbsp; &nbsp; &nbsp;Virus yang menyebabkan penyakit pada manusia<br />\r\n&sect; &nbsp;Influenza virus : Menyebabkan penyaki flu<br />\r\n&sect; &nbsp;Human immunodeficiency virus (HIV) : Penyebab AIDS, menyerang sel-sel darah putih jenis limfosit B<br />\r\n&sect; &nbsp;Hepatitis delta virus : Penyakit hepatitis B<br />\r\n&sect; &nbsp;Ebola virus : Penyakit ebola<br />\r\n&sect; &nbsp;Measles virus : Penyakit cacar<br />\r\n&sect; &nbsp;Polio virus : Penyakit polio<br />\r\n&sect; &nbsp;Herpes simplex virus : Penyakit herpes<br />\r\n&sect; &nbsp;Mumps virus : Penyakit gondong<br />\r\n&sect; &nbsp;Human papollomavirus : Penyebab kutil pada kilit<br />\r\n2. &nbsp; &nbsp; &nbsp; &nbsp;Virus yang menyebabkan penyakit pada hewan<br />\r\n&sect; &nbsp;Rous sarcoma (RSV) : Penyebab tumor pada ayam<br />\r\n&sect; &nbsp;Bovine papillomavirus : Penyebab tumor pada sapi<br />\r\n&sect; &nbsp;Virus penyakit mulut dan kaki pada sapi<br />\r\n&sect; &nbsp;Virus penyakit tetelo pada ayam (Newcastle disease)<br />\r\n&sect; &nbsp;Rabies virus : Penyebab rabies pada anjing, monyet, kucing dan manusia<br />\r\n3. &nbsp; &nbsp; &nbsp; &nbsp;Virus yang menyebabkan penyakit pada tumbuhan&nbsp;<br />\r\n&sect; &nbsp;Tobacco mosaic virus (TMV) : Penyakit mosaik pada tembakau<br />\r\n&sect; &nbsp;Citrus leprosis virus (CiLV) : Penyebab penyakit pada jeruk<br />\r\n&sect; &nbsp;Virus tungro : Penyakit pada tanaman padi<br />\r\n&sect; &nbsp;Virus yang menyerang tanaman hias<br />\r\nPencegahan terhadap virus : Pemberian vaksin. Vaksin adalah suatu zat yang mengandung mikroorganisme patogen yang sudah dilemahkan, memberikan kekebalan secara pasif. Contoh :<br />\r\no &nbsp; &nbsp;OPV (Oral polio vaccine) : Vaksin polio<br />\r\no &nbsp; &nbsp;Vaksin rabies<br />\r\no &nbsp; &nbsp;Vaksin hepatitis B<br />\r\no &nbsp; &nbsp;Vaksin influenza<br />\r\no &nbsp; &nbsp;Vaksin cacar<br />\r\no &nbsp; &nbsp;Vaksin MMR (Measles, Mumps, Rubella) untuk cacar, gondong dan campak</p>', 2, 1, 1, '2017-12-17 03:36:31', '2017-12-17 03:36:31', NULL);
INSERT INTO `lessons` (`id`, `course_id`, `title`, `slug`, `lesson_image`, `short_text`, `full_text`, `position`, `free_lesson`, `published`, `created_at`, `updated_at`, `deleted_at`) VALUES
(63, 8, 'Eubacteria dan Archaebacteria', 'Eubacteria dan Archaebacteria', NULL, 'Disini kita akan mempelajari tentang Eubacteria dan Archaebacteria', '<div style=\"margin-left:22.5pt;\">A.&nbsp;&nbsp;&nbsp;&nbsp;&nbsp;&nbsp;&nbsp;Eubacteria&nbsp;</div>\r\n\r\n<ul>\r\n	<li><em>eu</em>&nbsp;(=sejati) dan&nbsp;<em>bacteria</em>&nbsp;(=bakteri).&nbsp;<em>Eubacteria&nbsp;</em>(=bakteri sejati)</li>\r\n	<li>Bakteri ditemukan pertama kali oleh Anthony Van Leeuwenhoek</li>\r\n	<li>Ilmu yang mempelajari bakteri adalah bakteriologi</li>\r\n	<li>Ciri sel :&nbsp;</li>\r\n</ul>\r\n\r\n<div>1.&nbsp;&nbsp;&nbsp;&nbsp;&nbsp;&nbsp;&nbsp;&nbsp;Ukuran dan bentuk sel&nbsp;: berdiameter 0,12 mikron sampai ratusan mikron. Dapat dilihat dengan mikroskop cahaya dan mikroskop elektron. Ada 3 bentuk dasar :</div>\r\n\r\n<div>\r\n<div style=\"margin-left:1in;\">&sect;&nbsp;&nbsp;Kokus&nbsp;(bulat)&nbsp;</div>\r\n\r\n<div style=\"margin-left:1in;\">&sect;&nbsp;&nbsp;Basil&nbsp;(batang)</div>\r\n\r\n<div style=\"margin-left:1in;\">&sect;&nbsp;&nbsp;spirila&nbsp;(spiral)</div>\r\n\r\n<div>2.&nbsp;&nbsp;&nbsp;&nbsp;&nbsp;&nbsp;&nbsp;&nbsp;Struktur dan fungsi sel&nbsp;:</div>\r\n\r\n<div style=\"margin-left:1in;\">&sect;&nbsp;&nbsp;Dinding sel : berfungsi sebagai pelindung dan pemberi bentuk bakteri. Terususn dari<em>peptidoglikan</em>, yaitu gabungan protein dan polisakarida. Berdasarkan ketebalan lapisan peptidoglikan :&nbsp;</div>\r\n\r\n<div style=\"margin-left:1.25in;\">1.&nbsp;&nbsp;&nbsp;&nbsp;&nbsp;&nbsp;&nbsp;&nbsp;Bakteri gram positif : Bakteri yang memiliki dinding sel dengan lapisan peptodoglikan yang tebal, warna : ungu, co : Vibrio cholerae</div>\r\n\r\n<div style=\"margin-left:1.25in;\">2.&nbsp;&nbsp;&nbsp;&nbsp;&nbsp;&nbsp;&nbsp;&nbsp;Bakteri gram negatif : Bakteri yang memiliki dinding sel dengan lapisan peptidoglikan yang tipis, warna : merah muda/merah, co : E.coli</div>\r\n\r\n<div style=\"margin-left:1in;\">&sect;&nbsp;&nbsp;Membran plasma&nbsp;: Membarn yang menyelubungi sitoplasma. Tersusun dari lapisan fosfolipid dan protein. Bersifat selektif permeabel dan berfungsi untuk mengatur pertukaran zat antara sel dengan lingkungannya</div>\r\n\r\n<div style=\"margin-left:1in;\">&sect;&nbsp;&nbsp;Sitoplasma&nbsp;: Cairan sel. Mengandung ribosom, DNA, dan granula penyimpanan</div>\r\n\r\n<div style=\"margin-left:1in;\">&sect;&nbsp;&nbsp;Ribosom&nbsp;: Organel yang berukuran sangat kecil dan merupakan tempat terjadinya sintesis protein yang dibantu oleh RNA</div>\r\n\r\n<div style=\"margin-left:1in;\">&sect;&nbsp;&nbsp;DNA&nbsp;: Materi pembawa informasi genetik&nbsp;</div>\r\n\r\n<div style=\"margin-left:1in;\">&sect;&nbsp;&nbsp;Granula penyimpanan&nbsp;: Berfungsi untuk menyimpan cadangan makanan</div>\r\n\r\n<div style=\"margin-left:1in;\">&sect;&nbsp;&nbsp;Kapsul atau lapisan lendir&nbsp;: lapisan diluar dinding sel. Tebal=kapsul / tipis=lapisan lendir. Berfungsi membantu sel bakteri melekat pada suatu permukaan/dengan sel bakteri lainnya, pertahanan bakteri dari sel-sel fagosit, dan melindungi sel bakteri saat mengalami kekeringan</div>\r\n\r\n<div style=\"margin-left:1in;\">&sect;&nbsp;&nbsp;Flagelum&nbsp;: Bulu cambuk&nbsp;</div>\r\n\r\n<div style=\"margin-left:1.25in;\">1.&nbsp;&nbsp;&nbsp;&nbsp;&nbsp;&nbsp;&nbsp;&nbsp;Satu : Monotrik</div>\r\n\r\n<div style=\"margin-left:1.25in;\">2.&nbsp;&nbsp;&nbsp;&nbsp;&nbsp;&nbsp;&nbsp;&nbsp;Banyak flagelum di satu sisi : Lofotrik</div>\r\n\r\n<div style=\"margin-left:1.25in;\">3.&nbsp;&nbsp;&nbsp;&nbsp;&nbsp;&nbsp;&nbsp;&nbsp;1/banyak flagelum di dua sisi : Amfitrik</div>\r\n\r\n<div style=\"margin-left:1.25in;\">4.&nbsp;&nbsp;&nbsp;&nbsp;&nbsp;&nbsp;&nbsp;&nbsp;Tersebar di seluruh permukaan : Peritrik</div>\r\n\r\n<div style=\"margin-left:1in;\">&sect;&nbsp;&nbsp;Endospora&nbsp;: Bentuk istirahat (laten) dari beberapa jenis bakteri gram positif</div>\r\n\r\n<ul>\r\n	<li>Cara hidup&nbsp;: Berdasarkan cara memperoleh makanan</li>\r\n</ul>\r\n\r\n<div>o&nbsp;&nbsp;&nbsp;&nbsp;Bakteri heterotrof&nbsp;: Bakteri yang makanannya berupa senyawa organik dari organisme lain.Terbagi menjadi :</div>\r\n\r\n<div style=\"margin-left:1in;\">1.&nbsp;&nbsp;&nbsp;&nbsp;&nbsp;&nbsp;&nbsp;&nbsp;Bakteri saprofit : Bakteri yang memperoleh makanan dari sisa organisme lain/produk organisme lain. Baketri pengurai (dekomposer)</div>\r\n\r\n<div style=\"margin-left:1in;\">2.&nbsp;&nbsp;&nbsp;&nbsp;&nbsp;&nbsp;&nbsp;&nbsp;Bakteri parasit : Bakteri yang memperoleh makanan dari inangnya. Jika menimbulkan penyakit pada inangnya maka akan disebut bakteri patogen</div>\r\n\r\n<div>o&nbsp;&nbsp;&nbsp;&nbsp;Bakteri autotrof&nbsp;: Bakteri yang mampu membuat makanannya sendiri</div>\r\n\r\n<ul>\r\n	<li>Berdasarkan Kebutuhan oksigen&nbsp;untuk merombak makanan agar memperoleh energi :</li>\r\n</ul>\r\n\r\n<div>o&nbsp;&nbsp;&nbsp;&nbsp;Bakteri aerob&nbsp;: Membutuhkan oksigen untuk memperoleh energi</div>\r\n\r\n<div>o&nbsp;&nbsp;&nbsp;&nbsp;Bakteri anaerob&nbsp;: Tidak membutuhkan oksigen untuk memperoleh energi. Energi diperoleh dengan fermentasi. Dibedakan menjadi :&nbsp;</div>\r\n\r\n<div style=\"margin-left:1in;\">1.&nbsp;&nbsp;&nbsp;&nbsp;&nbsp;&nbsp;&nbsp;&nbsp;Anaerob obligat : Hanya dapat hidup juka tidak ada oksigen</div>\r\n\r\n<div style=\"margin-left:1in;\">2.&nbsp;&nbsp;&nbsp;&nbsp;&nbsp;&nbsp;&nbsp;&nbsp;Anaerob fakultatif : Dapat hidup jika ada oksigen maupun tidak ada oksigen</div>\r\n\r\n<ul>\r\n	<li>Reproduksi&nbsp;:</li>\r\n</ul>\r\n\r\n<div>1.&nbsp;&nbsp;&nbsp;&nbsp;&nbsp;&nbsp;&nbsp;&nbsp;Aseksual : Pembelahan biner (setiap sel membelah menjadi 2)</div>\r\n\r\n<div>2.&nbsp;&nbsp;&nbsp;&nbsp;&nbsp;&nbsp;&nbsp;&nbsp;Seksual :&nbsp;</div>\r\n\r\n<div style=\"margin-left:1in;\">&sect;&nbsp;&nbsp;Transformasi : Masuknya DNA telanjang ke dalam sel bakteri dan mengubah sifat sel bakteri</div>\r\n\r\n<div style=\"margin-left:1in;\">&sect;&nbsp;&nbsp;Transduksi : Pemindahan materi genetik 1 sel bakteri ke sel bakteri lainnya dengan perantara organisme lain, yaitu bakteriofage</div>\r\n\r\n<div style=\"margin-left:1in;\">&sect;&nbsp;&nbsp;Konjugasi : Pemindahan materi genetik secara langsung melalui kontak sel dengan membentuk struktur seperti jembatan di antara 2 sel bakteri yang berdekatan</div>\r\n\r\n<ul>\r\n	<li>Habitat : Lingkungan lembab atau agak basah dengan temperatur 25-37 derajat Celsius</li>\r\n	<li>Klasifikasi eubacteria : 5 filum&nbsp;</li>\r\n</ul>\r\n\r\n<div style=\"margin-left:1in;\">1.&nbsp;&nbsp;&nbsp;&nbsp;&nbsp;&nbsp;&nbsp;&nbsp;Proteobacteria&nbsp;: bakteri ungu yang bersifat fotoautotrof/fotoheterotrof dan proteobacteria yang bersifat kemoautotrof/kemoheterotrof</div>\r\n\r\n<div style=\"margin-left:1in;\">2.&nbsp;&nbsp;&nbsp;&nbsp;&nbsp;&nbsp;&nbsp;&nbsp;Cyanobacteria&nbsp;:</div>\r\n\r\n<div style=\"margin-left:1.25in;\">&sect;&nbsp;&nbsp;Memiliki klorofil</div>\r\n\r\n<div style=\"margin-left:1.25in;\">&sect;&nbsp;&nbsp;Tidak memiliki alat gerak tapi dapat melakukan fotosintesis&nbsp;</div>\r\n\r\n<div style=\"margin-left:1.25in;\">&sect;&nbsp;&nbsp;Hidup soliter/koloni. Koloni berbentuk benang, lembaran, atau bola berongga.&nbsp;</div>\r\n\r\n<div style=\"margin-left:1.25in;\">&sect;&nbsp;&nbsp;Berbentuk benang ada 3 macam sel utama : 1. Heterokista : Sel berdinding tebal yang berguna untuk mengikat nitrogen, 2. Akinet : Sel berdinding tebal yang berfungsi untuk pertahanan diri, 3. Baeosit : Sel-sel bulat kecil hasil reproduksi, berguna untuk fotosintesis.</div>\r\n\r\n<div style=\"margin-left:1.25in;\">&sect;&nbsp;&nbsp;Tidak memiliki membarn inti (prokariot)</div>\r\n\r\n<div style=\"margin-left:1.25in;\">&sect;&nbsp;&nbsp;Mengandung pigmen klorofil, karoten, fikosianin (biru), dan fikoeritrin (merah)</div>\r\n\r\n<div style=\"margin-left:1.25in;\">&sect;&nbsp;&nbsp;Autotrof</div>\r\n\r\n<div style=\"margin-left:1.25in;\">&sect;&nbsp;&nbsp;Menghasilkan oksigen</div>\r\n\r\n<div style=\"margin-left:1.25in;\">&sect;&nbsp;&nbsp;Reproduksi : Aseksual : Pembelahan biner, fragmentasi, dan pembentukan akinet (spora)</div>\r\n\r\n<div style=\"margin-left:1in;\">3.&nbsp;&nbsp;&nbsp;&nbsp;&nbsp;&nbsp;&nbsp;&nbsp;Spirochetes&nbsp;: Berbentuk spiral dengan panjang 5-250 mikron. Merupakan bakteri gram negatif. Memiliki suatu struktur unik yang disebut filamen aksial : Semacam serabut di sepanjang tubuh, di dalam selubung terluang tetapi di luar dinding sel, berfungsi untuk membuat gerakan berputar</div>\r\n\r\n<div style=\"margin-left:1in;\">4.&nbsp;&nbsp;&nbsp;&nbsp;&nbsp;&nbsp;&nbsp;&nbsp;Chlamydias&nbsp;: Hidup sebagai parasit. Memiliki 2 bentuk sel dalam siklus hidupnya, yaitu :&nbsp;</div>\r\n\r\n<div style=\"margin-left:1.25in;\">&sect;&nbsp;&nbsp;Badan dasar : Masuk ke dalam sel inang dan berkembang menjadi badan inisial</div>\r\n\r\n<div style=\"margin-left:1.25in;\">&sect;&nbsp;&nbsp;Badan inisial : Tumbuh dan membelah diri, lalu membentuk badan dasar kembali dan dilepaskan ke sel inang yang disertai pecahnya sel inang</div>\r\n\r\n<div style=\"margin-left:1in;\">5.&nbsp;&nbsp;&nbsp;&nbsp;&nbsp;&nbsp;&nbsp;&nbsp;Bakteri gram positif&nbsp;: Beberapa bakteri gram positif membentuk endospora ketika lingkungan miskin akan zat makanan</div>\r\n\r\n<div>&nbsp;</div>\r\n\r\n<div style=\"margin-left:22.5pt;\">B.&nbsp;&nbsp;&nbsp;&nbsp;&nbsp;&nbsp;&nbsp;Archaebacteria</div>\r\n\r\n<ul>\r\n	<li>Kelompok bakteri yang dinding selnya tidak mengandung peptidoglikan, namun membran plasmanya mengandung lipid</li>\r\n	<li>Hidup pada lingkungan ekstrim</li>\r\n	<li>Berdasarkan lingkungan ekstrimnya, Archaebacteria dibagi menjadi 3 :</li>\r\n</ul>\r\n\r\n<div>1.&nbsp;&nbsp;&nbsp;&nbsp;&nbsp;&nbsp;&nbsp;&nbsp;Bakteri metanogen&nbsp;: Bakteri yang menghasilkan metana dari gas hidrogen dan karbon dioksida/asam asetat. Metana disebut juga biogas. Hidup dirawa sebagai pengurai. Co :<em>Methanobacterium</em></div>\r\n\r\n<div>2.&nbsp;&nbsp;&nbsp;&nbsp;&nbsp;&nbsp;&nbsp;&nbsp;Bakteri halofil&nbsp;: Bakteri yang hidup di lingkungan dengan kadar garam tinggi. Co :<em>Halobacterium</em></div>\r\n\r\n<div>3.&nbsp;&nbsp;&nbsp;&nbsp;&nbsp;&nbsp;&nbsp;&nbsp;Bakteri termoasidofil&nbsp;: Hidup di lingkungan ekstrim yang panas dan asam. Kondisi optimal : temperatur 60-80 derajat Celsius dengan pH 2-4. Bakteri ini terdapat pada daerah yang mengandung asam sulfat, misalnya di kawah vulkanik. Co :&nbsp;<em>Sulfolobus&nbsp;</em>dan&nbsp;<em>Thermoplasma</em></div>\r\n\r\n<div>&nbsp;</div>\r\n\r\n<div style=\"margin-left:22.5pt;\">C.&nbsp;&nbsp;&nbsp;&nbsp;&nbsp;&nbsp;&nbsp;&nbsp;Bakteri dalam kehidupan manusia</div>\r\n\r\n<ul>\r\n	<li>Bakteri yang menguntungkan :&nbsp;</li>\r\n</ul>\r\n\r\n<div>1.&nbsp;&nbsp;&nbsp;&nbsp;&nbsp;&nbsp;&nbsp;&nbsp;Eubacteria&nbsp;:&nbsp;</div>\r\n\r\n<div style=\"margin-left:1in;\">&sect;&nbsp;&nbsp;Pembusukan sisa-sisa makhluk hidup. Co :&nbsp;<em>E. Coli</em></div>\r\n\r\n<div style=\"margin-left:1in;\">&sect;&nbsp;&nbsp;Pembuatan makanan dan minuman hasil fermentasi. Co :&nbsp;<em>Acetobacter&nbsp;</em>: Pembuatan asam cuka,&nbsp;<em>Lactobacillus bulgaricus&nbsp;</em>: Pembuatan yogurt</div>\r\n\r\n<div style=\"margin-left:1in;\">&sect;&nbsp;&nbsp;Berperan dalam siklus nitrogen sebagai bakteri pengikat nitrogen. Co :&nbsp;<em>Rhizobium leguminosarum</em></div>\r\n\r\n<div style=\"margin-left:1in;\">&sect;&nbsp;&nbsp;Penyubur tanah. Co : Nitrosococcus</div>\r\n\r\n<div style=\"margin-left:1in;\">&sect;&nbsp;&nbsp;Penghasil antibiotik. Co :&nbsp;<em>Bacillus polymixa&nbsp;</em>: Polimiksin B</div>\r\n\r\n<div style=\"margin-left:1in;\">&sect;&nbsp;&nbsp;Penelitian rekayasa genetika</div>\r\n\r\n<div style=\"margin-left:1in;\">&sect;&nbsp;&nbsp;Pembuatan zat kimia. Co :&nbsp;<em>Clostridium acetobutylicum</em></div>\r\n\r\n<div>2.&nbsp;&nbsp;&nbsp;&nbsp;&nbsp;&nbsp;&nbsp;&nbsp;Archaebacteria&nbsp;: Berperan dalam proses pembusukan sampah dan kotoran hewan sehingga menghasilkan energi alternatif metana berupa biogas. Co :&nbsp;<em>Methanobacterium</em></div>\r\n\r\n<ul>\r\n	<li>Bakteri yang merugikan</li>\r\n</ul>\r\n\r\n<div>1.&nbsp;&nbsp;&nbsp;&nbsp;&nbsp;&nbsp;&nbsp;&nbsp;Eubacteria&nbsp;:</div>\r\n\r\n<div style=\"margin-left:1in;\">&sect;&nbsp;&nbsp;Pembusukan makanan. Co :&nbsp;<em>Clostridium botulinum</em></div>\r\n\r\n<div style=\"margin-left:1in;\">&sect;&nbsp;&nbsp;Penyebab penyakit pada manusia. Co :&nbsp;<em>Mycobacterium tuberculosis</em>&nbsp;(TBC),&nbsp;<em>Vibrio chloerae</em>(kolera/muntaber),&nbsp;<em>Clostridium tetani&nbsp;</em>(tetanus)</div>\r\n\r\n<div style=\"margin-left:1in;\">&sect;&nbsp;&nbsp;Penyebab penyakit pada hewan. Co :&nbsp;<em>Bacillus anthracis</em>&nbsp;(antraks pada sapi)</div>\r\n\r\n<div style=\"margin-left:1in;\">&sect;&nbsp;&nbsp;Penyebab penyakit pada tanaman budidaya. Co :&nbsp;<em>Pseudomonas solanacearum&nbsp;</em></div>\r\n\r\n<div>2.&nbsp;&nbsp;&nbsp;&nbsp;&nbsp;&nbsp;&nbsp;&nbsp;Archaebacteria&nbsp;: Penyebab kerusakan makanan yang diawetkan dengan garam</div>\r\n\r\n<ul>\r\n	<li>Penanggulangan terhadap bakteri :</li>\r\n</ul>\r\n\r\n<div>1.&nbsp;&nbsp;&nbsp;&nbsp;&nbsp;&nbsp;&nbsp;&nbsp;Pengawetan dan pengolahan makanan</div>\r\n\r\n<div style=\"margin-left:1in;\">1.&nbsp;&nbsp;&nbsp;&nbsp;&nbsp;&nbsp;&nbsp;&nbsp;Pemanisan</div>\r\n\r\n<div style=\"margin-left:1in;\">2.&nbsp;&nbsp;&nbsp;&nbsp;&nbsp;&nbsp;&nbsp;&nbsp;Pengeringan</div>\r\n\r\n<div style=\"margin-left:1in;\">3.&nbsp;&nbsp;&nbsp;&nbsp;&nbsp;&nbsp;&nbsp;&nbsp;Pengasapan</div>\r\n\r\n<div style=\"margin-left:1in;\">4.&nbsp;&nbsp;&nbsp;&nbsp;&nbsp;&nbsp;&nbsp;&nbsp;Pengasinan</div>\r\n\r\n<div style=\"margin-left:1in;\">5.&nbsp;&nbsp;&nbsp;&nbsp;&nbsp;&nbsp;&nbsp;&nbsp;Pendinginan</div>\r\n\r\n<div style=\"margin-left:1in;\">6.&nbsp;&nbsp;&nbsp;&nbsp;&nbsp;&nbsp;&nbsp;&nbsp;Pasteurisasi : Pemanasan dengan suhu 63-72 derajat Celsius selama 15-30 menit. Dilakukan pada susu untuk mematikan bakteri patogen dan mempertahankan rasa dan aroma khas susu</div>\r\n\r\n<div style=\"margin-left:1in;\">7.&nbsp;&nbsp;&nbsp;&nbsp;&nbsp;&nbsp;&nbsp;&nbsp;Sterilisasi : Pemanasan dengan menggunakan udara panas/uap air panas bertekanan tinggi. Menggunakan oven dengan temperatur 170-180 derajat Celsius. Untuk mensterilkan peralatan gelas. Alat : Autoklaf</div>\r\n\r\n<div>2.&nbsp;&nbsp;&nbsp;&nbsp;&nbsp;&nbsp;&nbsp;&nbsp;Kebersihan dan kesehatan diri serta lingkungan</div>\r\n\r\n<div style=\"margin-left:1in;\">1.&nbsp;&nbsp;&nbsp;&nbsp;&nbsp;&nbsp;&nbsp;&nbsp;Menjaga kebersihan lingkungan</div>\r\n\r\n<div style=\"margin-left:1in;\">2.&nbsp;&nbsp;&nbsp;&nbsp;&nbsp;&nbsp;&nbsp;&nbsp;Menjaga kebersihan badan</div>\r\n\r\n<div style=\"margin-left:1in;\">3.&nbsp;&nbsp;&nbsp;&nbsp;&nbsp;&nbsp;&nbsp;&nbsp;Makan makanan sehat</div>\r\n\r\n<div style=\"margin-left:1in;\">4.&nbsp;&nbsp;&nbsp;&nbsp;&nbsp;&nbsp;&nbsp;&nbsp;Cukup istirahat</div>\r\n\r\n<div style=\"margin-left:1in;\">5.&nbsp;&nbsp;&nbsp;&nbsp;&nbsp;&nbsp;&nbsp;&nbsp;Melakukan olah raga</div>\r\n\r\n<div>3.&nbsp;&nbsp;&nbsp;&nbsp;&nbsp;&nbsp;&nbsp;&nbsp;Imunisasi</div>\r\n\r\n<div style=\"margin-left:1in;\">1.&nbsp;&nbsp;&nbsp;&nbsp;&nbsp;&nbsp;&nbsp;&nbsp;Vaksin kolera : Kolera</div>\r\n\r\n<div style=\"margin-left:1in;\">2.&nbsp;&nbsp;&nbsp;&nbsp;&nbsp;&nbsp;&nbsp;&nbsp;Vaksin tifus : Tifus</div>\r\n\r\n<div style=\"margin-left:1in;\">3.&nbsp;&nbsp;&nbsp;&nbsp;&nbsp;&nbsp;&nbsp;&nbsp;Vaksin BCG : TBC</div>\r\n\r\n<div style=\"margin-left:1in;\">4.&nbsp;&nbsp;&nbsp;&nbsp;&nbsp;&nbsp;&nbsp;&nbsp;Vaksin DPT : Difteri, tetanus, batuk</div>\r\n</div>', 3, 1, 1, '2017-12-17 03:38:25', '2017-12-17 03:38:25', NULL),
(64, 8, 'Protista', 'Protista', NULL, 'Disini kita akan mempelajari tentang Protista', '<ul>\r\n	<li>Ciri protista :</li>\r\n</ul>\r\n\r\n<div>1.&nbsp;&nbsp;&nbsp;&nbsp;&nbsp;&nbsp;&nbsp;&nbsp;Sel eukariotik</div>\r\n\r\n<div>2.&nbsp;&nbsp;&nbsp;&nbsp;&nbsp;&nbsp;&nbsp;&nbsp;Uniseluler/multiseluler</div>\r\n\r\n<div>3.&nbsp;&nbsp;&nbsp;&nbsp;&nbsp;&nbsp;&nbsp;&nbsp;Tidak memiliki jaringan yang sebenarnya&nbsp;</div>\r\n\r\n<ul>\r\n	<li>Protista yang menyerupai jamur :</li>\r\n</ul>\r\n\r\n<div>1.&nbsp;&nbsp;&nbsp;&nbsp;&nbsp;&nbsp;&nbsp;&nbsp;Merupakan jamur parasit dan predator yang menghasilkan spora. Jamur parasit merupakan jamur air pengurai uniseluler yang hidup di perairan. Jamur predator/fagosit merupkan jamur lendir yang hidup menyerupai amoeba</div>\r\n\r\n<div>2.&nbsp;&nbsp;&nbsp;&nbsp;&nbsp;&nbsp;&nbsp;&nbsp;Kesamaan dengan jamur adalah :</div>\r\n\r\n<div style=\"margin-left:1in;\">&sect;&nbsp;&nbsp;Memiliki struktur yang menghasilkan spora</div>\r\n\r\n<div style=\"margin-left:1in;\">&sect;&nbsp;&nbsp;Heterotrof</div>\r\n\r\n<div style=\"margin-left:1in;\">&sect;&nbsp;&nbsp;Parasit/pengurai</div>\r\n\r\n<div>3.&nbsp;&nbsp;&nbsp;&nbsp;&nbsp;&nbsp;&nbsp;&nbsp;Jamur air (Oomycota) :</div>\r\n\r\n<div style=\"margin-left:1in;\">&sect;&nbsp;&nbsp;Hidup bebas dan mendapatkan nutrisi dari sisa tumbuhan di kolam, danau, dan aliran air</div>\r\n\r\n<div style=\"margin-left:1in;\">&sect;&nbsp;&nbsp;Hidup di dalam jaringan yang mati pada tumbuhan</div>\r\n\r\n<div style=\"margin-left:1in;\">&sect;&nbsp;&nbsp;Parasit pada organisme akuatik</div>\r\n\r\n<div style=\"margin-left:1in;\">&sect;&nbsp;&nbsp;Patogen pada tanaman</div>\r\n\r\n<div style=\"margin-left:1in;\">&sect;&nbsp;&nbsp;Reproduksi seksual : Penyatuan gamet jantan dan betina</div>\r\n\r\n<div style=\"margin-left:1in;\">&sect;&nbsp;&nbsp;Contohnya : Saprolegnia (parasit pada hewan air), Plasmopora viticula (pada buah anggur), Phytophthora infestans (pada kentang dan tomat)</div>\r\n\r\n<div>4.&nbsp;&nbsp;&nbsp;&nbsp;&nbsp;&nbsp;&nbsp;&nbsp;Jamur lendir (Myxomycota) :</div>\r\n\r\n<div style=\"margin-left:1in;\">&sect;&nbsp;&nbsp;Menghasilkan sel-sel yang hidup bebas pada sebagian siklus hidupnya disebut amoeboid</div>\r\n\r\n<div style=\"margin-left:1in;\">&sect;&nbsp;&nbsp;Predator fagosit karena menelan bakteri, hama, spora, dan berbagai komponen organik</div>\r\n\r\n<div style=\"margin-left:1in;\">&sect;&nbsp;&nbsp;Co :&nbsp;<em>Dictyostelium discoideum</em></div>\r\n\r\n<ul>\r\n	<li>Protista yang menyerupai hewan :</li>\r\n</ul>\r\n\r\n<div>1.&nbsp;&nbsp;&nbsp;&nbsp;&nbsp;&nbsp;&nbsp;&nbsp;Dikenal dengan istilah&nbsp;<em>Protozoa</em></div>\r\n\r\n<div>2.&nbsp;&nbsp;&nbsp;&nbsp;&nbsp;&nbsp;&nbsp;&nbsp;Uniseluler dan heterotrofik</div>\r\n\r\n<div>3.&nbsp;&nbsp;&nbsp;&nbsp;&nbsp;&nbsp;&nbsp;&nbsp;Eukariotik</div>\r\n\r\n<div>4.&nbsp;&nbsp;&nbsp;&nbsp;&nbsp;&nbsp;&nbsp;&nbsp;berukuran mikroskopis, 10-200 mikron</div>\r\n\r\n<div>5.&nbsp;&nbsp;&nbsp;&nbsp;&nbsp;&nbsp;&nbsp;&nbsp;Reproduksi aseksual : Pembelahan biner</div>\r\n\r\n<div>6.&nbsp;&nbsp;&nbsp;&nbsp;&nbsp;&nbsp;&nbsp;&nbsp;Reproduksi seksual : Konjugasi</div>\r\n\r\n<div>7.&nbsp;&nbsp;&nbsp;&nbsp;&nbsp;&nbsp;&nbsp;&nbsp;Inti makronukleus : Mengatur metabolisme</div>\r\n\r\n<div>8.&nbsp;&nbsp;&nbsp;&nbsp;&nbsp;&nbsp;&nbsp;&nbsp;Inti mikronukleus : Konjugasi</div>\r\n\r\n<div>9.&nbsp;&nbsp;&nbsp;&nbsp;&nbsp;&nbsp;&nbsp;&nbsp;Vakuola makanan : Cerna</div>\r\n\r\n<div>10.&nbsp;&nbsp;&nbsp;&nbsp;&nbsp;Vakuola kontraktil : Osmoregulator</div>\r\n\r\n<div>11.&nbsp;&nbsp;&nbsp;&nbsp;&nbsp;Jika lingkungan kering, akan membentuk krista</div>\r\n\r\n<div>12.&nbsp;&nbsp;&nbsp;&nbsp;&nbsp;Klasifikasi berdasarkan alat geraknya :</div>\r\n\r\n<div style=\"margin-left:1in;\">&sect;&nbsp;&nbsp;<em>Rhizopoda&nbsp;</em>:</div>\r\n\r\n<div style=\"margin-left:1in;\">1.&nbsp;&nbsp;&nbsp;&nbsp;&nbsp;&nbsp;&nbsp;&nbsp;Alat gerak : Pseodopoda (kaki semu)</div>\r\n\r\n<div style=\"margin-left:1in;\">2.&nbsp;&nbsp;&nbsp;&nbsp;&nbsp;&nbsp;&nbsp;&nbsp;Ektoamoeba (bebas) :</div>\r\n\r\n<div style=\"margin-left:1.5in;\">&sect;&nbsp;&nbsp;Foraminifera : Tanah globigerina (indikator minyak)</div>\r\n\r\n<div style=\"margin-left:1.5in;\">&sect;&nbsp;&nbsp;Amoeba</div>\r\n\r\n<div style=\"margin-left:1.5in;\">&sect;&nbsp;&nbsp;Radiolaria : Tanah radiolaria (bahan penggosok)</div>\r\n\r\n<div style=\"margin-left:1.5in;\">&sect;&nbsp;&nbsp;Arcella</div>\r\n\r\n<div style=\"margin-left:1.5in;\">&sect;&nbsp;&nbsp;Diflugia</div>\r\n\r\n<div style=\"margin-left:1in;\">3.&nbsp;&nbsp;&nbsp;&nbsp;&nbsp;&nbsp;&nbsp;&nbsp;Entamoeba (parasit) :</div>\r\n\r\n<div style=\"margin-left:1.5in;\">&sect;&nbsp;&nbsp;Ginggivalis : Gusi</div>\r\n\r\n<div style=\"margin-left:1.5in;\">&sect;&nbsp;&nbsp;Dysentriae : Disentri</div>\r\n\r\n<div style=\"margin-left:1.5in;\">&sect;&nbsp;&nbsp;Coli : Di kolon</div>\r\n\r\n<div style=\"margin-left:1in;\">4.&nbsp;&nbsp;&nbsp;&nbsp;&nbsp;&nbsp;&nbsp;&nbsp;Tidak memiliki bentuk tetap</div>\r\n\r\n<div style=\"margin-left:1in;\">5.&nbsp;&nbsp;&nbsp;&nbsp;&nbsp;&nbsp;&nbsp;&nbsp;Sitoplasmanya terdiri dari Ektoplasma dan Endoplasma</div>\r\n\r\n<div style=\"margin-left:1in;\">&sect;&nbsp;&nbsp;<em>Flagellata&nbsp;</em>:</div>\r\n\r\n<div style=\"margin-left:1in;\">1.&nbsp;&nbsp;&nbsp;&nbsp;&nbsp;&nbsp;&nbsp;&nbsp;Alat gerak : Flagellum (bulu cambuk)</div>\r\n\r\n<div style=\"margin-left:1in;\">2.&nbsp;&nbsp;&nbsp;&nbsp;&nbsp;&nbsp;&nbsp;&nbsp;Bebas :</div>\r\n\r\n<div style=\"margin-left:1.5in;\">&sect;&nbsp;&nbsp;Euglena : Euglenophyta</div>\r\n\r\n<div style=\"margin-left:1.5in;\">&sect;&nbsp;&nbsp;Voluax</div>\r\n\r\n<div style=\"margin-left:1.5in;\">&sect;&nbsp;&nbsp;Noctiluca Miliaris : Kunang laut</div>\r\n\r\n<div style=\"margin-left:1in;\">3.&nbsp;&nbsp;&nbsp;&nbsp;&nbsp;&nbsp;&nbsp;&nbsp;Parasit :</div>\r\n\r\n<div style=\"margin-left:1.5in;\">&sect;&nbsp;&nbsp;Di darah manusia :</div>\r\n\r\n<div style=\"margin-left:1.75in;\">1.&nbsp;&nbsp;&nbsp;&nbsp;&nbsp;&nbsp;&nbsp;&nbsp;Leismania donovani : Kalazar</div>\r\n\r\n<div style=\"margin-left:1.75in;\">2.&nbsp;&nbsp;&nbsp;&nbsp;&nbsp;&nbsp;&nbsp;&nbsp;Tryponosoma cruzi : Anemia</div>\r\n\r\n<div style=\"margin-left:1.75in;\">3.&nbsp;&nbsp;&nbsp;&nbsp;&nbsp;&nbsp;&nbsp;&nbsp;Tryponosoma gambiue : Tidur</div>\r\n\r\n<div style=\"margin-left:1.5in;\">&sect;&nbsp;&nbsp;Di usus manusia :</div>\r\n\r\n<div style=\"margin-left:1.75in;\">1.&nbsp;&nbsp;&nbsp;&nbsp;&nbsp;&nbsp;&nbsp;&nbsp;Giordialamblia : Diare</div>\r\n\r\n<div style=\"margin-left:1.5in;\">&sect;&nbsp;&nbsp;Di alat kelamin :</div>\r\n\r\n<div style=\"margin-left:1.75in;\">1.&nbsp;&nbsp;&nbsp;&nbsp;&nbsp;&nbsp;&nbsp;&nbsp;Trichomonas vaginalis</div>\r\n\r\n<div style=\"margin-left:1.5in;\">&sect;&nbsp;&nbsp;Di darah ternak :</div>\r\n\r\n<div style=\"margin-left:1.75in;\">1.&nbsp;&nbsp;&nbsp;&nbsp;&nbsp;&nbsp;&nbsp;&nbsp;Trypanosoma evansi : Surrah</div>\r\n\r\n<div style=\"margin-left:1in;\">&sect;&nbsp;&nbsp;<em>Cilliata</em>&nbsp;:</div>\r\n\r\n<div style=\"margin-left:1in;\">1.&nbsp;&nbsp;&nbsp;&nbsp;&nbsp;&nbsp;&nbsp;&nbsp;Alat gerak : Silia (rambut getar)</div>\r\n\r\n<div style=\"margin-left:1in;\">2.&nbsp;&nbsp;&nbsp;&nbsp;&nbsp;&nbsp;&nbsp;&nbsp;Balantidium coli</div>\r\n\r\n<div style=\"margin-left:1in;\">3.&nbsp;&nbsp;&nbsp;&nbsp;&nbsp;&nbsp;&nbsp;&nbsp;Vorticella : Bentuk lonceng</div>\r\n\r\n<div style=\"margin-left:1in;\">4.&nbsp;&nbsp;&nbsp;&nbsp;&nbsp;&nbsp;&nbsp;&nbsp;Stentor : Bentuk terompet</div>\r\n\r\n<div style=\"margin-left:1in;\">5.&nbsp;&nbsp;&nbsp;&nbsp;&nbsp;&nbsp;&nbsp;&nbsp;Paramecium</div>\r\n\r\n<div style=\"margin-left:1in;\">6.&nbsp;&nbsp;&nbsp;&nbsp;&nbsp;&nbsp;&nbsp;&nbsp;Suctoria</div>\r\n\r\n<div style=\"margin-left:1in;\">7.&nbsp;&nbsp;&nbsp;&nbsp;&nbsp;&nbsp;&nbsp;&nbsp;Didinum</div>\r\n\r\n<div style=\"margin-left:1in;\">8.&nbsp;&nbsp;&nbsp;&nbsp;&nbsp;&nbsp;&nbsp;&nbsp;Stylonichia</div>\r\n\r\n<div style=\"margin-left:1in;\">&sect;&nbsp;&nbsp;<em>Sporozoa&nbsp;</em>:</div>\r\n\r\n<div style=\"margin-left:1in;\">1.&nbsp;&nbsp;&nbsp;&nbsp;&nbsp;&nbsp;&nbsp;&nbsp;Tidak memiliki alat gerak</div>\r\n\r\n<div style=\"margin-left:1in;\">2.&nbsp;&nbsp;&nbsp;&nbsp;&nbsp;&nbsp;&nbsp;&nbsp;Toxoplasma gondii : Tokso pada janin</div>\r\n\r\n<div style=\"margin-left:1in;\">3.&nbsp;&nbsp;&nbsp;&nbsp;&nbsp;&nbsp;&nbsp;&nbsp;Plasmodium :</div>\r\n\r\n<div style=\"margin-left:1.5in;\">&sect;&nbsp;&nbsp;Falcivarum : Tropika (1 x 24 jam)</div>\r\n\r\n<div style=\"margin-left:1.5in;\">&sect;&nbsp;&nbsp;Vivax : Tertiana (2 x 24 jam)</div>\r\n\r\n<div style=\"margin-left:1.5in;\">&sect;&nbsp;&nbsp;Malariae dan ovale : Guartana (3 x 24 jam)</div>\r\n\r\n<div style=\"margin-left:1in;\">4.&nbsp;&nbsp;&nbsp;&nbsp;&nbsp;&nbsp;&nbsp;&nbsp;Reproduksi vegetatif : Pembelahan biner</div>\r\n\r\n<div style=\"margin-left:1in;\">5.&nbsp;&nbsp;&nbsp;&nbsp;&nbsp;&nbsp;&nbsp;&nbsp;Reproduksi generatif : Pembentukan gamet dilanjutkan dengan penyatuan gamet jantan &amp; betina</div>\r\n\r\n<div>13.&nbsp;&nbsp;&nbsp;&nbsp;&nbsp;Peran protozoa dalam kehidupan manusia :</div>\r\n\r\n<div style=\"margin-left:1in;\">&sect;&nbsp;&nbsp;Menguntungkan :</div>\r\n\r\n<div style=\"margin-left:1in;\">1.&nbsp;&nbsp;&nbsp;&nbsp;&nbsp;&nbsp;&nbsp;&nbsp;Foraminifera, cangkang, atau kerangkanya merupakan petunjuk dalam pencarian sumber daya minyak, gas alam dan mineral</div>\r\n\r\n<div style=\"margin-left:1in;\">2.&nbsp;&nbsp;&nbsp;&nbsp;&nbsp;&nbsp;&nbsp;&nbsp;Radiolaria, kerangkanya jika mengendap di dasar laut menjadi tanah radiolaria</div>\r\n\r\n<div style=\"margin-left:1in;\">&sect;&nbsp;&nbsp;Merugikan :</div>\r\n\r\n<div style=\"margin-left:1in;\">1.&nbsp;&nbsp;&nbsp;&nbsp;&nbsp;&nbsp;&nbsp;&nbsp;<em>Entamoeba histolytica&nbsp;</em>: Diare</div>\r\n\r\n<div style=\"margin-left:1in;\">2.&nbsp;&nbsp;&nbsp;&nbsp;&nbsp;&nbsp;&nbsp;&nbsp;<em>Trypanosoma brucei&nbsp;</em>: Penyakit tidur di Afrika</div>\r\n\r\n<div style=\"margin-left:1in;\">3.&nbsp;&nbsp;&nbsp;&nbsp;&nbsp;&nbsp;&nbsp;&nbsp;<em>Leishmania&nbsp;</em>: Penyakit kala-azar</div>\r\n\r\n<div style=\"margin-left:1in;\">4.&nbsp;&nbsp;&nbsp;&nbsp;&nbsp;&nbsp;&nbsp;&nbsp;<em>Trichomonas vaginalis&nbsp;</em>: Parasit, pada alat kelamin wanita dan saluran kelamin laki-laki</div>\r\n\r\n<div style=\"margin-left:1in;\">5.&nbsp;&nbsp;&nbsp;&nbsp;&nbsp;&nbsp;&nbsp;&nbsp;<em>Toxoplasma gondii&nbsp;</em>: Toksoplasmosis</div>\r\n\r\n<div style=\"margin-left:1in;\">6.&nbsp;&nbsp;&nbsp;&nbsp;&nbsp;&nbsp;&nbsp;&nbsp;<em>Plasmodium&nbsp;</em>: Penyakit malaria&nbsp;</div>\r\n\r\n<ul>\r\n	<li>Protista yang menyerupai tumbuhan :</li>\r\n</ul>\r\n\r\n<table align=\"center\" border=\"0\" cellpadding=\"0\" cellspacing=\"0\">\r\n	<tbody>\r\n		<tr>\r\n			<td>&nbsp;</td>\r\n		</tr>\r\n	</tbody>\r\n</table>\r\n\r\n<div style=\"clear:both;\">&nbsp;</div>\r\n\r\n<div>1.&nbsp;&nbsp;&nbsp;&nbsp;&nbsp;&nbsp;&nbsp;&nbsp;Ganggang uniseluler ada yang hidup soliter dan ada yang hidup berkoloni</div>\r\n\r\n<div>2.&nbsp;&nbsp;&nbsp;&nbsp;&nbsp;&nbsp;&nbsp;&nbsp;Ganggang multiseluler ada yang berbentuk benang/lembaran</div>\r\n\r\n<div>3.&nbsp;&nbsp;&nbsp;&nbsp;&nbsp;&nbsp;&nbsp;&nbsp;Struktur yang tidak dapat dibedakan antara akar, batang, dan daun disebut talus</div>\r\n\r\n<div>4.&nbsp;&nbsp;&nbsp;&nbsp;&nbsp;&nbsp;&nbsp;&nbsp;Eukariotik, memiliki kloroplas (organel yang mengandung zat warna (pigmen) yang digunakan untuk berfotosintesis</div>\r\n\r\n<div>5.&nbsp;&nbsp;&nbsp;&nbsp;&nbsp;&nbsp;&nbsp;&nbsp;Pigmen dalam kloroplas berfungsi menyerap energi cahaya matahari yang berguna untuk proses fotosintesis. Pigmen utama fotosintesis adalah klorofil</div>\r\n\r\n<div>6.&nbsp;&nbsp;&nbsp;&nbsp;&nbsp;&nbsp;&nbsp;&nbsp;Pigmen tambahan : karoten dan fikobilin</div>\r\n\r\n<div>7.&nbsp;&nbsp;&nbsp;&nbsp;&nbsp;&nbsp;&nbsp;&nbsp;Pirenoid berfungsi sebagai tempat penyimpanan cadangan makanan pada sema jenis ganggang</div>\r\n\r\n<div>8.&nbsp;&nbsp;&nbsp;&nbsp;&nbsp;&nbsp;&nbsp;&nbsp;Organisme autotrof, berperan sebagai produsen</div>\r\n\r\n<div>9.&nbsp;&nbsp;&nbsp;&nbsp;&nbsp;&nbsp;&nbsp;&nbsp;Beberapa jenis ganggang yang berbentuk talus, reproduksi : Metagenensis (pergiliran keturunan). Metagenesis terjadi antara generasi penghasil spora (sporofit/vegetatif) dan generasi penghasil gamet (gametofit/generatif)</div>\r\n\r\n<div>10.&nbsp;&nbsp;&nbsp;&nbsp;&nbsp;Cara reproduksi pada ganggang :</div>\r\n\r\n<div style=\"margin-left:1in;\">1.&nbsp;&nbsp;&nbsp;&nbsp;&nbsp;&nbsp;&nbsp;&nbsp;Isogami&nbsp;: Penyatuan 2 gamet yang berbeda jenis namun memiliki bentuk dan ukuran sama</div>\r\n\r\n<div style=\"margin-left:1in;\">2.&nbsp;&nbsp;&nbsp;&nbsp;&nbsp;&nbsp;&nbsp;&nbsp;Anisogami&nbsp;: Penyatuan 2 gamet yang berbeda jenis, memiliki bentuk sama namun ukuran berbeda</div>\r\n\r\n<div style=\"margin-left:1in;\">3.&nbsp;&nbsp;&nbsp;&nbsp;&nbsp;&nbsp;&nbsp;&nbsp;Oogami&nbsp;: Penyatuan 2 gamet yang berbeda bentuk dan ukuran</div>\r\n\r\n<div>&nbsp;&nbsp;&nbsp;&nbsp;&nbsp;&nbsp;&nbsp;&nbsp;&nbsp;&nbsp;&nbsp;&nbsp;&nbsp;&nbsp;&nbsp;&nbsp;&nbsp;&nbsp;&nbsp;&nbsp;&nbsp;&nbsp;&nbsp;&nbsp;Reproduksi aseksual : Pembelahan biner (ganggang uniseluler), fragmentasi (ganggan multiseluler berbentuk filamen dan talus), dan pembentukan spora (ganggang uniseluler maupun ganggang multiseluler)</div>\r\n\r\n<div>&nbsp;&nbsp;&nbsp;&nbsp;&nbsp;&nbsp;&nbsp;&nbsp;&nbsp;&nbsp;&nbsp;&nbsp;&nbsp;&nbsp;&nbsp;&nbsp;&nbsp;&nbsp;&nbsp;&nbsp;&nbsp;&nbsp;&nbsp;&nbsp;Reproduksi seksual : Penyatuan 2 gamet yang berbeda jenis</div>\r\n\r\n<div>&nbsp;&nbsp;&nbsp;&nbsp;&nbsp;&nbsp;&nbsp;&nbsp;&nbsp;&nbsp;&nbsp;&nbsp;&nbsp;&nbsp;&nbsp;&nbsp;&nbsp;&nbsp;&nbsp;&nbsp;&nbsp;&nbsp;&nbsp;&nbsp;Klasifikasi ganggang :</div>\r\n\r\n<div>&sect;&nbsp;&nbsp;<em>Euglenoid (euglenophyta)&nbsp;</em>:</div>\r\n\r\n<div style=\"margin-left:1in;\">1.&nbsp;&nbsp;&nbsp;&nbsp;&nbsp;&nbsp;&nbsp;&nbsp;Memiliki pigmen merah (fikobilin)</div>\r\n\r\n<div style=\"margin-left:1in;\">2.&nbsp;&nbsp;&nbsp;&nbsp;&nbsp;&nbsp;&nbsp;&nbsp;Mendeteksi dan bergerak menuju cahaya</div>\r\n\r\n<div style=\"margin-left:1in;\">3.&nbsp;&nbsp;&nbsp;&nbsp;&nbsp;&nbsp;&nbsp;&nbsp;Uniseluler, tidak memiliki dinding sel</div>\r\n\r\n<div style=\"margin-left:1in;\">4.&nbsp;&nbsp;&nbsp;&nbsp;&nbsp;&nbsp;&nbsp;&nbsp;Reproduksi aseksual : Pembelahan biner</div>\r\n\r\n<div style=\"margin-left:1in;\">5.&nbsp;&nbsp;&nbsp;&nbsp;&nbsp;&nbsp;&nbsp;&nbsp;Contoh : Euglena</div>\r\n\r\n<div>&sect;&nbsp;&nbsp;<em>Ganggan keemasan (chrysophyta)</em>&nbsp;:</div>\r\n\r\n<div style=\"margin-left:1in;\">1.&nbsp;&nbsp;&nbsp;&nbsp;&nbsp;&nbsp;&nbsp;&nbsp;Pigmen dominan : Santofil (keemasan)</div>\r\n\r\n<div style=\"margin-left:1in;\">2.&nbsp;&nbsp;&nbsp;&nbsp;&nbsp;&nbsp;&nbsp;&nbsp;Uniseluler soliter (co : Ochromonas)</div>\r\n\r\n<div style=\"margin-left:1in;\">3.&nbsp;&nbsp;&nbsp;&nbsp;&nbsp;&nbsp;&nbsp;&nbsp;Multiseluler (co : Vaucheria)</div>\r\n\r\n<div style=\"margin-left:1in;\">4.&nbsp;&nbsp;&nbsp;&nbsp;&nbsp;&nbsp;&nbsp;&nbsp;Dinding sel mengandung hemiselulosa, silika, dan pektin</div>\r\n\r\n<div style=\"margin-left:1in;\">5.&nbsp;&nbsp;&nbsp;&nbsp;&nbsp;&nbsp;&nbsp;&nbsp;Reproduksi aseksual : Pembelahan biner &amp; pembentukan spora</div>\r\n\r\n<div style=\"margin-left:1in;\">6.&nbsp;&nbsp;&nbsp;&nbsp;&nbsp;&nbsp;&nbsp;&nbsp;Reproduksi seksual : Penyatuan 2 jenis gamet</div>\r\n\r\n<div style=\"margin-left:1in;\">7.&nbsp;&nbsp;&nbsp;&nbsp;&nbsp;&nbsp;&nbsp;&nbsp;Contohnya : Navicula,Synura, dan Mischococcus</div>\r\n\r\n<div>&sect;&nbsp;&nbsp;<em>Ganggang api (pyrrophyta/dinoflagellata)</em>&nbsp;:</div>\r\n\r\n<div style=\"margin-left:1in;\">1.&nbsp;&nbsp;&nbsp;&nbsp;&nbsp;&nbsp;&nbsp;&nbsp;Mampu berpendar</div>\r\n\r\n<div style=\"margin-left:1in;\">2.&nbsp;&nbsp;&nbsp;&nbsp;&nbsp;&nbsp;&nbsp;&nbsp;Menyebabkan timbulnya red tide yang menghasilkan toksin (racun) yang dapat membunuh ikan &amp; hewan laut disekitarnya. Pada manusia dapat menimbulkan kerusakan otak pada manusia yang memakan makanan laut yang tercemar toksin tersebut</div>\r\n\r\n<div style=\"margin-left:1in;\">3.&nbsp;&nbsp;&nbsp;&nbsp;&nbsp;&nbsp;&nbsp;&nbsp;Pigmen : Klorofil a dan c, santofil, dinosantin, dan fikobilin</div>\r\n\r\n<div style=\"margin-left:1in;\">4.&nbsp;&nbsp;&nbsp;&nbsp;&nbsp;&nbsp;&nbsp;&nbsp;Hanya hidup di laut dan dikenal sebagai produsen utama fitoplankton laut</div>\r\n\r\n<div style=\"margin-left:1in;\">5.&nbsp;&nbsp;&nbsp;&nbsp;&nbsp;&nbsp;&nbsp;&nbsp;Reproduksi aseksual : Pembelahan biner</div>\r\n\r\n<div style=\"margin-left:1in;\">6.&nbsp;&nbsp;&nbsp;&nbsp;&nbsp;&nbsp;&nbsp;&nbsp;Contoh : Gymnodinium breve, Gambierdiscus toxicus, Gonyaulax, Noctiluca scintillans</div>\r\n\r\n<div>&sect;&nbsp;&nbsp;<em>Ganggan hijau (chlorophyta)</em>&nbsp;:</div>\r\n\r\n<div style=\"margin-left:1in;\">1.&nbsp;&nbsp;&nbsp;&nbsp;&nbsp;&nbsp;&nbsp;&nbsp;Pigmen dominan : Klorofil a dan b</div>\r\n\r\n<div style=\"margin-left:1in;\">2.&nbsp;&nbsp;&nbsp;&nbsp;&nbsp;&nbsp;&nbsp;&nbsp;Multiseluler, uniseluler</div>\r\n\r\n<div style=\"margin-left:1in;\">3.&nbsp;&nbsp;&nbsp;&nbsp;&nbsp;&nbsp;&nbsp;&nbsp;Hidup di air tawar</div>\r\n\r\n<div style=\"margin-left:1in;\">4.&nbsp;&nbsp;&nbsp;&nbsp;&nbsp;&nbsp;&nbsp;&nbsp;Contohnya : Ulva, Chlorella, Chlorococcum, Chlamydomonas, Volvox, Gonium dll</div>\r\n\r\n<div style=\"margin-left:1in;\">5.&nbsp;&nbsp;&nbsp;&nbsp;&nbsp;&nbsp;&nbsp;&nbsp;Reproduksi aseksual : Membelah diri, pembentukan spora, dan fragmentasi</div>\r\n\r\n<div>&sect;&nbsp;&nbsp;<em>Ganggang coklat (phaeophyta)</em>&nbsp;:</div>\r\n\r\n<div style=\"margin-left:1in;\">1.&nbsp;&nbsp;&nbsp;&nbsp;&nbsp;&nbsp;&nbsp;&nbsp;Pigmen dominan : Fukosantin</div>\r\n\r\n<div style=\"margin-left:1in;\">2.&nbsp;&nbsp;&nbsp;&nbsp;&nbsp;&nbsp;&nbsp;&nbsp;Cadangan makanan disimpan dalam laminarin</div>\r\n\r\n<div style=\"margin-left:1in;\">3.&nbsp;&nbsp;&nbsp;&nbsp;&nbsp;&nbsp;&nbsp;&nbsp;Reproduksi aseksual : Fragmentasi</div>\r\n\r\n<div style=\"margin-left:1in;\">4.&nbsp;&nbsp;&nbsp;&nbsp;&nbsp;&nbsp;&nbsp;&nbsp;Reproduksi seksual : Isogami, anisogami, dan oogami</div>\r\n\r\n<div style=\"margin-left:1in;\">5.&nbsp;&nbsp;&nbsp;&nbsp;&nbsp;&nbsp;&nbsp;&nbsp;Contohnya : Sargassum, Laminaria, Turbinaria, fucus vesiculosus, Macrocystis, Nereocystis, dan Hormosira</div>\r\n\r\n<div>&sect;&nbsp;&nbsp;<em>Ganggang merah (rhodophyta)</em>&nbsp;:</div>\r\n\r\n<div style=\"margin-left:1in;\">1.&nbsp;&nbsp;&nbsp;&nbsp;&nbsp;&nbsp;&nbsp;&nbsp;Pigmen dominan : Fikoeritrin</div>\r\n\r\n<div style=\"margin-left:1in;\">2.&nbsp;&nbsp;&nbsp;&nbsp;&nbsp;&nbsp;&nbsp;&nbsp;Cadangan makanan : Tepung florid</div>\r\n\r\n<div style=\"margin-left:1in;\">3.&nbsp;&nbsp;&nbsp;&nbsp;&nbsp;&nbsp;&nbsp;&nbsp;Reproduksi aseksual : Spora</div>\r\n\r\n<div style=\"margin-left:1in;\">4.&nbsp;&nbsp;&nbsp;&nbsp;&nbsp;&nbsp;&nbsp;&nbsp;Reproduksi seksual : Oogami</div>\r\n\r\n<div style=\"margin-left:1in;\">5.&nbsp;&nbsp;&nbsp;&nbsp;&nbsp;&nbsp;&nbsp;&nbsp;Contoh : Euchema spinosum, Gelidium robustum, Chondrus crispus, Gigartina mammilosa, Gracillaria verrucosa dll</div>\r\n\r\n<div>&nbsp;&nbsp;&nbsp;&nbsp;&nbsp;&nbsp;&nbsp;&nbsp;&nbsp;&nbsp;&nbsp;&nbsp;&nbsp;&nbsp;&nbsp;&nbsp;&nbsp;&nbsp;&nbsp;&nbsp;&nbsp;&nbsp;&nbsp;&nbsp;Manfaat gangang bagi manusia :</div>\r\n\r\n<div>&sect;&nbsp;&nbsp;<em>Chlorella</em>, Suplemen bergizi tinggi</div>\r\n\r\n<div>&sect;&nbsp;&nbsp;<em>Ulva, Caulerpa, dan Enteromorpha</em>, Sumber makanan berupa sayur</div>\r\n\r\n<div>&sect;&nbsp;&nbsp;<em>Ganggang merah</em>, penghasil gelatin untuk pembuatan agar-agar</div>\r\n\r\n<div>&sect;&nbsp;&nbsp;<em>Ganggang keemasan</em>, bahan peledak, bahan penggosok</div>\r\n\r\n<div>&sect;&nbsp;&nbsp;<em>Ganggan coklat</em>, Pupuk pertanian</div>\r\n\r\n<div>&sect;&nbsp;&nbsp;<em>Laminaria digitalis</em>, Penghasil yodium untuk obat penyakit gondok</div>\r\n\r\n<div>&sect;&nbsp;&nbsp;<em>Macrocystis&nbsp;</em>dan&nbsp;<em>Laminaria</em>, Penghasil asam alginat</div>', 4, 1, 1, '2017-12-17 03:39:20', '2017-12-17 03:39:20', NULL),
(65, 8, 'Fungi(jamur)', 'Fungi(jamur)', NULL, 'Disini kita akan mempelajari tentang fungsi(jamur)', '<ul>\r\n	<li>Ciri-ciri jamur :</li>\r\n</ul>\r\n\r\n<div>1.&nbsp;&nbsp;&nbsp;&nbsp;&nbsp;&nbsp;&nbsp;&nbsp;Eukariotik yang memiliki dinding sel</div>\r\n\r\n<div>2.&nbsp;&nbsp;&nbsp;&nbsp;&nbsp;&nbsp;&nbsp;&nbsp;Tidak memiliki klorofil</div>\r\n\r\n<div>3.&nbsp;&nbsp;&nbsp;&nbsp;&nbsp;&nbsp;&nbsp;&nbsp;Makanannya berupa bahan organik yang diperoleh dari lingkungannya, baik dari mahkluk hidup lain atau dari sisa mahkluk hidup</div>\r\n\r\n<div>4.&nbsp;&nbsp;&nbsp;&nbsp;&nbsp;&nbsp;&nbsp;&nbsp;Dinding sel tersusun dari kitin</div>\r\n\r\n<div>5.&nbsp;&nbsp;&nbsp;&nbsp;&nbsp;&nbsp;&nbsp;&nbsp;Beberapa memiliki zat warna, seperti Amanita muscaria</div>\r\n\r\n<div>6.&nbsp;&nbsp;&nbsp;&nbsp;&nbsp;&nbsp;&nbsp;&nbsp;Jamur multiseluler memiliki sel-sel memanjang berupa benang-benang (hifa)</div>\r\n\r\n<div>7.&nbsp;&nbsp;&nbsp;&nbsp;&nbsp;&nbsp;&nbsp;&nbsp;Hifa pada jenis jamur tertentu memiliki sekat antar-sel yang disebut septum</div>\r\n\r\n<div>8.&nbsp;&nbsp;&nbsp;&nbsp;&nbsp;&nbsp;&nbsp;&nbsp;Hifa tanpa sekat : Hifa senositik</div>\r\n\r\n<div>9.&nbsp;&nbsp;&nbsp;&nbsp;&nbsp;&nbsp;&nbsp;&nbsp;Hifa jamur bercabang-cabang dan berjalin membentuk miselium</div>\r\n\r\n<div>10.&nbsp;&nbsp;&nbsp;&nbsp;&nbsp;Miselium vegetatif : Menyerap makanan</div>\r\n\r\n<div>11.&nbsp;&nbsp;&nbsp;&nbsp;&nbsp;Miselium generatif : Alat reproduksi, menghasilkan spora</div>\r\n\r\n<div>12.&nbsp;&nbsp;&nbsp;&nbsp;&nbsp;Melakukan pencernaan secara ekstraseluler atau di luar tubuh jamur</div>\r\n\r\n<div>13.&nbsp;&nbsp;&nbsp;&nbsp;&nbsp;Bersifat heterotrof</div>\r\n\r\n<ul>\r\n	<li>Berdasarkan cara memperoleh makanannya :</li>\r\n</ul>\r\n\r\n<div>1.&nbsp;&nbsp;&nbsp;&nbsp;&nbsp;&nbsp;&nbsp;&nbsp;Saprofit&nbsp;: Memperoleh zat organik dari sisa-sisa organisme mati dan bahan tak hidup. Sebagai pengurai (dekomposer) utama</div>\r\n\r\n<div>2.&nbsp;&nbsp;&nbsp;&nbsp;&nbsp;&nbsp;&nbsp;&nbsp;Parasit&nbsp;: Memperoleh zat organik dari organisme hidup lain. Merugikan organisme inangnya karena dapat menyebabkan penyakit</div>\r\n\r\n<div>3.&nbsp;&nbsp;&nbsp;&nbsp;&nbsp;&nbsp;&nbsp;&nbsp;Simbiosis mutualisme&nbsp;: Hidup saling menguntungkan dengan organisme lain. Contohnya : Jamur bersimbiosis dengan ganggang hijau biru membentuk lumut kerak dan jamur yang bersimbiosis dengan akar tanaman tingkat tinggi membentuk mikoriza</div>\r\n\r\n<ul>\r\n	<li>Habitatnya :</li>\r\n</ul>\r\n\r\n<div>1.&nbsp;&nbsp;&nbsp;&nbsp;&nbsp;&nbsp;&nbsp;&nbsp;Tempat basah/lembab di daratan</div>\r\n\r\n<div>2.&nbsp;&nbsp;&nbsp;&nbsp;&nbsp;&nbsp;&nbsp;&nbsp;Organisme/sisa-sisa organisme di laut/air tawar</div>\r\n\r\n<div>3.&nbsp;&nbsp;&nbsp;&nbsp;&nbsp;&nbsp;&nbsp;&nbsp;Lingkungan asam</div>\r\n\r\n<div>4.&nbsp;&nbsp;&nbsp;&nbsp;&nbsp;&nbsp;&nbsp;&nbsp;Konsentrasi gula tinggi</div>\r\n\r\n<div>&nbsp;</div>\r\n\r\n<ul>\r\n	<li>Reproduksi aseksual :</li>\r\n</ul>\r\n\r\n<div>1.&nbsp;&nbsp;&nbsp;&nbsp;&nbsp;&nbsp;&nbsp;&nbsp;Pembentukan kuncup/tunas pada jamur uniseluler</div>\r\n\r\n<div>2.&nbsp;&nbsp;&nbsp;&nbsp;&nbsp;&nbsp;&nbsp;&nbsp;Pemutusan benang hifa (fragmentasi miselium) pada jamur uniseluler</div>\r\n\r\n<div>3.&nbsp;&nbsp;&nbsp;&nbsp;&nbsp;&nbsp;&nbsp;&nbsp;Pembentukan spora aseksual (spora vegetatif) pada jamur multiseluler. Spora aseksual berupa :</div>\r\n\r\n<div style=\"margin-left:1in;\">&sect;&nbsp;&nbsp;Sporangiospora&nbsp;: Dihasilkan dari pembelahan mitosis sel dalam kotak spora (sporangium) yang terdapat pada ujung sporangiofor (struktur yang mendudukung sporangiofor)</div>\r\n\r\n<div style=\"margin-left:1in;\">&sect;&nbsp;&nbsp;Konidiospora&nbsp;: Dihasilkan dari pembelahan mitosis sel pada ujung konidiofor (penudukung konidia)</div>\r\n\r\n<ul>\r\n	<li>Reproduksi seksual : Pembentukan spora seksual yang dihasilkan secara singami (penyatuan sel/hifa yang berbeda jenis)</li>\r\n	<li>Klasifikasi berdasarkan cara reproduksi seksualnya :</li>\r\n</ul>\r\n\r\n<div>a)&nbsp;&nbsp;&nbsp;&nbsp;&nbsp;&nbsp;&nbsp;Zigomycota&nbsp;:</div>\r\n\r\n<div style=\"margin-left:1in;\">&sect;&nbsp;&nbsp;Hifa tak bersekat</div>\r\n\r\n<div style=\"margin-left:1in;\">&sect;&nbsp;&nbsp;Hifa berdiferensiasi membentuk sporangium</div>\r\n\r\n<div style=\"margin-left:1in;\">&sect;&nbsp;&nbsp;Alat reproduksi seksual : Zigosporangium yang berdinding tebal dan bewarna kehitaman</div>\r\n\r\n<div style=\"margin-left:1in;\">&sect;&nbsp;&nbsp;Tidak memiliki tubuh buah</div>\r\n\r\n<div style=\"margin-left:1in;\">&sect;&nbsp;&nbsp;Habitatnya :</div>\r\n\r\n<div style=\"margin-left:1.25in;\">1.&nbsp;&nbsp;&nbsp;&nbsp;&nbsp;&nbsp;&nbsp;&nbsp;Merupakan jamur terestrial (daratan)</div>\r\n\r\n<div style=\"margin-left:1.25in;\">2.&nbsp;&nbsp;&nbsp;&nbsp;&nbsp;&nbsp;&nbsp;&nbsp;Saprofit pada makanan/pada sisa tumbuhan dan hewan</div>\r\n\r\n<div style=\"margin-left:1.25in;\">3.&nbsp;&nbsp;&nbsp;&nbsp;&nbsp;&nbsp;&nbsp;&nbsp;Parasit pada manusia dan tumbuhan</div>\r\n\r\n<div style=\"margin-left:1.25in;\">4.&nbsp;&nbsp;&nbsp;&nbsp;&nbsp;&nbsp;&nbsp;&nbsp;Bersimbiosis saling menguntungkan dengan organisme lain</div>\r\n\r\n<div style=\"margin-left:1in;\">&sect;&nbsp;&nbsp;Reproduksi aseksualnya : Fragmentasi miselium atau pembentukan spora aseksual (spora vegetatif) yang dihasilkan oleh sporangium</div>\r\n\r\n<div style=\"margin-left:1in;\">&sect;&nbsp;&nbsp;Peranannya :</div>\r\n\r\n<div style=\"margin-left:1.25in;\">1.&nbsp;&nbsp;&nbsp;&nbsp;&nbsp;&nbsp;&nbsp;&nbsp;<em>Rhizopus oryzae&nbsp;</em>: Pembuatan tempe</div>\r\n\r\n<div style=\"margin-left:1.25in;\">2.&nbsp;&nbsp;&nbsp;&nbsp;&nbsp;&nbsp;&nbsp;&nbsp;<em>Mucor javanicus&nbsp;</em>: Pembuatan tape</div>\r\n\r\n<div style=\"margin-left:1.25in;\">3.&nbsp;&nbsp;&nbsp;&nbsp;&nbsp;&nbsp;&nbsp;&nbsp;<em>Rhizopus stolonifer, Rhizopus nigricans, Mucor mucedo, Pilobolus&nbsp;</em>: Pengurai saproba sisa organisme/bahan yang terbuat dari produk organism</div>\r\n\r\n<div>b)&nbsp;&nbsp;&nbsp;&nbsp;&nbsp;&nbsp;&nbsp;Ascomycota&nbsp;:</div>\r\n\r\n<div style=\"margin-left:1in;\">&sect;&nbsp;&nbsp;Sebagian besar multiseluler, uniseluler (Saccaromyces cerevisiae)</div>\r\n\r\n<div style=\"margin-left:1in;\">&sect;&nbsp;&nbsp;Yang multiseluler hifanya bersekat</div>\r\n\r\n<div style=\"margin-left:1in;\">&sect;&nbsp;&nbsp;Alat reproduksi aseksualnya : Hifa yang berdiferensiasi membentuk konidiofor</div>\r\n\r\n<div style=\"margin-left:1in;\">&sect;&nbsp;&nbsp;Alat reproduksi seksualnya : Askus</div>\r\n\r\n<div style=\"margin-left:1in;\">&sect;&nbsp;&nbsp;Tubuh buah pada Ascomycota : Askokarp</div>\r\n\r\n<div style=\"margin-left:1in;\">&sect;&nbsp;&nbsp;Peranannya :</div>\r\n\r\n<div style=\"margin-left:1.25in;\">&sect;&nbsp;&nbsp;<em>Saccharomyces cerevisiae&nbsp;</em>: Pembuatan roti dan minuman beralkohol (mengubah gula menjadi alkohol (etanol) dan karbon dioksida)</div>\r\n\r\n<div style=\"margin-left:1.25in;\">&sect;&nbsp;&nbsp;<em>Saccharomyces ellipsoideus&nbsp;</em>: Pembuatan wine dari buah anggur</div>\r\n\r\n<div style=\"margin-left:1.25in;\">&sect;&nbsp;&nbsp;<em>Saccharomyces tuac&nbsp;</em>: Pembuatan tuak dari air nira</div>\r\n\r\n<div style=\"margin-left:1.25in;\">&sect;&nbsp;&nbsp;<em>Neurospora crassa&nbsp;</em>: Oncom</div>\r\n\r\n<div style=\"margin-left:1.25in;\">&sect;&nbsp;&nbsp;<em>Morchella esculenta&nbsp;</em>dan&nbsp;<em>Sarcoscypha coccinea&nbsp;</em>: Tubuh buahnya dapat dimakan</div>\r\n\r\n<div style=\"margin-left:1.25in;\">&sect;&nbsp;&nbsp;<em>Penicillium notatum&nbsp;</em>dan&nbsp;<em>Penicillium</em>&nbsp;<em>chrysogenum</em>&nbsp;: Antibiotik</div>\r\n\r\n<div style=\"margin-left:1.25in;\">&sect;&nbsp;&nbsp;<em>Penicillium</em>&nbsp;<em>camembertz</em>&nbsp;dan&nbsp;<em>Penicillium</em>&nbsp;<em>roqueforti</em>&nbsp;: Keju</div>\r\n\r\n<div>c)&nbsp;&nbsp;&nbsp;&nbsp;&nbsp;&nbsp;&nbsp;&nbsp;Basidiomycota&nbsp;:</div>\r\n\r\n<div style=\"margin-left:1in;\">&sect;&nbsp;&nbsp;Jamur multiseluler hifanya bersekat</div>\r\n\r\n<div style=\"margin-left:1in;\">&sect;&nbsp;&nbsp;Tubuh buah pada Basidiomycota : Basidiokarp</div>\r\n\r\n<div style=\"margin-left:1in;\">&sect;&nbsp;&nbsp;Alat reproduksi seksualnya : Basidiospora</div>\r\n\r\n<div style=\"margin-left:1in;\">&sect;&nbsp;&nbsp;Reproduksi aseksualnya : Membentuk spora konidia</div>\r\n\r\n<div style=\"margin-left:1in;\">&sect;&nbsp;&nbsp;Peranannya :</div>\r\n\r\n<div style=\"margin-left:1.25in;\">-&nbsp;&nbsp;&nbsp;&nbsp;&nbsp;&nbsp;&nbsp;&nbsp;&nbsp;&nbsp;Jamur kuping (<em>Auricularia polytricha</em>), jamur merang (<em>Volvariella volvacea</em>), dan jamur shitake (<em>Lentinula edodes</em>) : Dapat dimakan tubuh buahnya</div>\r\n\r\n<div style=\"margin-left:1.25in;\">-&nbsp;&nbsp;&nbsp;&nbsp;&nbsp;&nbsp;&nbsp;&nbsp;&nbsp;&nbsp;Jamur kayu (<em>Ganoderma</em>) : Obat/makanan suplemen</div>\r\n\r\n<div style=\"margin-left:1in;\">Yang merugikan :</div>\r\n\r\n<div style=\"margin-left:1.25in;\">-&nbsp;&nbsp;&nbsp;&nbsp;&nbsp;&nbsp;&nbsp;&nbsp;&nbsp;&nbsp;Jamur karat (<em>Puccinia graminis</em>) : Parasit pada daun tanaman pertanian</div>\r\n\r\n<div style=\"margin-left:1.25in;\">-&nbsp;&nbsp;&nbsp;&nbsp;&nbsp;&nbsp;&nbsp;&nbsp;&nbsp;&nbsp;<em>Punnicinia arachidis&nbsp;</em>: Parasit pada tanaman kacang</div>\r\n\r\n<div style=\"margin-left:1.25in;\">-&nbsp;&nbsp;&nbsp;&nbsp;&nbsp;&nbsp;&nbsp;&nbsp;&nbsp;&nbsp;<em>Ustilago maydis&nbsp;</em>: Parasit pada jagung</div>\r\n\r\n<div style=\"margin-left:1.25in;\">-&nbsp;&nbsp;&nbsp;&nbsp;&nbsp;&nbsp;&nbsp;&nbsp;&nbsp;&nbsp;<em>Amanita ocreata&nbsp;</em>dan&nbsp;<em>Amanita phalloides&nbsp;</em>: Beracun dan mematikan bila dimakan</div>\r\n\r\n<div style=\"margin-left:1.25in;\">-&nbsp;&nbsp;&nbsp;&nbsp;&nbsp;&nbsp;&nbsp;&nbsp;&nbsp;&nbsp;<em>Amanita muscaria&nbsp;</em>: Menyebabkan halusinasi bila dimakan</div>\r\n\r\n<div>d)&nbsp;&nbsp;&nbsp;&nbsp;&nbsp;&nbsp;&nbsp;Deuteromycetes&nbsp;:</div>\r\n\r\n<div style=\"margin-left:1in;\">&sect;&nbsp;&nbsp;Bukan kelompok jamur sebenarnya dalam klasifikasi jamur</div>\r\n\r\n<div style=\"margin-left:1in;\">&sect;&nbsp;&nbsp;Setiap jenis jamur sudah diidentifikasi tetapi belum diketahui reproduksi seksualnya dikelompokkan dalam deuteromycetes (jamur tidak sempurna)</div>\r\n\r\n<div style=\"margin-left:1in;\">&sect;&nbsp;&nbsp;Jika cara reproduksi suatu jenis jamur Deuteromycetes diketahui, jamur tersebut akan dikelompokkan ulang menjadi anggota salah satu divisi jamur Zygomycota, Ascomycota, atau Basidiomycota</div>\r\n\r\n<ul>\r\n	<li>Lumut kerak :</li>\r\n</ul>\r\n\r\n<div style=\"margin-left:1in;\">1.&nbsp;&nbsp;&nbsp;&nbsp;&nbsp;&nbsp;&nbsp;&nbsp;Bentuk kehidupan saling menguntungkan antara jamur dan organisme fotosintetik</div>\r\n\r\n<div style=\"margin-left:1in;\">2.&nbsp;&nbsp;&nbsp;&nbsp;&nbsp;&nbsp;&nbsp;&nbsp;jamur dalam lumut kerak umumnya adalah Ascomycota dan Basidiomycota, sedangkan organisme fotosintetiknya adalah Cyanobacteria/ganggan hijau uniseluler</div>\r\n\r\n<div style=\"margin-left:1in;\">3.&nbsp;&nbsp;&nbsp;&nbsp;&nbsp;&nbsp;&nbsp;&nbsp;Jamur memperoleh hasil fotosintesis dari Cyanobacteria</div>\r\n\r\n<div style=\"margin-left:1in;\">4.&nbsp;&nbsp;&nbsp;&nbsp;&nbsp;&nbsp;&nbsp;&nbsp;Jamur bertugas menjaga ketersediaan air bagi Cyanobacteria</div>\r\n\r\n<div style=\"margin-left:1in;\">5.&nbsp;&nbsp;&nbsp;&nbsp;&nbsp;&nbsp;&nbsp;&nbsp;Cyanobacteria memperoleh nutrien untuk fotosintesis yang diserap oleh jamur dari lingkungan</div>\r\n\r\n<div style=\"margin-left:1in;\">6.&nbsp;&nbsp;&nbsp;&nbsp;&nbsp;&nbsp;&nbsp;&nbsp;Reproduksi aseksual : Fragmentasi badan vegetatif (talus) atau dengan soredia</div>\r\n\r\n<div style=\"margin-left:1in;\">7.&nbsp;&nbsp;&nbsp;&nbsp;&nbsp;&nbsp;&nbsp;&nbsp;Reproduksi seksualnya : Jika yang bersimbiosis adalah Ascomycota dan Basidiomycota yang menghasilkan askospora dan basidiospora</div>\r\n\r\n<ul>\r\n	<li>Mikoriza :</li>\r\n</ul>\r\n\r\n<div style=\"margin-left:1in;\">1.&nbsp;&nbsp;&nbsp;&nbsp;&nbsp;&nbsp;&nbsp;&nbsp;Simbiosis mutualisme antara jamur dan akar tumbuhan tingkat tinggi</div>\r\n\r\n<div style=\"margin-left:1in;\">2.&nbsp;&nbsp;&nbsp;&nbsp;&nbsp;&nbsp;&nbsp;&nbsp;Jamur memperoleh senyawa organik</div>\r\n\r\n<div style=\"margin-left:1in;\">3.&nbsp;&nbsp;&nbsp;&nbsp;&nbsp;&nbsp;&nbsp;&nbsp;Tumbuhan memperoleh air dan mineral (terutama fosfor) yang diserap oleh jamur dari dalam tanah, jamur juga menyediakan hormon pertumbuhan tertentu yang melindungi akar tumbuhan terhadap infeksi mikroorganisme</div>', 5, 1, 1, '2017-12-17 03:42:52', '2017-12-17 03:42:52', NULL);
INSERT INTO `lessons` (`id`, `course_id`, `title`, `slug`, `lesson_image`, `short_text`, `full_text`, `position`, `free_lesson`, `published`, `created_at`, `updated_at`, `deleted_at`) VALUES
(66, 9, 'Mengenal Paragraf : Pengertian, Jenis, dan Contoh Paragraf', 'Mengenal Paragraf : Pengertian, Jenis, dan Contoh Paragraf', NULL, 'Disini kita akan mempelajari tentang mengenai paragraf yaitu pengertian dari paragraf, jenis-jenis paragraf dan contoh paragraf', '<p>Pengertian Paragraf<br />\r\nParagraf adalah sekumpulan kalimat yang padu (koheren) dan memiliki kesatuan gagasan.</p>\r\n\r\n<p>Nama Lain Paragraf<br />\r\nNama lain paragraf adalah alinea</p>\r\n\r\n<p>Unsur Paragraf<br />\r\nParagraf terdiri dari gagasan utama dan gagasan penjelas. Gagasan utama berada dalam kalimat utama. Adapun gagasan penjelas berada dalam kalimat-kalimat penjelas.</p>\r\n\r\n<p>Jenis Paragraf Berdasarkan Letak Gagasannya.<br />\r\n1. Deduktif (deduktif-depan / dd)<br />\r\nYakni paragraf yang gagasan utamanya berada di awal paragraf. Contoh Paragraf Deduktif<br />\r\nIndonesia merupakan negara yang memiliki kekayaan alam melimpah. Indonesia adalah penghasil timah terbesar kedua di dunia. Selain itu Indonesia juga penghasil berbagai macam mineral : besi, tembaga, baja, dll. Dalam bidang pertanian Indonesia-singapura juga penghasil minyak kelapa sawit nomor dua dunia.</p>\r\n\r\n<p>2. Induktif<br />\r\nParagraf induktif adalah paragraf yang gagasan utamanya berada di akhir paragraf.<br />\r\nContoh paragraf induktif<br />\r\nIndonesia penghasil minyak kelapa sawit nomor dua di dunia. Penghasil kopi nomor enam. Di bidang mineral Indonesia penghasil timah, baja, tembaga, dll. Indonesia adalah negara yang kaya akan sumber daya alam.</p>\r\n\r\n<p>3. Paragraf Campuran / Variatif<br />\r\nMerupakan paragraf yang letak gagasan utamanya berada di awal dan akhir. Gagasan penjelas berada di tengah.</p>\r\n\r\n<p>4. Paragraf deskriptif / naratif<br />\r\nAdalah paragraf yang semua paragraf nya merupakan gagasan utama. Contohnya adalah teks berbentuk cerita.<br />\r\nContoh paragraf deskriptif/ naratif</p>\r\n\r\n<p>Andi bangun sedikit terlambat pagi ini. Pukul 05.00. ia buru-buru mengambil air wudhu. Lantas bergegas menunaikan shalat subuh sendirian. Ka menyesal terlewatkan shubuh berjamaah di masjid. Ini karena ia begadang semalam. Tugas bahasa Indonesia cukup banyak.</p>\r\n\r\n<p>Jenis Paragraf Berdasarkan Pola Pengembangannya<br />\r\nParagraf juga dapat dibedakan berdasarkan pola pengembangannya, yakni:</p>\r\n\r\n<p>1. Paragraf Sebab &ndash; akibat<br />\r\nParagraf ini menguraikan suatu sebab yang kemudian menghasilkan dampak atau akibat.<br />\r\nContoh paragraf sebab akibat.<br />\r\nHujan deras mengguyur Kota Banjar tadi malam. Akibatnya di beberapa tempat terjadi banjir. Jembatan Katapang pun rusak. Jalur Jabar Jateng terputus sementara.</p>\r\n\r\n<p>2. Paragraf akibat sebab<br />\r\nParagraf ini menguraikan hal-hal yang menyebabkan sesuatu terjadi.<br />\r\nContoh paragraf akibat sebab<br />\r\nVolumenya kendaraan pribadi di Jakarta terus meningkat. Perilaku berkendara yang baik terbilang kurang. Banyak warga yang melanggar peraturan lalu lintas. Di beberapa kawasan juga terdapat genangan air. Hal itulah yang semakin membuat lalu lintas Jakarta kian ramai dan padat.<br />\r\n3. Paragraf Penjabaran / perincian<br />\r\nParagraf yang memuat sesuatu yang menjabarkan atau merincikan.</p>\r\n\r\n<p>Contoh:<br />\r\nCara membuat mie instan terbilang mudah. Pertama &hellip;. kedua&hellip;. ketiga&hellip;</p>\r\n\r\n<p>4. Paragraf Generalisasi<br />\r\nParagraf jenis ini berusaha mengambil simpulan umum (general).<br />\r\nContoh.<br />\r\nPemerintah DKI Jakarta sudah membangun banjir kanal barat dan timur. Selain itu drainase juga ditambah. Pemerintah juga sudah membuat peraturan tegas melarang pembuangan sampah di sungai. Banyak hal yang sudah dilakukan pemerintah DKI Jakarta untuk mengatasi banjir.<br />\r\nKalimat terakhir merupakan bagian generalisasi.</p>\r\n\r\n<p>5. Paragraf Analogi<br />\r\nParagraf ini berisi perbandingan antara suatu hal dengan hal lain.<br />\r\nContoh.<br />\r\nManusia sejatinya bak kertas putih. Tergantung tinta yang akan mewarnainya. Apakah ia hitam, merah, kuning, dll.<br />\r\nContoh lain.<br />\r\nWanita itu selayak tulang rusuk bagi laki-laki. Peranannya sangat penting. Namun mesti begitu. Hakikat tulang rusuk adalah bengkok. Perlu kesabaran untuk meluruskannya. Karena jika diluruskan secara paksa maka akan patah.<br />\r\nPenulisan Paragraf<br />\r\nAwal paragraf diberi jarak spasi sekitar 5 &ndash; 7 ketukan.</p>', 1, 1, 1, '2017-12-17 04:13:12', '2017-12-17 04:13:12', NULL),
(67, 9, 'Teks Prosedur : Pengertian, Struktur, dan Contoh Teks Prosedur', 'Teks Prosedur : Pengertian, Struktur, dan Contoh Teks Prosedur', NULL, 'Disini kita akan mempelajari tentang teks prosedur , di materi ini juga kita akan membahas mengenai pengertian dari teks prosedur, struktur dari teks prosedur dan contoh dari teks prosedur', '<p><strong>&nbsp;&nbsp;&nbsp; Pengertian Teks Prosedur</strong></p>\r\n\r\n<p>Teks prosedur adalah teks yang di dalamnya berisikan tujuan dan langkah melakukan atau membuat sesuatu.</p>\r\n\r\n<p><strong>&nbsp;</strong></p>\r\n\r\n<p><strong>&nbsp;&nbsp;&nbsp;&nbsp;&nbsp;&nbsp;&nbsp;&nbsp;&nbsp;&nbsp;&nbsp; Struktur Teks Prosedur</strong></p>\r\n\r\n<p>Secara garis besar,&nbsp;<strong>Teks Prosedur memiliki 2 struktur yakni bagian Tujuan dan bagian Langkah-langkah</strong>. Bagaimana dan seperti apakah tujuan dan langkah-langkah dalam membuat Teks Prosedur, berikut akan dijelaskan beserta contohnya.</p>\r\n\r\n<p>&nbsp;</p>\r\n\r\n<p><strong>&nbsp;&nbsp;&nbsp;&nbsp;&nbsp;&nbsp;&nbsp;&nbsp;&nbsp;&nbsp;&nbsp; Contoh Teks Prosedur</strong></p>\r\n\r\n<p>Di bawah ini akan disajikan sebuah bacaan yang berjudul Pencangkokan Tanaman. Adapun lebih jelasnya adalah sebagai berikut :</p>\r\n\r\n<ol>\r\n	<li>Pengembangan tanaman dapat dilakukan melalui pencangkokan. Selain mudah dilakukan, pencangkokan juga murah biayanya. Hal ini dilakukan guna mendapatkan keturunan dari pohon yang dicangkok yang lebih baik, sehingga buah atau hasil yang didapatkan lebih maksimal. Sebagai contoh yakni pencangkokan tumbuhan mangga bisa mendapatkan buang mangga yang lebih baik dari mangga yang dicangkok. Selain kelebihan yang disebutkan di atas hasil pencangkokan memiliki masa tumbuh yang relatif lebih singkat, dibandingkan ditanam melalui biji atau benih.</li>\r\n	<li>Dalam kenyataannya pencangkokan tanaman memiliki kelebihan dan kekurangan/ kerugin. Keuntungan yang dapat diperoleh melalui pencangkokan tananman antara lain, tanaman berbuah lebih cepat, mutu buah yang dihasilkan sama dengan induknya. Sementara kerugiannya yakni tanaman hasil pencangkokan hanya memiliki akar serabut sehingga lebih mudah tumbang/ roboh dibandingkan dengan jika ditanam secara umum.</li>\r\n	<li>Dalam melakukan proses pencangkokan diperlukan beberapa alat dan bahan, diantaranya yakni satu bilah pisau, tali plastik/ tali bambu, plastik transparan/ sabut kelapa/ ijuk dan tanah yang agak basah dan subur. Alat dan bahan tersebut sangat penting sekali dalam melakukan proses pencangkokan berbagai tanaman yang memang bisa dilakukan pencangkokan.</li>\r\n	<li>Adapun langkah dalam melakukan pencangkokan yakni :</li>\r\n	<li>Carilah dahan yang ukuran batang pohon dan tempat yang akan dikupas paling sedikit 10 cm</li>\r\n	<li>Ukurlah jarak antara batang pohon dan tempat yang akan dicangkk dengan panjang kupasan 5 cm</li>\r\n	<li>Kupaslah sekeliling kulit dahan yang akan dicangkok dengan panjang kupasan 5 cm</li>\r\n	<li>Keriklah lendir atau kambium dahan tersebut dengan perlahan agar kering</li>\r\n	<li>Tutuplah hasil kupasan dengan tanah</li>\r\n	<li>Bungkuslah tanah dengan plastik, lalu ikat kedua ujungnya agar tanah tidak jatuh.</li>\r\n	<li>Setelah semua langkah dilakukan, maka lakukan pemantauan seminggu sekali, guna melihat perkembangannya. Apakah tanah pencangkkan itu kering, siramlah dengan membuka tali pengikat bagian atas cangkokan. Setelah dua atau tiga minggu, tunas hasil cangkokan akan tumbuh pada bagian tanah yang dibungkus. Maka hal tersebut bisa dikatakan proses pencangkokan berjalan dengan lancar.</li>\r\n</ol>\r\n\r\n<p>&nbsp;</p>\r\n\r\n<p>Tulisan di atas merupakan tulisan mengenai prosedur pencangkokan tanaman. Namun, tulisan di atas belum diklasifikasikan apakah masuk ke dalam tujuan atau langkah-langkah dalam struktur Teks Prosedur. Berikut ini akan diklasifikasikan ke dalam Tujuan dan langkah-langkah struktur teks prosedur.</p>\r\n\r\n<ol>\r\n	<li><strong>Struktur Teks Prosedur Bagian Tujuan :</strong></li>\r\n</ol>\r\n\r\n<p>Pengembangan tanaman dapat dilakukan melalui pencangkokan. Selain mudah dilakukan, pencangkokan juga murah biayanya. Hal ini dilakukan guna mendapatkan keturunan dari pohon yang dicangkok yang lebih baik, sehingga buah atau hasil yang didapatkan lebih maksimal. Sebagai contoh yakni pencangkokan tumbuhan mangga bisa mendapatkan buang mangga yang lebih baik dari mangga yang dicangkok. Selain kelebihan yang disebutkan di atas hasil pencangkokan memiliki masa tumbuh yang relatif lebih singkat, dibandingkan ditanam melalui biji atau benih.</p>\r\n\r\n<p>&nbsp;</p>\r\n\r\n<ol start=\"2\">\r\n	<li><strong>Struktur Teks Prosedur Bagian Langkah-langkah :</strong></li>\r\n	<li>Dalam kenyataannya pencangkokan tanaman memiliki kelebihan dan kekurangan/ kerugin. Keuntungan yang dapat diperoleh melalui pencangkokan tananman antara lain, tanaman berbuah lebih cepat, mutu buah yang dihasilkan sama dengan induknya. Sementara kerugiannya yakni tanaman hasil pencangkokan hanya memiliki akar serabut sehingga lebih mudah tumbang/ roboh dibandingkan dengan jika ditanam secara umum.</li>\r\n	<li>Dalam melakukan proses pencangkokan diperlukan beberapa alat dan bahan, diantaranya yakni satu bilah pisau, tali plastik/ tali bambu, plastik transparan/ sabut kelapa/ ijuk dan tanah yang agak basah dan subur. Alat dan bahan tersebut sangat penting sekali dalam melakukan proses pencangkokan berbagai tanaman yang memang bisa dilakukan pencangkokan.</li>\r\n	<li>Adapun langkah dalam melakukan pencangkokan yakni :</li>\r\n	<li>Carilah dahan yang ukuran batang pohon dan tempat yang akan dikupas paling sedikit 10 cm</li>\r\n	<li>Ukurlah jarak antara batang pohon dan tempat yang akan dicangkk dengan panjang kupasan 5 cm</li>\r\n	<li>Kupaslah sekeliling kulit dahan yang akan dicangkok dengan panjang kupasan 5 cm</li>\r\n	<li>Keriklah lendir atau kambium dahan tersebut dengan perlahan agar kering</li>\r\n	<li>Tutuplah hasil kupasan dengan tanah</li>\r\n	<li>Bungkuslah tanah dengan plastik, lalu ikat kedua ujungnya agar tanah tidak jatuh.</li>\r\n	<li>Setelah semua langkah dilakukan, maka lakukan pemantauan seminggu sekali, guna melihat perkembangannya. Apakah tanah pencangkkan itu kering, siramlah dengan membuka tali pengikat bagian atas cangkokan. Setelah dua atau tiga minggu, tunas hasil cangkokan akan tumbuh pada bagian tanah yang dibungkus. Maka hal tersebut bisa dikatakan proses pencangkokan berjalan dengan lancar.</li>\r\n</ol>\r\n\r\n<p>&nbsp;</p>\r\n\r\n<p><strong>Simpulan Materi Pengertian Struktur Teks Prosedur</strong></p>\r\n\r\n<p>Dari beberapa penjelasan dan contoh yang sudah dituliskan di atas, dapat disimpulkan bahwa, teks prosedur yaitu jenis teks yang sering dijumpai di sekitar kita. Dalam berbagai konteks jenis teks ini dapat kita jumpai dalam kehidupan seharihari. Misalnya, ketika kita menonton acara televisi, ada tayangan memasak atau cara mencuci pakaian dengan mesin cuci.&nbsp; Selain kegitan yang pernah kita lihat di televisi, ternyata kenyataan teks prosedur sudah kita lakukan dalam kehidupan sehari-hari, seperti cara membuat sambal balado atau jenis aktivitas lain yang membutuhkan langkah-langkah yang prosedural.</p>\r\n\r\n<p>Selain itu dapat dikatakan juga jika&nbsp;<strong>Teks prosedur adalah teks</strong>&nbsp;yang berisi tujuan dan langkah-langkah yang harus diikuti agar suatu pekerjaan dapat dilakukan. Dengan tulisan yang menjelaskan langkah-langkah dapat menjadikan pembaca tulisan yang dimaksud lebih mengenal dan memahami cara melakukan sesuatu yang di maksud tulisan tersebut. Di dalam teks prosedur diuraikan bagaimana sesuatu dikerjakan melalui serangkaian langkah-langkah atau tindakan. Tujuan komunikatif teks prosedur adalah memberi petunjuk cara melakukan sesuatu melalui serangkaian tindakan atau langkah. Prosedur sering kita lakukan dalam kehidupan sehari-hari, yang dibutuhkan sekarang ketika kita diminta untuk membuat teks prosedur adalah kesensitifan kita akan aktivitas yang dilakukan dalam kehidupan sehari-hari. Selamat memahami dan belajar menulis Teks Prosedur!</p>', 2, 1, 1, '2017-12-17 22:27:01', '2017-12-17 22:27:01', NULL),
(68, 9, 'Pergerseran Makna (Jenis, Pengertian, dan Contohnya)', 'Pergerseran Makna (Jenis, Pengertian, dan Contohnya)', NULL, 'Disini kita akan mempelajari tentang pergerseran makna yang meliputi jenis-jenis dari pergeseran makna , pengertian dari pergeseran makna beserta contohnya', '<ol>\r\n	<li><strong>Generalisasi (perluasan makna)</strong></li>\r\n</ol>\r\n\r\n<p>Pergeseran makna meluas adalah perubahan makna sebuat kata dari makna yang khusus/sempit ke makna yang lebih umum/luas.</p>\r\n\r\n<p>Contoh : Silakan&nbsp;<u>bapak-bapak</u>&nbsp;meneliti dengan seksama tanaman-tanaman ini!</p>\r\n\r\n<p>&nbsp;</p>\r\n\r\n<ol start=\"2\">\r\n	<li><strong>Spesialisasi (penyempitan makna)</strong></li>\r\n</ol>\r\n\r\n<p>Pergeseran makna menyempit adalah perubahan makna kata dari makna yang lebih umum/luas ke makna yang lebih khusus/sempit.</p>\r\n\r\n<p>Contoh :&nbsp;<u>Pendeta</u>&nbsp;itu sedang memimpin misa gereja.</p>\r\n\r\n<p>&nbsp;</p>\r\n\r\n<ol start=\"3\">\r\n	<li><strong>Sinestesia</strong></li>\r\n</ol>\r\n\r\n<p>Sinestesia adalah perubahan makna yang terjadi karena adanya pertukaran tanggapan antara dua indra yang berbeda.</p>\r\n\r\n<p>Contoh : Pidatonya&nbsp;<u>hambar</u>.</p>\r\n\r\n<p>&nbsp;</p>\r\n\r\n<ol start=\"4\">\r\n	<li><strong>Asosiasi</strong></li>\r\n</ol>\r\n\r\n<p>Asosiasi adalah perubahan kata yang terjadi karena persamaan sifat.</p>\r\n\r\n<p>Contoh : Dialah&nbsp;<u>kunci</u>&nbsp;permasalahan ini.</p>\r\n\r\n<p>&nbsp;</p>\r\n\r\n<ol start=\"5\">\r\n	<li><strong>Ameliorasi&nbsp;</strong><strong>(Amelioratif)</strong></li>\r\n</ol>\r\n\r\n<p>Ameliorasi adalah perubahan makna yang mengakibatkan makna yang baru dirasakan lebih tinggi/hormat/halus daripada makna lama.</p>\r\n\r\n<p>Contoh : Bu Sumanti merupakan&nbsp;<u>wanita</u>&nbsp;yang lemah lembut.</p>\r\n\r\n<p>Contoh yang lain tuna netra, tuna rungu, dll.</p>\r\n\r\n<p>&nbsp;</p>\r\n\r\n<ol start=\"6\">\r\n	<li><strong>Peyorasi (</strong><strong>Peyoratif</strong><strong>)</strong></li>\r\n</ol>\r\n\r\n<p>Peyoratif adalah perubahan makna yang mengakibatkan makna yang baru dirasakan lebih rendah daripada makna sebelumnya.</p>\r\n\r\n<p>Contoh : Bini bang Jamhuri sedang&nbsp;<u>bunting</u>&nbsp;muda.</p>\r\n\r\n<p>&nbsp;</p>\r\n\r\n<p>&nbsp;</p>\r\n\r\n<p>Contoh-contoh pergeseran makna :</p>\r\n\r\n<p>&nbsp;</p>\r\n\r\n<ol>\r\n	<li>Perluasan Makna (generalisasi)</li>\r\n</ol>\r\n\r\n<table style=\"width:612px\">\r\n	<tbody>\r\n		<tr>\r\n			<td>&nbsp;</td>\r\n			<td>Kata</td>\r\n			<td>Makna Lama</td>\r\n			<td>Makna Baru</td>\r\n		</tr>\r\n		<tr>\r\n			<td>1.\r\n			<p>&nbsp;</p>\r\n\r\n			<p>&nbsp;</p>\r\n			</td>\r\n			<td>Bapak\r\n			<p>&nbsp;</p>\r\n\r\n			<p>&nbsp;</p>\r\n			</td>\r\n			<td>&ndash;&nbsp;&nbsp;&nbsp;&nbsp;&nbsp;&nbsp; Ayah dari seseorang\r\n			<p>&nbsp;</p>\r\n\r\n			<p>&nbsp;</p>\r\n			</td>\r\n			<td>&ndash;&nbsp;&nbsp;&nbsp;&nbsp;&nbsp;&nbsp; Orang yang lebih tua atau dituakan.</td>\r\n		</tr>\r\n		<tr>\r\n			<td>2.\r\n			<p>&nbsp;</p>\r\n\r\n			<p>&nbsp;</p>\r\n			</td>\r\n			<td>Ibu\r\n			<p>&nbsp;</p>\r\n\r\n			<p>&nbsp;</p>\r\n			</td>\r\n			<td>&ndash;&nbsp;&nbsp;&nbsp;&nbsp;&nbsp;&nbsp; Orang yang melahirkan\r\n			<p>&nbsp;</p>\r\n\r\n			<p>&nbsp;</p>\r\n			</td>\r\n			<td>&ndash;&nbsp;&nbsp;&nbsp;&nbsp;&nbsp;&nbsp;&nbsp; Orang yang lebih tua atau dituakan.</td>\r\n		</tr>\r\n		<tr>\r\n			<td>3.\r\n			<p>&nbsp;</p>\r\n\r\n			<p>&nbsp;</p>\r\n			</td>\r\n			<td>Kakak\r\n			<p>&nbsp;</p>\r\n\r\n			<p><ins><ins><ins><iframe frameborder=\"0\" height=\"90\" id=\"aswift_1\" name=\"aswift_1\" scrolling=\"no\" width=\"200\"></iframe></ins></ins></ins></p>\r\n\r\n			<p>&nbsp;</p>\r\n			</td>\r\n			<td>&ndash;&nbsp;&nbsp;&nbsp;&nbsp;&nbsp;&nbsp; Saudara kandung yang lebih tua</td>\r\n			<td>&nbsp;</td>\r\n		</tr>\r\n		<tr>\r\n			<td>4.</td>\r\n			<td>Adik</td>\r\n			<td>&ndash;</td>\r\n			<td>&nbsp;</td>\r\n		</tr>\r\n		<tr>\r\n			<td>5.</td>\r\n			<td>Saudara</td>\r\n			<td>&ndash;</td>\r\n			<td>&nbsp;</td>\r\n		</tr>\r\n		<tr>\r\n			<td>6.</td>\r\n			<td>Kakek</td>\r\n			<td>&ndash;</td>\r\n			<td>&nbsp;</td>\r\n		</tr>\r\n		<tr>\r\n			<td>7.</td>\r\n			<td>Nenek</td>\r\n			<td>&ndash;</td>\r\n			<td>&nbsp;</td>\r\n		</tr>\r\n		<tr>\r\n			<td>8.</td>\r\n			<td>Putra</td>\r\n			<td>&ndash;&nbsp;&nbsp;&nbsp;&nbsp;&nbsp;&nbsp; Anak dari raja</td>\r\n			<td>&ndash;&nbsp;&nbsp;&nbsp;&nbsp;&nbsp;&nbsp;&nbsp; Ungkapan anak seseorang</td>\r\n		</tr>\r\n		<tr>\r\n			<td>9.</td>\r\n			<td>Putri</td>\r\n			<td>&ndash;&nbsp;&nbsp;&nbsp;&nbsp;&nbsp;&nbsp; Anak dari raja</td>\r\n			<td>&ndash;&nbsp;&nbsp;&nbsp;&nbsp;&nbsp;&nbsp;&nbsp; Ungkapan anak seseorang</td>\r\n		</tr>\r\n		<tr>\r\n			<td>10.</td>\r\n			<td>Anak</td>\r\n			<td>&ndash;</td>\r\n			<td>&ndash;</td>\r\n		</tr>\r\n		<tr>\r\n			<td>11.</td>\r\n			<td>Paman</td>\r\n			<td>&ndash;</td>\r\n			<td>&ndash;</td>\r\n		</tr>\r\n		<tr>\r\n			<td>12.</td>\r\n			<td>Bibi</td>\r\n			<td>&ndash;</td>\r\n			<td>&ndash;</td>\r\n		</tr>\r\n		<tr>\r\n			<td>13.</td>\r\n			<td>Orang tua</td>\r\n			<td>&ndash;&nbsp;&nbsp;&nbsp;&nbsp;&nbsp;&nbsp; Orang yang mendidik</td>\r\n			<td>&ndash;&nbsp;&nbsp;&nbsp;&nbsp;&nbsp;&nbsp;&nbsp; Orang yang lebih tua.</td>\r\n		</tr>\r\n	</tbody>\r\n</table>\r\n\r\n<p>&nbsp;</p>\r\n\r\n<ol start=\"2\">\r\n	<li>Penyempitan Makna</li>\r\n</ol>\r\n\r\n<table style=\"width:612px\">\r\n	<tbody>\r\n		<tr>\r\n			<td>&nbsp;</td>\r\n			<td>Kata</td>\r\n			<td>Makna Lama</td>\r\n			<td>Makna Baru</td>\r\n		</tr>\r\n		<tr>\r\n			<td>1.\r\n			<p>&nbsp;</p>\r\n\r\n			<p>&nbsp;</p>\r\n			</td>\r\n			<td>Guru\r\n			<p>&nbsp;</p>\r\n\r\n			<p>&nbsp;</p>\r\n			</td>\r\n			<td>&ndash;&nbsp;&nbsp;&nbsp;&nbsp;&nbsp;&nbsp; Seorang yang memberikan ilmu.</td>\r\n			<td>&ndash;&nbsp;&nbsp;&nbsp;&nbsp;&nbsp;&nbsp; Seseorang yang mengajarkan ilmu di sekolah.</td>\r\n		</tr>\r\n		<tr>\r\n			<td>2.\r\n			<p>&nbsp;</p>\r\n\r\n			<p>&nbsp;</p>\r\n			</td>\r\n			<td>Murid\r\n			<p>&nbsp;</p>\r\n\r\n			<p>&nbsp;</p>\r\n			</td>\r\n			<td>&ndash;&nbsp;&nbsp;&nbsp;&nbsp;&nbsp;&nbsp; Seseorang yang belajar\r\n			<p>&nbsp;</p>\r\n\r\n			<p>&nbsp;</p>\r\n			</td>\r\n			<td>&ndash;&nbsp;&nbsp;&nbsp;&nbsp;&nbsp;&nbsp;&nbsp; Seseorang yang belajar di sekolah</td>\r\n		</tr>\r\n		<tr>\r\n			<td>3.\r\n			<p>&nbsp;</p>\r\n\r\n			<p>&nbsp;</p>\r\n			</td>\r\n			<td>Pendeta\r\n			<p>&nbsp;</p>\r\n\r\n			<p>&nbsp;</p>\r\n			</td>\r\n			<td>&ndash;&nbsp;&nbsp;&nbsp;&nbsp;&nbsp;&nbsp; Rohaniawan\r\n			<p>&nbsp;</p>\r\n\r\n			<p>&nbsp;</p>\r\n			</td>\r\n			<td>&ndash;&nbsp;&nbsp;&nbsp;&nbsp;&nbsp;&nbsp;&nbsp; Rohaniawan agama Kristen dan hindu.</td>\r\n		</tr>\r\n		<tr>\r\n			<td>4.</td>\r\n			<td>Sarjana</td>\r\n			<td>&ndash;&nbsp;&nbsp;&nbsp;&nbsp;&nbsp;&nbsp; Orang yang berilmu.</td>\r\n			<td>&ndash;&nbsp;&nbsp;&nbsp;&nbsp;&nbsp;&nbsp;&nbsp; Orang yang menyelesaikan pendidikan strata 1 atau S1.</td>\r\n		</tr>\r\n		<tr>\r\n			<td>5.</td>\r\n			<td>Madrasah</td>\r\n			<td>&ndash;&nbsp;&nbsp;&nbsp;&nbsp;&nbsp;&nbsp; Sekolah</td>\r\n			<td>&ndash;&nbsp;&nbsp;&nbsp;&nbsp;&nbsp;&nbsp; Tempat belajar agama islam.</td>\r\n		</tr>\r\n	</tbody>\r\n</table>\r\n\r\n<p>&nbsp;</p>\r\n\r\n<ol start=\"3\">\r\n	<li>Sinestesia</li>\r\n</ol>\r\n\r\n<p>Contoh : Kata-katanya&nbsp;<u>manis</u>.</p>\r\n\r\n<p>Kata-katanya&nbsp;<u>tajam</u>&nbsp;ssetajam silet.</p>\r\n\r\n<ol start=\"4\">\r\n	<li>Asosiasi</li>\r\n</ol>\r\n\r\n<p>Contoh : Dia bunga kelas di kelas VIII/a</p>\r\n\r\n<p>Kusnanto adalah&nbsp;<u>kunci</u>&nbsp;kemenangan kita.</p>\r\n\r\n<ol start=\"5\">\r\n	<li>Ameliorasi</li>\r\n</ol>\r\n\r\n<p>Contoh : Indra adalah&nbsp;<u>pria</u>&nbsp;paling perkasa.</p>\r\n\r\n<ol start=\"6\">\r\n	<li>Peyoratif</li>\r\n</ol>\r\n\r\n<p>Contoh :&nbsp;<u>Bini</u>&nbsp;muda kang cahyadin sedang&nbsp;<u>bunting</u>.</p>\r\n\r\n<p><strong>&nbsp;</strong></p>\r\n\r\n<p><strong>Demikianlah Pergesaran&nbsp;</strong><strong>M</strong><strong>akna (Jenis, Pengertian, dan Contohnya)</strong></p>', 3, 1, 1, '2017-12-17 22:32:30', '2017-12-17 22:32:30', NULL),
(69, 9, 'Menentukan Kata Baku dan Non-baku dalam Wacana', 'Menentukan Kata Baku dan Non-baku dalam Wacana', NULL, 'Disini kita akan mempelajari tentang menentukan kata yang termasuk baku dan kata yang non-baku dalam kalimat di dalam sebuah paragraf', '<p><strong>Pengertian Bahasa Baku</strong></p>\r\n\r\n<p>Bahasa baku adalah ragam bahasa yang cara pengucapannya maupun tulisannya sesuai standar dan kaidah yang berlaku.</p>\r\n\r\n<p>Standar dan kaidah itu meliputi :</p>\r\n\r\n<ol>\r\n	<li>Pedoman EYD (Ejaan Yang Disempurnakan)</li>\r\n	<li>Tata bahasa baku</li>\r\n	<li>Kamus umum.</li>\r\n</ol>\r\n\r\n<p>&nbsp;</p>\r\n\r\n<p>Sementara kalimat baku adalah kalimat standar yang sesuai dengan kaidah bahasa baku bahasa Indonesia atau sesuai Ejaaan Yang Disempurnakan. Kalimat atau kata baku biasanya dipakai dalam hal sebagai berikut :</p>\r\n\r\n<ol>\r\n	<li>Wacana teknis (laporan resmi, karangan ilmiah)</li>\r\n	<li>Komunikasi resmi (surat resmi, atau surat dinas, pengumuman dari instansi resmi, penamaan dan peristilahan resmi, perundang-undangan dan sebagainya)</li>\r\n	<li>Pembicaraan resmi di depan umum (pidato/penceramah)</li>\r\n	<li>Pembelajaran di sekolah.</li>\r\n	<li>Pembicaraan dengan orang yang dihormati.</li>\r\n</ol>\r\n\r\n<p><strong>Kata baku dan kata tidak baku</strong></p>\r\n\r\n<p>Baku / tidak baku</p>\r\n\r\n<ol>\r\n	<li>Froses : tidak baku =&gt; proses</li>\r\n	<li>Sukse : baku</li>\r\n	<li>Merubah : tidak baku =&gt; mengubah</li>\r\n	<li>Biarin : tidak baku =&gt; biarkan</li>\r\n	<li>Bertemu : baku</li>\r\n	<li>Daripada : baku</li>\r\n	<li>Tekhnik : tidak baku =&gt; teknik</li>\r\n	<li>Madrosah : tidak baku =&gt; madrasah</li>\r\n	<li>Tida : tidak baku =&gt; tidak</li>\r\n	<li>Passive : tidak baku =&gt; pasif</li>\r\n</ol>\r\n\r\n<p><strong>Kata baku dan kata tidak baku</strong></p>\r\n\r\n<p>&nbsp;</p>\r\n\r\n<ol>\r\n	<li>Dirubah =&gt; Tidak baku = diubah</li>\r\n	<li>Onta =&gt; Tidak baku = unta</li>\r\n	<li>Passive =&gt; Tidak baku = pasif</li>\r\n	<li>Kela =&gt; Baku</li>\r\n	<li>Skolah =&gt; Tidak baku = Sekolah</li>\r\n	<li>Sodara =&gt; Tidak baku = Saudara</li>\r\n	<li>Tauladan =&gt; Tidak baku = Teladan</li>\r\n	<li>Do&rsquo;a =&gt; Tidak baku = Doa</li>\r\n	<li>Janwari =&gt; Tidak baku = Januari</li>\r\n	<li>Jadual =&gt; Tidak Baku = Jadwal</li>\r\n</ol>\r\n\r\n<p>&nbsp;</p>\r\n\r\n<p>&nbsp;</p>\r\n\r\n<p>Berikut adalah contoh bahasa tidak baku, suntinglah!</p>\r\n\r\n<p>&nbsp;</p>\r\n\r\n<p>Aktifitasku</p>\r\n\r\n<p>Aku bangun pagi pukul 04.00, kemudian shalat shubuh di mesjid Al-Jihad, aku berangkat sekolah pukul setengah 7. Temanku Rendra selalu menemani. Pelajara di mulay setelah bel berbunyi. Para siswa masuk klas dg tertib.</p>\r\n\r\n<p>&nbsp;</p>\r\n\r\n<p>Hasil suntingan</p>\r\n\r\n<p>Aktivitasku</p>\r\n\r\n<p>Aku bangun pagi pukul 04.00. kemudian shalat subuh di Masjid Al-Jihad. Aku bereangkat sekolah pukul 06.30. Temanku Rendra selalu menemani. Pelajaran dimulai setelah bel berbunyi. Para siswa masuk kelas dengan tertib.</p>\r\n\r\n<p>&nbsp;</p>\r\n\r\n<p>Demikianlah</p>\r\n\r\n<p>Menentukan Kata Baku dan Non-baku dalam Wacana</p>', 4, 1, 1, '2017-12-17 22:36:34', '2017-12-17 22:36:34', NULL),
(70, NULL, 'Jenis, Contoh dan Pengertian dari Kata Ulang', 'Jenis, Contoh dan Pengertian dari Kata Ulang', NULL, 'Disini kita akan mempelajari tentang kata ulang yang meliputi dari makna dari kata ulang, jenis-jenis dari kata ulang dan contoh dari kata ulang', '<h2><strong>Jenis Kata Ulang</strong></h2>\r\n\r\n<p>&nbsp;</p>\r\n\r\n<p>Berdasarkan proses pembentukan, berikut jenis kata ulang :</p>\r\n\r\n<ol>\r\n	<li>Kata ulang utuh / penuh / seluruh</li>\r\n</ol>\r\n\r\n<p>Contoh : buku-buku</p>\r\n\r\n<p>Siswa-siswa</p>\r\n\r\n<p>Contoh kata ulang dalam kalimat; Buku-buku itu di bawa ke perpustakaan.</p>\r\n\r\n<p>&nbsp;</p>\r\n\r\n<ol start=\"2\">\r\n	<li>Kata ulang sebagian</li>\r\n</ol>\r\n\r\n<p>Contoh : Laki ~&gt; Lelaki</p>\r\n\r\n<p>Luasa ~&gt; Leluasa</p>\r\n\r\n<p>Tangga ~&gt; Tetangga</p>\r\n\r\n<p>Luhur ~&gt; Leluhur</p>\r\n\r\n<p>&nbsp;</p>\r\n\r\n<p>Contoh dalam kalimat; Tetangga rumah Annisa baik dan ramah.</p>\r\n\r\n<p>&nbsp;</p>\r\n\r\n<ol start=\"3\">\r\n	<li>Berubah bunyi</li>\r\n</ol>\r\n\r\n<p>Contoh : Gerak-gerik</p>\r\n\r\n<p>Mondar-mandir</p>\r\n\r\n<p>Sayur-mayur</p>\r\n\r\n<p>Beras-petas</p>\r\n\r\n<p>Contoh kata ulang dalam kalimat: Andika mondar-mandir mencari istrinya.</p>\r\n\r\n<p>&nbsp;</p>\r\n\r\n<ol start=\"4\">\r\n	<li>Kata ulang berimbuhan</li>\r\n</ol>\r\n\r\n<p>Contoh : Motor-motoran</p>\r\n\r\n<p>Tawar-menawar</p>\r\n\r\n<p>Rumah-rumahan</p>\r\n\r\n<p>Tarik-menarik</p>\r\n\r\n<p>Contoh kata ulang dalam kalimat: Rumah-rumahan itu dirangkai oleh Andita.</p>\r\n\r\n<p>&nbsp;</p>\r\n\r\n<p>&nbsp;</p>\r\n\r\n<ol start=\"5\">\r\n	<li>Kata ulang semu</li>\r\n</ol>\r\n\r\n<p>Contoh : Ondel-ondel</p>\r\n\r\n<p>Kupu-kupu</p>\r\n\r\n<p>Kura-kura</p>\r\n\r\n<p>Lumba-lumba</p>\r\n\r\n<p>Empek-empek</p>\r\n\r\n<p>Oleh-oleh</p>\r\n\r\n<p>Contoh kata ulang dalam kalimat: Kupu-kupu itu berwarna merah muda.</p>\r\n\r\n<p>&nbsp;</p>\r\n\r\n<p>&nbsp;</p>\r\n\r\n<p>Contoh kata ulang:</p>\r\n\r\n<ul>\r\n	<li>Rupa-rupa ~&gt; kata ulang semu</li>\r\n	<li>Makan-makan ~&gt; Kata ulang utuh</li>\r\n	<li>Sakit-sakitan ~&gt; Kata ulang berimbuhan</li>\r\n	<li>Pulpen-pulpen ~&gt; Kata ulang utuh</li>\r\n</ul>\r\n\r\n<p>&nbsp;</p>\r\n\r\n<p><strong>Makna Kata Ulang</strong></p>\r\n\r\n<p>Berikut adalah makna kata ulang</p>\r\n\r\n<ol>\r\n	<li>Jamak (banyak)</li>\r\n</ol>\r\n\r\n<p>Contoh : buku-buku, kelas-kelas</p>\r\n\r\n<p>&nbsp;</p>\r\n\r\n<ol start=\"2\">\r\n	<li>Bermacam-macam</li>\r\n</ol>\r\n\r\n<p>Contoh : buah-buahan, sayur-sayuran</p>\r\n\r\n<p>&nbsp;</p>\r\n\r\n<ol start=\"3\">\r\n	<li>Menyerupai</li>\r\n</ol>\r\n\r\n<p>Contoh : langit-langit, mobil-mobilan</p>\r\n\r\n<p>&nbsp;</p>\r\n\r\n<ol start=\"4\">\r\n	<li>Agak (melemahkan)</li>\r\n</ol>\r\n\r\n<p>Contoh : kebarat-baratan, kekanak-kanakan</p>\r\n\r\n<p>&nbsp;</p>\r\n\r\n<ol start=\"5\">\r\n	<li>Intensitas</li>\r\n</ol>\r\n\r\n<p>Contoh : Kuat-kuat, mondar-mandir</p>\r\n\r\n<p>&nbsp;</p>\r\n\r\n<ol start=\"6\">\r\n	<li>Saling</li>\r\n</ol>\r\n\r\n<p>Contoh : salam-salaman, peluk-pelukan</p>\r\n\r\n<p>&nbsp;</p>\r\n\r\n<ol start=\"7\">\r\n	<li>Kolektif</li>\r\n</ol>\r\n\r\n<p>Contoh : dua-dua, empat-empat</p>\r\n\r\n<p>&nbsp;</p>\r\n\r\n<ol start=\"8\">\r\n	<li>Dalam keadaan</li>\r\n</ol>\r\n\r\n<p>Contoh : panas-panas, mentah-mentah</p>\r\n\r\n<p>&nbsp;</p>\r\n\r\n<ol start=\"9\">\r\n	<li>Meskipun</li>\r\n</ol>\r\n\r\n<p>Contoh : kecil-kecil, hitam-hitam</p>\r\n\r\n<p>&nbsp;</p>\r\n\r\n<ol start=\"10\">\r\n	<li>Perihal</li>\r\n</ol>\r\n\r\n<p>Contoh : masak-memasak, jahit-menjahit</p>\r\n\r\n<p>&nbsp;</p>\r\n\r\n<ol start=\"11\">\r\n	<li>Tindakan untuk bersenang-senang</li>\r\n</ol>\r\n\r\n<p>Contoh : makan-makan, minum-minum</p>\r\n\r\n<p>&nbsp;</p>\r\n\r\n<p><em>**</em></p>\r\n\r\n<p><em>Catatan : Semua tulisan di blog ini boleh disalin-tempel (copy paste) dengan syarat HARUS menyertakan link sumber. Jadilah peng-copypaste- yang bermartabat.</em></p>\r\n\r\n<p><em>Jika tulisan kami dirasa bermanfaat, dengan sangat kami memohon bantu bagikan (share), terima kasih. Salam blogger.</em></p>\r\n\r\n<p>Demikianlah&nbsp;<strong>JENIS, CONTOH, DAN MAKNA&nbsp;</strong><strong>KATA ULANG</strong></p>', 6, 1, 1, '2017-12-17 22:53:10', '2017-12-17 22:53:10', NULL),
(71, 9, 'Jenis, Contoh dan Makna Kata ulang', 'Jenis, Contoh dan Makna Kata ulang', NULL, 'Disini kita akan mempelajari tentang kata ulang yang meliputi makna dari kata ulang, jenis-jenis dari kata ulang, dan contoh dari kata ulang', '<h2><strong>Jenis Kata Ulang</strong></h2>\r\n\r\n<p>&nbsp;</p>\r\n\r\n<p>Berdasarkan proses pembentukan, berikut jenis kata ulang :</p>\r\n\r\n<ol>\r\n	<li>Kata ulang utuh / penuh / seluruh</li>\r\n</ol>\r\n\r\n<p>Contoh : buku-buku</p>\r\n\r\n<p>Siswa-siswa</p>\r\n\r\n<p>Contoh kata ulang dalam kalimat; Buku-buku itu di bawa ke perpustakaan.</p>\r\n\r\n<p>&nbsp;</p>\r\n\r\n<ol start=\"2\">\r\n	<li>Kata ulang sebagian</li>\r\n</ol>\r\n\r\n<p>Contoh : Laki ~&gt; Lelaki</p>\r\n\r\n<p>Luasa ~&gt; Leluasa</p>\r\n\r\n<p>Tangga ~&gt; Tetangga</p>\r\n\r\n<p>Luhur ~&gt; Leluhur</p>\r\n\r\n<p>&nbsp;</p>\r\n\r\n<p>Contoh dalam kalimat; Tetangga rumah Annisa baik dan ramah.</p>\r\n\r\n<p>&nbsp;</p>\r\n\r\n<ol start=\"3\">\r\n	<li>Berubah bunyi</li>\r\n</ol>\r\n\r\n<p>Contoh : Gerak-gerik</p>\r\n\r\n<p>Mondar-mandir</p>\r\n\r\n<p>Sayur-mayur</p>\r\n\r\n<p>Beras-petas</p>\r\n\r\n<p>Contoh kata ulang dalam kalimat: Andika mondar-mandir mencari istrinya.</p>\r\n\r\n<p>&nbsp;</p>\r\n\r\n<ol start=\"4\">\r\n	<li>Kata ulang berimbuhan</li>\r\n</ol>\r\n\r\n<p>Contoh : Motor-motoran</p>\r\n\r\n<p>Tawar-menawar</p>\r\n\r\n<p>Rumah-rumahan</p>\r\n\r\n<p>Tarik-menarik</p>\r\n\r\n<p>Contoh kata ulang dalam kalimat: Rumah-rumahan itu dirangkai oleh Andita.</p>\r\n\r\n<p>&nbsp;</p>\r\n\r\n<p>&nbsp;</p>\r\n\r\n<ol start=\"5\">\r\n	<li>Kata ulang semu</li>\r\n</ol>\r\n\r\n<p>Contoh : Ondel-ondel</p>\r\n\r\n<p>Kupu-kupu</p>\r\n\r\n<p>Kura-kura</p>\r\n\r\n<p>Lumba-lumba</p>\r\n\r\n<p>Empek-empek</p>\r\n\r\n<p>Oleh-oleh</p>\r\n\r\n<p>Contoh kata ulang dalam kalimat: Kupu-kupu itu berwarna merah muda.</p>\r\n\r\n<p>&nbsp;</p>\r\n\r\n<p>&nbsp;</p>\r\n\r\n<p>Contoh kata ulang:</p>\r\n\r\n<ul>\r\n	<li>Rupa-rupa ~&gt; kata ulang semu</li>\r\n	<li>Makan-makan ~&gt; Kata ulang utuh</li>\r\n	<li>Sakit-sakitan ~&gt; Kata ulang berimbuhan</li>\r\n	<li>Pulpen-pulpen ~&gt; Kata ulang utuh</li>\r\n</ul>\r\n\r\n<p>&nbsp;</p>\r\n\r\n<p><strong>Makna Kata Ulang</strong></p>\r\n\r\n<p>Berikut adalah makna kata ulang</p>\r\n\r\n<ol>\r\n	<li>Jamak (banyak)</li>\r\n</ol>\r\n\r\n<p>Contoh : buku-buku, kelas-kelas</p>\r\n\r\n<p>&nbsp;</p>\r\n\r\n<ol start=\"2\">\r\n	<li>Bermacam-macam</li>\r\n</ol>\r\n\r\n<p>Contoh : buah-buahan, sayur-sayuran</p>\r\n\r\n<p>&nbsp;</p>\r\n\r\n<ol start=\"3\">\r\n	<li>Menyerupai</li>\r\n</ol>\r\n\r\n<p>Contoh : langit-langit, mobil-mobilan</p>\r\n\r\n<p>&nbsp;</p>\r\n\r\n<ol start=\"4\">\r\n	<li>Agak (melemahkan)</li>\r\n</ol>\r\n\r\n<p>Contoh : kebarat-baratan, kekanak-kanakan</p>\r\n\r\n<p>&nbsp;</p>\r\n\r\n<ol start=\"5\">\r\n	<li>Intensitas</li>\r\n</ol>\r\n\r\n<p>Contoh : Kuat-kuat, mondar-mandir</p>\r\n\r\n<p>&nbsp;</p>\r\n\r\n<ol start=\"6\">\r\n	<li>Saling</li>\r\n</ol>\r\n\r\n<p>Contoh : salam-salaman, peluk-pelukan</p>\r\n\r\n<p>&nbsp;</p>\r\n\r\n<ol start=\"7\">\r\n	<li>Kolektif</li>\r\n</ol>\r\n\r\n<p>Contoh : dua-dua, empat-empat</p>\r\n\r\n<p>&nbsp;</p>\r\n\r\n<ol start=\"8\">\r\n	<li>Dalam keadaan</li>\r\n</ol>\r\n\r\n<p>Contoh : panas-panas, mentah-mentah</p>\r\n\r\n<p>&nbsp;</p>\r\n\r\n<ol start=\"9\">\r\n	<li>Meskipun</li>\r\n</ol>\r\n\r\n<p>Contoh : kecil-kecil, hitam-hitam</p>\r\n\r\n<p>&nbsp;</p>\r\n\r\n<ol start=\"10\">\r\n	<li>Perihal</li>\r\n</ol>\r\n\r\n<p>Contoh : masak-memasak, jahit-menjahit</p>\r\n\r\n<p>&nbsp;</p>\r\n\r\n<ol start=\"11\">\r\n	<li>Tindakan untuk bersenang-senang</li>\r\n</ol>\r\n\r\n<p>Contoh : makan-makan, minum-minum</p>\r\n\r\n<p>&nbsp;</p>\r\n\r\n<p><em>**</em></p>\r\n\r\n<p><em>Catatan : Semua tulisan di blog ini boleh disalin-tempel (copy paste) dengan syarat HARUS menyertakan link sumber. Jadilah peng-copypaste- yang bermartabat.</em></p>\r\n\r\n<p><em>Jika tulisan kami dirasa bermanfaat, dengan sangat kami memohon bantu bagikan (share), terima kasih. Salam blogger.</em></p>\r\n\r\n<p>Demikianlah&nbsp;<strong>JENIS, CONTOH, DAN MAKNA&nbsp;</strong><strong>KATA ULANG</strong></p>', 5, 1, 1, '2017-12-17 22:55:22', '2017-12-17 22:55:22', NULL),
(72, 10, 'Besaran dan Satuan', 'Besaran dan Satuan', NULL, 'Disini kita akan mempelajari tentang besaran dan satuan', '<h3><a href=\"http://fisikazone.com/tag/besaran/\" target=\"_blank\" title=\"View all posts in Besaran\">Besaran</a>&nbsp;Pokok,&nbsp;<a href=\"http://fisikazone.com/tag/besaran-turunan-dan-satuannya/\" target=\"_blank\" title=\"View all posts in Besaran Turunan Dan Satuannya\">Besaran Turunan Dan Satuannya</a></h3>\r\n\r\n<p><em>Besaran pokok</em>&nbsp;merupakan besaran yang dipandang berdiri sendiri dan tidak diturunkan dari besaran lain. Sampai saat ini ditetapkan 7&nbsp;<a href=\"http://fisikazone.com/tag/besaran-pokok/\" target=\"_blank\" title=\"View all posts in besaran pokok\">besaran pokok</a>&nbsp;sebagai berikut :</p>\r\n\r\n<h3>Tabel&nbsp;<a href=\"http://fisika.fkip.unsyiah.ac.id/2012/10/besaran-dan-satuan.html\" rel=\"nofollow\" target=\"_blank\" title=\"Besaran DAn Satuan\">Besaran Pokok Dan Satuannya</a></h3>\r\n\r\n<table border=\"1\" cellpadding=\"0\" cellspacing=\"0\">\r\n	<tbody>\r\n		<tr>\r\n			<td>\r\n			<p><strong>Besaran Pokok</strong></p>\r\n			</td>\r\n			<td>\r\n			<p><strong>Satuan</strong></p>\r\n			</td>\r\n		</tr>\r\n		<tr>\r\n			<td>Panjang<br />\r\n			Massa<br />\r\n			Waktu<br />\r\n			Suhu<br />\r\n			Kuat Arus Listrik<br />\r\n			Kuat Cahaya<br />\r\n			Jumlah Zat</td>\r\n			<td>kilometer, meter, sentimeter<br />\r\n			kilo<a href=\"http://fisikazone.com/tag/gram/\" target=\"_blank\" title=\"View all posts in gram\">gram</a>&nbsp;,&nbsp;<a href=\"http://fisikazone.com/tag/gram/\" target=\"_blank\" title=\"View all posts in gram\">gram</a>&nbsp;, ton<br />\r\n			tahun, hari, sekon , menit<br />\r\n			fahrenheit , kelvin , celcius<br />\r\n			ampere<br />\r\n			kandela<br />\r\n			mol</td>\r\n		</tr>\r\n	</tbody>\r\n</table>\r\n\r\n<p><em>Besaran turunan ialah</em>&nbsp;besaran yang diturunkan dan diperoleh dari&nbsp;<em><a href=\"http://fisikazone.com/tag/besaran-besaran-pokok/\" target=\"_blank\" title=\"View all posts in besaran-besaran pokok\">besaran-besaran pokok</a></em>. Misalkan luas didefinisikan sebagai hasilkali dua besaran panjang (yaitu panjang kali lebar). Jika&nbsp;<a href=\"http://fisikazone.com/tag/satuan/\" target=\"_blank\" title=\"View all posts in satuan\">satuan</a>&nbsp;panjang dan lebar masing-masing adalah meter, maka besaran luas adalah&nbsp;<em><a href=\"http://fisikazone.com/tag/besaran-turunan/\" target=\"_blank\" title=\"View all posts in besaran turunan\">besaran turunan</a></em>&nbsp;yang mempunyai satuan meter x meter atau m2. Contoh yang lain adalah besaran kecepatan yang diperoleh dari hasil bagi jarak dengan waktu. Jarak merupakan besaran panjang yang mempunyai satuan meter, sedangkan waktu mempunyai satuan sekon. Maka besaran kecepatan merupakan&nbsp;<a href=\"http://fisikazone.com/tag/besaran-turunan/\" target=\"_blank\" title=\"View all posts in besaran turunan\">besaran turunan</a>&nbsp;dari&nbsp;<em>besaran pokok</em>&nbsp;panjang dibagi besaran pokok waktu, sehingga satuannya meter/sekon atau m/s. Berikut ini adalah beberapa contoh&nbsp;<a href=\"http://fisikazone.com/tag/besaran-turunan/\" target=\"_blank\" title=\"View all posts in besaran turunan\">besaran turunan</a>&nbsp;beserta satuannya.</p>\r\n\r\n<h3><a href=\"http://fisikazone.com/tag/tabel-besaran-turunan-dan-satuannya/\" target=\"_blank\" title=\"View all posts in Tabel Besaran Turunan Dan Satuannya\">Tabel Besaran Turunan Dan Satuannya</a></h3>\r\n\r\n<table border=\"1\" cellpadding=\"0\" cellspacing=\"0\">\r\n	<tbody>\r\n		<tr>\r\n			<td><strong>Besaran Turunan</strong></td>\r\n			<td>\r\n			<p><strong>Rumus</strong></p>\r\n			</td>\r\n			<td>\r\n			<p><strong>Satuan</strong></p>\r\n			</td>\r\n		</tr>\r\n		<tr>\r\n			<td>Volume<br />\r\n			Massa Jenis<br />\r\n			Percepatan<br />\r\n			Gaya<br />\r\n			Usaha &amp; Energi<br />\r\n			Daya<br />\r\n			Tekanan<br />\r\n			Muatan Listrik</td>\r\n			<td>panjang x lebar x tinggi<br />\r\n			massa/volume<br />\r\n			kecepatan/waktu<br />\r\n			massa x percepatan<br />\r\n			gaya x perpindahan<br />\r\n			usaha/waktu<br />\r\n			gaya/luas<br />\r\n			kuat arus x waktu</td>\r\n			<td>m3, cm3, liter<br />\r\n			kg/m3<br />\r\n			m/s2<br />\r\n			kg.m/s2, newton<br />\r\n			kg.m2/s2, joule<br />\r\n			kg.m2/s3, watt<br />\r\n			kg/(m.s2), pascal<br />\r\n			A.s, coulomb</td>\r\n		</tr>\r\n	</tbody>\r\n</table>\r\n\r\n<h3><a href=\"http://fisikazone.com/tag/sistem-satuan/\" target=\"_blank\" title=\"View all posts in Sistem Satuan\">Sistem Satuan</a></h3>\r\n\r\n<p><strong>Sistem satuan</strong>&nbsp;yang biasa digunakan pada besaran pokok dan&nbsp;<a href=\"http://fisikazone.com/tag/besaran-turunan/\" target=\"_blank\" title=\"View all posts in besaran turunan\">besaran turunan</a>&nbsp;asalah&nbsp;<em><a href=\"http://fisikazone.com/tag/sistem-satuan-internasional-si/\" target=\"_blank\" title=\"View all posts in sistem Satuan Internasional (SI)\">sistem Satuan Internasional (SI)</a></em>&nbsp;atau biasa dikenal sebagai&nbsp;<a href=\"http://fisikazone.com/tag/sistem-metrik/\" target=\"_blank\" title=\"View all posts in sistem metrik\">sistem metrik</a>&nbsp;yaitu meter, kilo<a href=\"http://fisikazone.com/tag/gram/\" target=\"_blank\" title=\"View all posts in gram\">gram</a>&nbsp;dan sekon yang disingkat MKS. Selain&nbsp;<a href=\"http://fisikazone.com/tag/sistem-metrik/\" target=\"_blank\" title=\"View all posts in sistem metrik\">sistem metrik</a>&nbsp;yang lain adalah&nbsp;<em><a href=\"http://fisikazone.com/tag/cgs-centimeter/\" target=\"_blank\" title=\"View all posts in CGS (centimeter\">CGS (centimeter</a>,&nbsp;<a href=\"http://fisikazone.com/tag/gram/\" target=\"_blank\" title=\"View all posts in gram\">gram</a>,&nbsp;<a href=\"http://fisikazone.com/tag/sekon/\" target=\"_blank\" title=\"View all posts in sekon)\">sekon)</a></em>. Adapula British Engineering System yang biasa disebut sebagai sistem FPS (foot, pound,&nbsp;<a href=\"http://fisikazone.com/tag/sekon/\" target=\"_blank\" title=\"View all posts in sekon)\">sekon)</a>.</p>\r\n\r\n<h3>Tabel Satuan Internasional (SI)</h3>\r\n\r\n<table border=\"1\" cellpadding=\"0\" cellspacing=\"0\">\r\n	<tbody>\r\n		<tr>\r\n			<td colspan=\"2\">\r\n			<p><strong>Besaran</strong></p>\r\n			</td>\r\n			<td>\r\n			<p><strong>SI</strong></p>\r\n			</td>\r\n		</tr>\r\n		<tr>\r\n			<td>Besaran Pokok</td>\r\n			<td>Panjang<br />\r\n			Massa<br />\r\n			Waktu<br />\r\n			Suhu<br />\r\n			Kuat Arus Listrik<br />\r\n			Kuat Cahaya</td>\r\n			<td>meter<br />\r\n			kilogram<br />\r\n			sekon<br />\r\n			kelvin<br />\r\n			ampere<br />\r\n			kandela</td>\r\n		</tr>\r\n		<tr>\r\n			<td>Besaran Turunan</td>\r\n			<td>Jumlah Zat<br />\r\n			Luas<br />\r\n			Kecepatan<br />\r\n			Volume<br />\r\n			Massa Jenis<br />\r\n			Percepatan<br />\r\n			Gaya</td>\r\n			<td>mol<br />\r\n			m2<br />\r\n			m/s<br />\r\n			m3<br />\r\n			kg/m3<br />\r\n			m/s2<br />\r\n			kg.m/s2, N</td>\r\n		</tr>\r\n	</tbody>\r\n</table>\r\n\r\n<p>Pada&nbsp;<a href=\"http://fisikazone.com/tag/sistem-metrik/\" target=\"_blank\" title=\"View all posts in sistem metrik\">sistem metrik</a>, satuan yang lebih besar dan lebih kecil didefinisikan dalam kelipatan 10 dari satuan standar. Jadi 1 kilometer (km) adalah 1000 m atau 103m, 1 centimeter (cm) adalah 1/100 m atau 10-2 m dan seterusnya. Awalan &ldquo;centi&rdquo;, &ldquo;kilo&rdquo;, &ldquo;mili&rdquo;, dan yang lainnya dapat diterapkan tidak hanya pada satuan panjang, tetapi juga satuan volume, massa, atau metrik lainnya. Misalnya saja 1 centiliter (cL) adalah 1/1000 liter dan 1 kilogram adalah 1000 gram. Tabel 4 menunjukkan awalan-awalan metrik yang sering digunakan dalam berbagai satuan.</p>\r\n\r\n<h3><strong><a href=\"http://fisikazone.com/tag/tabel-awalan-metrik-si/\" target=\"_blank\" title=\"View all posts in Tabel Awalan Metrik SI\">Tabel Awalan Metrik SI</a></strong></h3>\r\n\r\n<p><a href=\"http://fisikazone.com/besaran-dan-satuan-fisika/tabel-awalan-metrik-si/\"><img alt=\"Besaran,besaran adalah,definisi besaran,arti besaran,besaran pokok,besaran turunan,besaran fisika,besaran-besaran dasar,besaran skalar,besaran vektor,satuan,satuan adalah,satuan dasar,satuan pokok,satuan fisika,arti satuan,definisi satuan,pengertian satuan,teori besaran dan satuan fisika,satuan fisika,besaran dan satuan pdf,Tabel Besaran Pokok Dan Satuannya,Besaran Pokok, Besaran Turunan Dan Satuannya,besaran-besaran pokok,Tabel Besaran Turunan Dan Satuannya,Sistem Satuan,Sistem Satuan fisika,Sistem Satuan dasar,Sistem Satuan SI,Sistem Satuan internasional,sistem Satuan Internasional (SI),CGS (centimeter, gram, sekon),sistem metrik,Tabel Awalan Metrik SI \" src=\"http://fisikazone.com/wp-content/uploads/2012/10/Tabel-Awalan-Metrik-SI.png\" style=\"height:112px; width:300px\" title=\"Tabel Awalan Metrik SI\" /></a></p>', 1, 1, 1, '2017-12-17 23:09:08', '2017-12-17 23:09:08', NULL);
INSERT INTO `lessons` (`id`, `course_id`, `title`, `slug`, `lesson_image`, `short_text`, `full_text`, `position`, `free_lesson`, `published`, `created_at`, `updated_at`, `deleted_at`) VALUES
(73, NULL, 'Gerak Lurus', 'Gerak Lurus', NULL, 'Disini kita akan mempelajari gerak lurus', '<h2><strong>Gerak Lurus</strong></h2>\r\n\r\n<p><a href=\"http://fisikazone.com/gerak-lurus-kedudukan-jarak-dan-perpindahan/gerak-lurus/\"><img alt=\"gerak lurus,kedudukan,jarak,perpindahan,pengertian gerak lurus,definisi gerak lurus,gerak lurus sma kelas x\" src=\"http://fisikazone.com/wp-content/uploads/2014/08/Gerak-Lurus-300x178.jpg\" style=\"height:178px; width:300px\" /></a></p>\r\n\r\n<p>Studi mengenai&nbsp;<a href=\"http://fisikazone.com/tag/gerak-benda/\" target=\"_blank\" title=\"View all posts in gerak benda\">gerak benda</a>, konsep-konsep gaya, dan energi yang berhubungan, membentuk suatu bidang, yang disebut&nbsp;<strong><em>mekanika</em></strong>. Mekanika dibagi menjadi dua bagian, yaitu kinematika dan dinamika.&nbsp;<em><strong>Kinematika</strong>&nbsp;</em>adalah ilmu yang mempelajari&nbsp;<a href=\"http://fisikazone.com/tag/gerak-benda/\" target=\"_blank\" title=\"View all posts in gerak benda\">gerak benda</a>&nbsp;tanpa meninjau gaya penyebabnya. Adapun dalam&nbsp;<em><strong>dinamika</strong></em>mempelajari tentang&nbsp;<a href=\"http://fisikazone.com/tag/gerak/\" target=\"_blank\" title=\"View all posts in gerak\">gerak</a>&nbsp;dan gaya penyebabnya.</p>\r\n\r\n<p>Pada bab ini, kita mulai dengan membahas benda yang ber<a href=\"http://fisikazone.com/tag/gerak/\" target=\"_blank\" title=\"View all posts in gerak\">gerak</a>&nbsp;tanpa berotasi (berputar). Gerak seperti ini disebut gerak translasi. Pada bab ini kita juga akan membahas penjelasan mengenai benda yang bergerak padajalur yang lurus, yang merupakan&nbsp;<a href=\"http://fisikazone.com/tag/gerak-satu-dimensi/\" target=\"_blank\" title=\"View all posts in gerak satu dimensi\">gerak satu dimensi</a>.</p>\r\n\r\n<h2><a href=\"http://fisikazone.com/tag/kedudukan-jarak-dan-perpindahan/\" target=\"_blank\" title=\"View all posts in Kedudukan Jarak Dan Perpindahan\">Kedudukan Jarak Dan Perpindahan</a></h2>\r\n\r\n<p><strong><a href=\"http://fisikazone.com/tag/kedudukan/\" target=\"_blank\" title=\"View all posts in Kedudukan\">Kedudukan</a>&nbsp;</strong>diartikan sebagai letak (posisi) suatubenda pada waktu tertentu terhadap acuan. Pengukuran posisi, jarak, atau laju harus dibuat dengan mengacu pada suatu kerangka acuan atau kerangka sudut pandang. Sebagai contoh, ketika kita berada di atas kereta api yang bergerak dengan laju 80 km/jam, kita mungkinakan memerhatikan seseorang yang berjalan melewati kearah depan kereta dengan laju tertentu, katakanlah 10 km/jam, tampak seperti pada gambar berikut.</p>\r\n\r\n<h3><strong>Ilustrasi&nbsp;<a href=\"http://fisikazone.com/tag/kedudukan-jarak-dan-perpindahan/\" target=\"_blank\" title=\"View all posts in Kedudukan Jarak Dan Perpindahan\">Kedudukan Jarak Dan Perpindahan</a></strong></h3>\r\n\r\n<p><a href=\"http://fisikazone.com/gerak-lurus-kedudukan-jarak-dan-perpindahan/ilustrasi-kedudukan-jarak-dan-perpindahan/\"><img alt=\"Kedudukan Jarak Dan Perpindahan\" src=\"http://fisikazone.com/wp-content/uploads/2014/08/Ilustrasi-Kedudukan-Jarak-Dan-Perpindahan-300x253.jpg\" style=\"height:253px; width:300px\" /></a></p>\r\n\r\n<p>Tentu saja ini merupakan laju orang tersebut terhadap kereta sebagai kerangka acuan. Terhadap permukaan bumi, orang tersebut bergerak dengan laju 80 km/jam + 10 km/jam =90 km/jam. Penentuan kerangka acuan penting dalam menyatakan laju.</p>\r\n\r\n<p>Bahkan, jarak pun bergantung pada kerangka acuan.Sebagai contoh, tidak ada artinya jika saya memberitahu kita bahwa kota Yogyakarta berjarak 60 km, kecuali saya memperjelas 60 km dari arah mana. Terlebih lagi, ketika menspesifikasikan gerak suatu benda, adalah penting untuk tidak hanya menyatakan laju tetapi juga arah gerak.</p>\r\n\r\n<p>Seringkali kita dapat&nbsp;<a href=\"http://fisikazone.com/tag/menyatakan-arah/\" target=\"_blank\" title=\"View all posts in menyatakan arah\">menyatakan arah</a>&nbsp;dengan menggunakan titik-titik mata angin, yaitu Utara, Timur, Selatan, dan Barat, atau menggunakan &ldquo;atas&rdquo; dan &ldquo;bawah&rdquo;. Dalam&nbsp;<a href=\"http://fisikazone.com/\" target=\"_blank\" title=\"Fisika\">fisika</a>, kita sering menggunakan sumbu koordinat,seperti ditunjukkan pada gambar berikut.</p>\r\n\r\n<h3><strong>Sumbu Koordinat X dan Y</strong></h3>\r\n\r\n<p><a href=\"http://fisikazone.com/gerak-lurus-kedudukan-jarak-dan-perpindahan/sumbu-koordinat-x-dan-y/\"><img alt=\"Sumbu Koordinat X dan Y\" src=\"http://fisikazone.com/wp-content/uploads/2014/08/Sumbu-Koordinat-X-dan-Y-150x150.jpg\" style=\"height:150px; width:150px\" /></a></p>\r\n\r\n<p>Untuk&nbsp;<a href=\"http://fisikazone.com/tag/menyatakan-kerangka-acuan/\" target=\"_blank\" title=\"View all posts in menyatakan kerangka acuan\">menyatakan kerangka acuan</a>. Kita akan selalu dapat menempatkan titik asal O, dan arah sumbu&nbsp;<em>x&nbsp;</em>dan&nbsp;<em>y</em>. Benda-benda yang diletakkan di kanan titik asal (O) pada sumbu&nbsp;<em>x&nbsp;</em>memiliki koordinat&nbsp;<em>x&nbsp;</em>yang biasanya positif, dan titik-titik di sebelah kiri O memiliki koordinat negatif. Posisi sepanjang sumbu&nbsp;<em>y&nbsp;</em>biasanya dianggap positif jika berada di atas O, dan negatif jika di bawah O, walaupun peraturan yang menyatakan sebaliknya juga dapat digunakan jika lebih memudahkan. Semua titik pada bidang dapat dispesifikasikan dengan memberinya koordinat&nbsp;<em>x&nbsp;</em>dan&nbsp;<em>y</em>.</p>\r\n\r\n<p>Pada&nbsp;<a href=\"http://fisikazone.com/tag/gerak-satu-dimensi/\" target=\"_blank\" title=\"View all posts in gerak satu dimensi\">gerak satu dimensi</a>, kita sering memilih sumbu<em>x&nbsp;</em>sebagai garis di mana gerakan tersebut terjadi. Dengan demikian, posisi benda pada setiap saat dinyatakan dengan koordinat&nbsp;<em>x&nbsp;</em>saja.</p>\r\n\r\n<p>Dalam fisika, jarak dan perpindahan memiliki pengertian yang berbeda.&nbsp;<strong><a href=\"http://fisikazone.com/tag/perpindahan/\" target=\"_blank\" title=\"View all posts in Perpindahan\">Perpindahan</a>&nbsp;</strong>didefinisikan sebagai perubahan posisi benda dalam selang waktu tertentu. Jadi, perpindahan adalah seberapa jauh jarak benda tersebut dari titik awalnya. Untuk melihat perbedaan antara jaraktotal dan perpindahan, misalnya seseorang berjalan sejauh 50 m ke arahTimur dan kemudian berbalik (ke arah Barat) dan berjalan menempuh jarak 30 m, lihat gambar berikut.</p>\r\n\r\n<h3><strong>Perbedaan Antara Jarak</strong><strong>Total Dan&nbsp;<a href=\"http://fisikazone.com/tag/perpindahan/\" target=\"_blank\" title=\"View all posts in Perpindahan\">Perpindahan</a></strong></h3>\r\n\r\n<p><img alt=\"Jarak Total,Perpindahan\" src=\"http://fisikazone.com/wp-content/uploads/2014/08/Perbedaan-Antara-Jarak-Total-Dan-Perpindahan-300x111.jpg\" style=\"height:111px; width:300px\" /></p>\r\n\r\n<p><a href=\"http://fisikazone.com/tag/jarak-total/\" target=\"_blank\" title=\"View all posts in Jarak total\">Jarak total</a>&nbsp;yang ditempuh adalah 80 m, tetapi perpindahannya hanya 20 m karena posisi orang itu pada saat ini hanya berjarak 20 m dari titik awalnya.</p>\r\n\r\n<p>Jika sebuah benda bergerak selama selang waktu tertentu, misalnya padasaat&nbsp;<em>t</em>1 benda berada pada sumbu&nbsp;<em>x&nbsp;</em>dititik&nbsp;<em>x</em>1 pada sistem koordinat yang ditunjukkan oleh gambar berikut.</p>\r\n\r\n<h3><strong><a href=\"http://fisikazone.com/tag/perpindahan-ditunjukan-dengan-tanda-panah/\" target=\"_blank\" title=\"View all posts in Perpindahan Ditunjukan Dengan Tanda Panah\">Perpindahan Ditunjukan Dengan Tanda Panah</a></strong></h3>\r\n\r\n<p><a href=\"http://fisikazone.com/gerak-lurus-kedudukan-jarak-dan-perpindahan/perpindahan-ditunjukan-dengan-tanda-panah/\"><img alt=\"Perpindahan Ditunjukan Dengan Tanda Panah\" src=\"http://fisikazone.com/wp-content/uploads/2014/08/Perpindahan-Ditunjukan-Dengan-Tanda-Panah-300x112.jpg\" style=\"height:112px; width:300px\" /></a></p>\r\n\r\n<p>Padawaktu&nbsp;<em>t</em>2 benda berada pada titik&nbsp;<em>x</em>2.&nbsp;<a href=\"http://fisikazone.com/tag/perpindahan/\" target=\"_blank\" title=\"View all posts in Perpindahan\">Perpindahan</a>&nbsp;benda ini dapat dituliskan:</p>\r\n\r\n<p>&Delta;<strong>x = x<sub>2</sub>-x<sub>1</sub></strong></p>\r\n\r\n<p>Simbol &Delta;(delta) menyatakan perubahan suatu besaran. Dengan demikian, &Delta;<em>x&nbsp;</em>berarti &ldquo;perubahan pada&nbsp;<em>x</em>&rdquo; yang merupakan perpindahan. Perubahan besaran apapun berarti nilai akhir besaran tersebut dikurangi nilai awalnya. Sebagai contoh, pada gambar diatas tersebut perpindahan yang terjadi dinyatakan:</p>\r\n\r\n<p><strong>&Delta;x = x<sub>2</sub>-x<sub>1</sub>&nbsp;= 30m &ndash; 10m = 20m</strong></p>\r\n\r\n<p>Sekarang kita lihat situasi yangberbeda, sebuah benda bergerak ke kiriseperti ditunjukkan gambar berikut.</p>\r\n\r\n<h3><strong><a href=\"http://fisikazone.com/tag/vektor-perpindahan-menuju-ke-kiri/\" target=\"_blank\" title=\"View all posts in Vektor Perpindahan Menuju Ke Kiri\">Vektor Perpindahan Menuju Ke Kiri</a></strong></h3>\r\n\r\n<p><a href=\"http://fisikazone.com/gerak-lurus-kedudukan-jarak-dan-perpindahan/vektor-perpindahan-menuju-ke-kiri/\"><img alt=\"Vektor Perpindahan Menuju Ke Kiri\" src=\"http://fisikazone.com/wp-content/uploads/2014/08/Vektor-Perpindahan-Menuju-Ke-Kiri-300x131.jpg\" style=\"height:131px; width:300px\" /></a></p>\r\n\r\n<p>Disini, misalnya seseorang mulai dari titik<em>x</em>1 = 30 m dan bergerak ke kiri sampaititik&nbsp;<em>x</em>2 = 10 m. Dalam hal ini perpindahanorang itu adalah:</p>\r\n\r\n<p>&Delta;<strong><em>x&nbsp;</em></strong><strong><em>= x</em></strong><strong>2&nbsp;</strong><strong><em>&ndash; x</em></strong><strong>1&nbsp;</strong><strong>= 10 m &ndash; 30 m = -20 m</strong></p>\r\n\r\n<p>Tanda panah tebal yang menyatakan&nbsp;<a href=\"http://fisikazone.com/tag/vektor-perpindahan/\" target=\"_blank\" title=\"View all posts in vektor perpindahan\">vektor perpindahan</a>&nbsp;menunjuk ke kiri. Hal tersebut menggambarkan bahwa ketika membahas gerak satu dimensi, vektor yang mengarah kekanan memiliki nilai positif, sedangkan yang mengarah kekiri memiliki nilai negatif. Begitu juga dalam menyatakan&nbsp;<strong><a href=\"http://fisikazone.com/tag/gerak-lurus/\" target=\"_blank\" title=\"View all posts in gerak lurus\">gerak lurus</a></strong>&nbsp;dalam sumbu x dan y.</p>', 7, 1, 1, '2017-12-17 23:12:08', '2017-12-17 23:12:08', NULL),
(74, 10, 'Gerak Lurus', 'Gerak Lurus', NULL, 'Disini kita akan mempelajari tentang Gerak Lurus', '<h2><strong>Gerak Lurus</strong></h2>\r\n\r\n<p><a href=\"http://fisikazone.com/gerak-lurus-kedudukan-jarak-dan-perpindahan/gerak-lurus/\"><img alt=\"gerak lurus,kedudukan,jarak,perpindahan,pengertian gerak lurus,definisi gerak lurus,gerak lurus sma kelas x\" src=\"http://fisikazone.com/wp-content/uploads/2014/08/Gerak-Lurus-300x178.jpg\" style=\"height:178px; width:300px\" /></a></p>\r\n\r\n<p>Studi mengenai&nbsp;<a href=\"http://fisikazone.com/tag/gerak-benda/\" target=\"_blank\" title=\"View all posts in gerak benda\">gerak benda</a>, konsep-konsep gaya, dan energi yang berhubungan, membentuk suatu bidang, yang disebut&nbsp;<strong><em>mekanika</em></strong>. Mekanika dibagi menjadi dua bagian, yaitu kinematika dan dinamika.&nbsp;<em><strong>Kinematika</strong>&nbsp;</em>adalah ilmu yang mempelajari&nbsp;<a href=\"http://fisikazone.com/tag/gerak-benda/\" target=\"_blank\" title=\"View all posts in gerak benda\">gerak benda</a>&nbsp;tanpa meninjau gaya penyebabnya. Adapun dalam&nbsp;<em><strong>dinamika</strong></em>mempelajari tentang&nbsp;<a href=\"http://fisikazone.com/tag/gerak/\" target=\"_blank\" title=\"View all posts in gerak\">gerak</a>&nbsp;dan gaya penyebabnya.</p>\r\n\r\n<p>Pada bab ini, kita mulai dengan membahas benda yang ber<a href=\"http://fisikazone.com/tag/gerak/\" target=\"_blank\" title=\"View all posts in gerak\">gerak</a>&nbsp;tanpa berotasi (berputar). Gerak seperti ini disebut gerak translasi. Pada bab ini kita juga akan membahas penjelasan mengenai benda yang bergerak padajalur yang lurus, yang merupakan&nbsp;<a href=\"http://fisikazone.com/tag/gerak-satu-dimensi/\" target=\"_blank\" title=\"View all posts in gerak satu dimensi\">gerak satu dimensi</a>.</p>\r\n\r\n<h2><a href=\"http://fisikazone.com/tag/kedudukan-jarak-dan-perpindahan/\" target=\"_blank\" title=\"View all posts in Kedudukan Jarak Dan Perpindahan\">Kedudukan Jarak Dan Perpindahan</a></h2>\r\n\r\n<p><strong><a href=\"http://fisikazone.com/tag/kedudukan/\" target=\"_blank\" title=\"View all posts in Kedudukan\">Kedudukan</a>&nbsp;</strong>diartikan sebagai letak (posisi) suatubenda pada waktu tertentu terhadap acuan. Pengukuran posisi, jarak, atau laju harus dibuat dengan mengacu pada suatu kerangka acuan atau kerangka sudut pandang. Sebagai contoh, ketika kita berada di atas kereta api yang bergerak dengan laju 80 km/jam, kita mungkinakan memerhatikan seseorang yang berjalan melewati kearah depan kereta dengan laju tertentu, katakanlah 10 km/jam, tampak seperti pada gambar berikut.</p>\r\n\r\n<h3><strong>Ilustrasi&nbsp;<a href=\"http://fisikazone.com/tag/kedudukan-jarak-dan-perpindahan/\" target=\"_blank\" title=\"View all posts in Kedudukan Jarak Dan Perpindahan\">Kedudukan Jarak Dan Perpindahan</a></strong></h3>\r\n\r\n<p><a href=\"http://fisikazone.com/gerak-lurus-kedudukan-jarak-dan-perpindahan/ilustrasi-kedudukan-jarak-dan-perpindahan/\"><img alt=\"Kedudukan Jarak Dan Perpindahan\" src=\"http://fisikazone.com/wp-content/uploads/2014/08/Ilustrasi-Kedudukan-Jarak-Dan-Perpindahan-300x253.jpg\" style=\"height:253px; width:300px\" /></a></p>\r\n\r\n<p>Tentu saja ini merupakan laju orang tersebut terhadap kereta sebagai kerangka acuan. Terhadap permukaan bumi, orang tersebut bergerak dengan laju 80 km/jam + 10 km/jam =90 km/jam. Penentuan kerangka acuan penting dalam menyatakan laju.</p>\r\n\r\n<p>Bahkan, jarak pun bergantung pada kerangka acuan.Sebagai contoh, tidak ada artinya jika saya memberitahu kita bahwa kota Yogyakarta berjarak 60 km, kecuali saya memperjelas 60 km dari arah mana. Terlebih lagi, ketika menspesifikasikan gerak suatu benda, adalah penting untuk tidak hanya menyatakan laju tetapi juga arah gerak.</p>\r\n\r\n<p>Seringkali kita dapat&nbsp;<a href=\"http://fisikazone.com/tag/menyatakan-arah/\" target=\"_blank\" title=\"View all posts in menyatakan arah\">menyatakan arah</a>&nbsp;dengan menggunakan titik-titik mata angin, yaitu Utara, Timur, Selatan, dan Barat, atau menggunakan &ldquo;atas&rdquo; dan &ldquo;bawah&rdquo;. Dalam&nbsp;<a href=\"http://fisikazone.com/\" target=\"_blank\" title=\"Fisika\">fisika</a>, kita sering menggunakan sumbu koordinat,seperti ditunjukkan pada gambar berikut.</p>\r\n\r\n<h3><strong>Sumbu Koordinat X dan Y</strong></h3>\r\n\r\n<p><a href=\"http://fisikazone.com/gerak-lurus-kedudukan-jarak-dan-perpindahan/sumbu-koordinat-x-dan-y/\"><img alt=\"Sumbu Koordinat X dan Y\" src=\"http://fisikazone.com/wp-content/uploads/2014/08/Sumbu-Koordinat-X-dan-Y-150x150.jpg\" style=\"height:150px; width:150px\" /></a></p>\r\n\r\n<p>Untuk&nbsp;<a href=\"http://fisikazone.com/tag/menyatakan-kerangka-acuan/\" target=\"_blank\" title=\"View all posts in menyatakan kerangka acuan\">menyatakan kerangka acuan</a>. Kita akan selalu dapat menempatkan titik asal O, dan arah sumbu&nbsp;<em>x&nbsp;</em>dan&nbsp;<em>y</em>. Benda-benda yang diletakkan di kanan titik asal (O) pada sumbu&nbsp;<em>x&nbsp;</em>memiliki koordinat&nbsp;<em>x&nbsp;</em>yang biasanya positif, dan titik-titik di sebelah kiri O memiliki koordinat negatif. Posisi sepanjang sumbu&nbsp;<em>y&nbsp;</em>biasanya dianggap positif jika berada di atas O, dan negatif jika di bawah O, walaupun peraturan yang menyatakan sebaliknya juga dapat digunakan jika lebih memudahkan. Semua titik pada bidang dapat dispesifikasikan dengan memberinya koordinat&nbsp;<em>x&nbsp;</em>dan&nbsp;<em>y</em>.</p>\r\n\r\n<p>Pada&nbsp;<a href=\"http://fisikazone.com/tag/gerak-satu-dimensi/\" target=\"_blank\" title=\"View all posts in gerak satu dimensi\">gerak satu dimensi</a>, kita sering memilih sumbu<em>x&nbsp;</em>sebagai garis di mana gerakan tersebut terjadi. Dengan demikian, posisi benda pada setiap saat dinyatakan dengan koordinat&nbsp;<em>x&nbsp;</em>saja.</p>\r\n\r\n<p>Dalam fisika, jarak dan perpindahan memiliki pengertian yang berbeda.&nbsp;<strong><a href=\"http://fisikazone.com/tag/perpindahan/\" target=\"_blank\" title=\"View all posts in Perpindahan\">Perpindahan</a>&nbsp;</strong>didefinisikan sebagai perubahan posisi benda dalam selang waktu tertentu. Jadi, perpindahan adalah seberapa jauh jarak benda tersebut dari titik awalnya. Untuk melihat perbedaan antara jaraktotal dan perpindahan, misalnya seseorang berjalan sejauh 50 m ke arahTimur dan kemudian berbalik (ke arah Barat) dan berjalan menempuh jarak 30 m, lihat gambar berikut.</p>\r\n\r\n<h3><strong>Perbedaan Antara Jarak</strong><strong>Total Dan&nbsp;<a href=\"http://fisikazone.com/tag/perpindahan/\" target=\"_blank\" title=\"View all posts in Perpindahan\">Perpindahan</a></strong></h3>\r\n\r\n<p><img alt=\"Jarak Total,Perpindahan\" src=\"http://fisikazone.com/wp-content/uploads/2014/08/Perbedaan-Antara-Jarak-Total-Dan-Perpindahan-300x111.jpg\" style=\"height:111px; width:300px\" /></p>\r\n\r\n<p><a href=\"http://fisikazone.com/tag/jarak-total/\" target=\"_blank\" title=\"View all posts in Jarak total\">Jarak total</a>&nbsp;yang ditempuh adalah 80 m, tetapi perpindahannya hanya 20 m karena posisi orang itu pada saat ini hanya berjarak 20 m dari titik awalnya.</p>\r\n\r\n<p>Jika sebuah benda bergerak selama selang waktu tertentu, misalnya padasaat&nbsp;<em>t</em>1 benda berada pada sumbu&nbsp;<em>x&nbsp;</em>dititik&nbsp;<em>x</em>1 pada sistem koordinat yang ditunjukkan oleh gambar berikut.</p>\r\n\r\n<h3><strong><a href=\"http://fisikazone.com/tag/perpindahan-ditunjukan-dengan-tanda-panah/\" target=\"_blank\" title=\"View all posts in Perpindahan Ditunjukan Dengan Tanda Panah\">Perpindahan Ditunjukan Dengan Tanda Panah</a></strong></h3>\r\n\r\n<p><a href=\"http://fisikazone.com/gerak-lurus-kedudukan-jarak-dan-perpindahan/perpindahan-ditunjukan-dengan-tanda-panah/\"><img alt=\"Perpindahan Ditunjukan Dengan Tanda Panah\" src=\"http://fisikazone.com/wp-content/uploads/2014/08/Perpindahan-Ditunjukan-Dengan-Tanda-Panah-300x112.jpg\" style=\"height:112px; width:300px\" /></a></p>\r\n\r\n<p>Padawaktu&nbsp;<em>t</em>2 benda berada pada titik&nbsp;<em>x</em>2. Perpindahan benda ini dapat dituliskan:</p>\r\n\r\n<p>&Delta;<strong>x = x<sub>2</sub>-x<sub>1</sub></strong></p>\r\n\r\n<p>Simbol &Delta;(delta) menyatakan perubahan suatu besaran. Dengan demikian, &Delta;<em>x&nbsp;</em>berarti &ldquo;perubahan pada&nbsp;<em>x</em>&rdquo; yang merupakan perpindahan. Perubahan besaran apapun berarti nilai akhir besaran tersebut dikurangi nilai awalnya. Sebagai contoh, pada gambar diatas tersebut perpindahan yang terjadi dinyatakan:</p>\r\n\r\n<p><strong>&Delta;x = x<sub>2</sub>-x<sub>1</sub>&nbsp;= 30m &ndash; 10m = 20m</strong></p>\r\n\r\n<p>Sekarang kita lihat situasi yangberbeda, sebuah benda bergerak ke kiriseperti ditunjukkan gambar berikut.</p>\r\n\r\n<h3><strong><a href=\"http://fisikazone.com/tag/vektor-perpindahan-menuju-ke-kiri/\" target=\"_blank\" title=\"View all posts in Vektor Perpindahan Menuju Ke Kiri\">Vektor Perpindahan Menuju Ke Kiri</a></strong></h3>\r\n\r\n<p><a href=\"http://fisikazone.com/gerak-lurus-kedudukan-jarak-dan-perpindahan/vektor-perpindahan-menuju-ke-kiri/\"><img alt=\"Vektor Perpindahan Menuju Ke Kiri\" src=\"http://fisikazone.com/wp-content/uploads/2014/08/Vektor-Perpindahan-Menuju-Ke-Kiri-300x131.jpg\" style=\"height:131px; width:300px\" /></a></p>\r\n\r\n<p>Disini, misalnya seseorang mulai dari titik<em>x</em>1 = 30 m dan bergerak ke kiri sampaititik&nbsp;<em>x</em>2 = 10 m. Dalam hal ini perpindahanorang itu adalah:</p>\r\n\r\n<p>&Delta;<strong><em>x&nbsp;</em></strong><strong><em>= x</em></strong><strong>2&nbsp;</strong><strong><em>&ndash; x</em></strong><strong>1&nbsp;</strong><strong>= 10 m &ndash; 30 m = -20 m</strong></p>\r\n\r\n<p>Tanda panah tebal yang menyatakan&nbsp;<a href=\"http://fisikazone.com/tag/vektor-perpindahan/\" target=\"_blank\" title=\"View all posts in vektor perpindahan\">vektor perpindahan</a>&nbsp;menunjuk ke kiri. Hal tersebut menggambarkan bahwa ketika membahas&nbsp;<a href=\"http://fisikazone.com/tag/gerak-satu-dimensi/\" target=\"_blank\" title=\"View all posts in gerak satu dimensi\">gerak satu dimensi</a>, vektor yang mengarah kekanan memiliki nilai positif, sedangkan yang mengarah kekiri memiliki nilai negatif. Begitu juga dalam menyatakan&nbsp;<strong><a href=\"http://fisikazone.com/tag/gerak-lurus/\" target=\"_blank\" title=\"View all posts in gerak lurus\">gerak lurus</a></strong>&nbsp;dalam sumbu x dan y.</p>', 2, 1, 1, '2017-12-17 23:13:41', '2017-12-17 23:13:41', NULL),
(75, NULL, 'Gerak Melingkar Beraturan', 'Gerak Melingkar Beraturan', NULL, 'Disini kita akan mempelajari tentang Gerak Melingkar Beraturan', '<h2>Pengertian Gerak Melingkar Beraturan</h2>\r\n\r\n<p><a href=\"http://fisikazone.com/gerak-melingkar-beraturan/gerak-melingkar-beraturan/\"><img alt=\"Gerak Melingkar Beraturan,definisi Gerak Melingkar Beraturan,pengertian Gerak Melingkar Beraturan,Gerak Melingkar Beraturan adalah,teori Gerak Melingkar Beraturan,Gerak Melingkar Beraturan sma kelas 10\" src=\"http://fisikazone.com/wp-content/uploads/2014/09/Gerak-Melingkar-Beraturan.jpg\" style=\"height:243px; width:194px\" /></a></p>\r\n\r\n<p><a href=\"http://fisikazone.com/gerak-melingkar-beraturan/\" title=\"Gerak Melingkar Beraturan\"><em>Gerak melingkar beraturan</em></a>adalah gerak yang lintasannya berbentuk lingkaran dengan laju konstan dan arah kecepatan tegak lurus terhadap arah percepatan. Arah kecepatan terus berubah sementara benda bergerak dalam lingkaran tersebut, tampak seperti pada gambar disamping. Oleh karena percepatan didefinisikan sebagai besar perubahan kecepatan, perubahan arah kecepatan menyebabkan percepatan sebagaimana juga perubahan besar kecepatan. Dengan demikian, benda yang mengelilingi sebuah lingkaran terus dipercepat, bahkan ketika lajunya tetap konstan (<em>v</em><sub>1</sub>=&nbsp;<em>v</em><sub>2</sub>=&nbsp;<em>v</em>).</p>\r\n\r\n<h2>Besaran-Besaran Dalam Gerak Melingkar Beraturan</h2>\r\n\r\n<h3>1. Periode Dan Frekuensi Gerak Melingkar Beraturan</h3>\r\n\r\n<p>Sebuah partikel/benda yang bergerak melingkar baik&nbsp;<a href=\"http://www.smanepus.sch.id/kumpulan%20materi/KUMPULAN%20MATERI/materi%20fisika/kls%20x/mp_264/materi06.html\" rel=\"nofollow\" target=\"_blank\" title=\"Gerak Melingkar Beraturan\">gerak melingkar beraturan</a>&nbsp;ataupun yang tidak beraturan, geraknya akan selalu berulang pada suatu saat tertentu. Dengan memerhatikan sebuah titik pada lintasan geraknya, sebuah partikel yang telah melakukan satu putaran penuh akan kembali atau melewati posisi semula. Gerak melingkar sering dideskripsikan dalam frekuensi ( f ), yaitu jumlah putaran tiap satuan waktu atau jumlah putaran per sekon. Sementara itu, periode (T ) adalah waktu yang diperlukan untuk menempuh satu putaran.</p>\r\n\r\n<p>Hubungan antara periode (T ) dan frekuensi ( f ) adalah:</p>\r\n\r\n<p><img alt=\"T=\\frac{1}{f}\\text{ atau }f=\\frac{1}{T}\" src=\"http://chart.apis.google.com/chart?cht=tx&amp;chl=T%3D%5Cfrac%7B1%7D%7Bf%7D%5Ctext%7B%20atau%20%7Df%3D%5Cfrac%7B1%7D%7BT%7D\" /></p>\r\n\r\n<p>dengan:</p>\r\n\r\n<p><em>T</em>&nbsp;= periode (s)<br />\r\n<em>f</em>&nbsp;= frekuensi (Hz)</p>\r\n\r\n<p>Sebagai contoh, jika sebuah benda berputar dengan frekuensi 3 putaran/sekon, maka untuk melakukan satu putaran penuh, benda itu memerlukan waktu 1/3 sekon. Untuk benda yang berputar membentuk lingkaran dengan laju konstan &nu;, dapat kita tuliskan:</p>\r\n\r\n<p><img alt=\"\\nu =\\frac{2\\pi R}{T}\" src=\"http://fisikazone.com/wp-content/plugins/mathtex-equation-editor/html/latex.php?d=%5Cnu%20%3D%5Cfrac%7B2%5Cpi%20R%7D%7BT%7D\" /></p>\r\n\r\n<p>Hal ini disebabkan dalam satu putaran, benda tersebut menempuh satu keliling lingkaran (= 2 &pi; R).</p>\r\n\r\n<h3>2. Posisi Sudut (&theta;) Gerak Melingkar Beraturan</h3>\r\n\r\n<p>Gambar dibawah melukiskan sebuah titik P yang berputar terhadap sumbu yang tegak lurus terhadap bidang gambar melalui titik O. Titik P bergerak dari A ke B dalam selang waktu t. Posisi titik P dapat dilihat dari besarnya sudut yang ditempuh, yaitu &theta; yang dibentuk oleh garis AB terhadap sumbu x yang melalui titik O. Posisi sudut &theta; diberi satuan radian (rad). Besar sudut satu putaran adalah 360&deg; = 2 &theta; radian.</p>\r\n\r\n<p><a href=\"http://fisikazone.com/gerak-melingkar-beraturan/posisi-sudut-gerak-melingkar-beraturan/\"><img alt=\"Posisi Sudut Gerak Melingkar Beraturan\" src=\"http://fisikazone.com/wp-content/uploads/2014/09/Posisi-Sudut-Gerak-Melingkar-Beraturan.jpg\" style=\"height:252px; width:254px\" /></a></p>\r\n\r\n<p>Jika &theta; adalah sudut pusat lingkaran yang panjang busurnya s dan jari-jarinya R, diperoleh hubungan:</p>\r\n\r\n<p><img alt=\"\\theta =\\frac{s}{R}\" src=\"http://fisikazone.com/wp-content/plugins/mathtex-equation-editor/html/latex.php?d=%5Ctheta%20%3D%5Cfrac%7Bs%7D%7BR%7D\" /></p>\r\n\r\n<p>dengan:</p>\r\n\r\n<p>&theta; = lintasan/posisi sudut (rad)<br />\r\ns = busur lintasan (m)<br />\r\nR = jari-jari (m)</p>\r\n\r\n<p>&nbsp;</p>\r\n\r\n<h3>3. Kecepatan Sudut/Kecepatan Angular Gerak Melingkar Beraturan</h3>\r\n\r\n<p>Dalam&nbsp;<strong><a href=\"http://fisikazone.com/tag/gerak-melingkar-beraturan/\" target=\"_blank\" title=\"View all posts in gerak melingkar beraturan\">gerak melingkar beraturan</a></strong>, kecepatan sudut atau kecepatan anguler untuk selang waktu yang sama selalu konstan. Kecepatan sudut didefinisikan sebagai besar sudut yang ditempuh tiap satu satuan waktu. Untuk partikel yang melakukan gerak satu kali putaran, didapatkan sudut yang ditempuh &theta; =2 &pi; dan waktu tempuh t = T. Berarti, kecepatan sudut ( &omega;) pada&nbsp;<a href=\"http://fisikazone.com/tag/gerak-melingkar-beraturan/\" target=\"_blank\" title=\"View all posts in gerak melingkar beraturan\">gerak melingkar beraturan</a>&nbsp;dapat dirumuskan:</p>\r\n\r\n<p><img alt=\"\\omega =\\frac{2\\pi }{T}\\textrm{ atau }\\omega =2\\pi f\" src=\"http://fisikazone.com/wp-content/plugins/mathtex-equation-editor/html/latex.php?d=%5Comega%20%3D%5Cfrac%7B2%5Cpi%20%7D%7BT%7D%5Ctextrm%7B%20atau%20%7D%5Comega%20%3D2%5Cpi%20f\" /></p>\r\n\r\n<p>dengan:</p>\r\n\r\n<p>&omega; = kecepatan sudut (rad/s)<br />\r\nT = periode (s)<br />\r\nf = frekuensi (Hz)</p>', 8, 1, 1, '2017-12-17 23:15:08', '2017-12-17 23:15:08', NULL),
(76, 10, 'Gerak Melingkar Beraturan', 'Gerak Melingkar Beraturan', NULL, 'Disini kita akan mempelajari tentang Gerak Melingkar Beraturan', '<h2>Pengertian Gerak Melingkar Beraturan</h2>\r\n\r\n<p><a href=\"http://fisikazone.com/gerak-melingkar-beraturan/gerak-melingkar-beraturan/\"><img alt=\"Gerak Melingkar Beraturan,definisi Gerak Melingkar Beraturan,pengertian Gerak Melingkar Beraturan,Gerak Melingkar Beraturan adalah,teori Gerak Melingkar Beraturan,Gerak Melingkar Beraturan sma kelas 10\" src=\"http://fisikazone.com/wp-content/uploads/2014/09/Gerak-Melingkar-Beraturan.jpg\" style=\"height:243px; width:194px\" /></a></p>\r\n\r\n<p><a href=\"http://fisikazone.com/gerak-melingkar-beraturan/\" title=\"Gerak Melingkar Beraturan\"><em>Gerak melingkar beraturan</em></a>adalah gerak yang lintasannya berbentuk lingkaran dengan laju konstan dan arah kecepatan tegak lurus terhadap arah percepatan. Arah kecepatan terus berubah sementara benda bergerak dalam lingkaran tersebut, tampak seperti pada gambar disamping. Oleh karena percepatan didefinisikan sebagai besar perubahan kecepatan, perubahan arah kecepatan menyebabkan percepatan sebagaimana juga perubahan besar kecepatan. Dengan demikian, benda yang mengelilingi sebuah lingkaran terus dipercepat, bahkan ketika lajunya tetap konstan (<em>v</em><sub>1</sub>=&nbsp;<em>v</em><sub>2</sub>=&nbsp;<em>v</em>).</p>\r\n\r\n<h2>Besaran-Besaran Dalam Gerak Melingkar Beraturan</h2>\r\n\r\n<h3>1. Periode Dan Frekuensi Gerak Melingkar Beraturan</h3>\r\n\r\n<p>Sebuah partikel/benda yang bergerak melingkar baik&nbsp;<a href=\"http://www.smanepus.sch.id/kumpulan%20materi/KUMPULAN%20MATERI/materi%20fisika/kls%20x/mp_264/materi06.html\" rel=\"nofollow\" target=\"_blank\" title=\"Gerak Melingkar Beraturan\">gerak melingkar beraturan</a>&nbsp;ataupun yang tidak beraturan, geraknya akan selalu berulang pada suatu saat tertentu. Dengan memerhatikan sebuah titik pada lintasan geraknya, sebuah partikel yang telah melakukan satu putaran penuh akan kembali atau melewati posisi semula. Gerak melingkar sering dideskripsikan dalam frekuensi ( f ), yaitu jumlah putaran tiap satuan waktu atau jumlah putaran per sekon. Sementara itu, periode (T ) adalah waktu yang diperlukan untuk menempuh satu putaran.</p>\r\n\r\n<p>Hubungan antara periode (T ) dan frekuensi ( f ) adalah:</p>\r\n\r\n<p><img alt=\"T=\\frac{1}{f}\\text{ atau }f=\\frac{1}{T}\" src=\"http://chart.apis.google.com/chart?cht=tx&amp;chl=T%3D%5Cfrac%7B1%7D%7Bf%7D%5Ctext%7B%20atau%20%7Df%3D%5Cfrac%7B1%7D%7BT%7D\" /></p>\r\n\r\n<p>dengan:</p>\r\n\r\n<p><em>T</em>&nbsp;= periode (s)<br />\r\n<em>f</em>&nbsp;= frekuensi (Hz)</p>\r\n\r\n<p>Sebagai contoh, jika sebuah benda berputar dengan frekuensi 3 putaran/sekon, maka untuk melakukan satu putaran penuh, benda itu memerlukan waktu 1/3 sekon. Untuk benda yang berputar membentuk lingkaran dengan laju konstan &nu;, dapat kita tuliskan:</p>\r\n\r\n<p><img alt=\"\\nu =\\frac{2\\pi R}{T}\" src=\"http://fisikazone.com/wp-content/plugins/mathtex-equation-editor/html/latex.php?d=%5Cnu%20%3D%5Cfrac%7B2%5Cpi%20R%7D%7BT%7D\" /></p>\r\n\r\n<p>Hal ini disebabkan dalam satu putaran, benda tersebut menempuh satu keliling lingkaran (= 2 &pi; R).</p>\r\n\r\n<h3>2. Posisi Sudut (&theta;) Gerak Melingkar Beraturan</h3>\r\n\r\n<p>Gambar dibawah melukiskan sebuah titik P yang berputar terhadap sumbu yang tegak lurus terhadap bidang gambar melalui titik O. Titik P bergerak dari A ke B dalam selang waktu t. Posisi titik P dapat dilihat dari besarnya sudut yang ditempuh, yaitu &theta; yang dibentuk oleh garis AB terhadap sumbu x yang melalui titik O. Posisi sudut &theta; diberi satuan radian (rad). Besar sudut satu putaran adalah 360&deg; = 2 &theta; radian.</p>\r\n\r\n<p><a href=\"http://fisikazone.com/gerak-melingkar-beraturan/posisi-sudut-gerak-melingkar-beraturan/\"><img alt=\"Posisi Sudut Gerak Melingkar Beraturan\" src=\"http://fisikazone.com/wp-content/uploads/2014/09/Posisi-Sudut-Gerak-Melingkar-Beraturan.jpg\" style=\"height:252px; width:254px\" /></a></p>\r\n\r\n<p>Jika &theta; adalah sudut pusat lingkaran yang panjang busurnya s dan jari-jarinya R, diperoleh hubungan:</p>\r\n\r\n<p><img alt=\"\\theta =\\frac{s}{R}\" src=\"http://fisikazone.com/wp-content/plugins/mathtex-equation-editor/html/latex.php?d=%5Ctheta%20%3D%5Cfrac%7Bs%7D%7BR%7D\" /></p>\r\n\r\n<p>dengan:</p>\r\n\r\n<p>&theta; = lintasan/posisi sudut (rad)<br />\r\ns = busur lintasan (m)<br />\r\nR = jari-jari (m)</p>\r\n\r\n<p>&nbsp;</p>\r\n\r\n<h3>3. Kecepatan Sudut/Kecepatan Angular Gerak Melingkar Beraturan</h3>\r\n\r\n<p>Dalam&nbsp;<strong><a href=\"http://fisikazone.com/tag/gerak-melingkar-beraturan/\" target=\"_blank\" title=\"View all posts in gerak melingkar beraturan\">gerak melingkar beraturan</a></strong>, kecepatan sudut atau kecepatan anguler untuk selang waktu yang sama selalu konstan. Kecepatan sudut didefinisikan sebagai besar sudut yang ditempuh tiap satu satuan waktu. Untuk partikel yang melakukan gerak satu kali putaran, didapatkan sudut yang ditempuh &theta; =2 &pi; dan waktu tempuh t = T. Berarti, kecepatan sudut ( &omega;) pada&nbsp;<a href=\"http://fisikazone.com/tag/gerak-melingkar-beraturan/\" target=\"_blank\" title=\"View all posts in gerak melingkar beraturan\">gerak melingkar beraturan</a>&nbsp;dapat dirumuskan:</p>\r\n\r\n<p><img alt=\"\\omega =\\frac{2\\pi }{T}\\textrm{ atau }\\omega =2\\pi f\" src=\"http://fisikazone.com/wp-content/plugins/mathtex-equation-editor/html/latex.php?d=%5Comega%20%3D%5Cfrac%7B2%5Cpi%20%7D%7BT%7D%5Ctextrm%7B%20atau%20%7D%5Comega%20%3D2%5Cpi%20f\" /></p>\r\n\r\n<p>dengan:</p>\r\n\r\n<p>&omega; = kecepatan sudut (rad/s)<br />\r\nT = periode (s)<br />\r\nf = frekuensi (Hz)</p>', 3, 1, 1, '2017-12-17 23:16:01', '2017-12-17 23:16:01', NULL),
(77, 10, 'Hukum Newton tentang Gerak', 'Hukum Newton tentang Gerak', NULL, 'Disini kita akan mempelajari tentang Hukum Newton tentang Gerak', '<h2>Pengertian Gaya</h2>\r\n\r\n<p><strong>Pengertian gaya</strong>&nbsp;merupakan dorongan atau tarikan yang akan mempercepat atau memperlambat gerak suatu benda.</p>\r\n\r\n<p><a href=\"http://fisikazone.com/pengertian-gaya-dan-jenis-jenis-gaya/pengertian-gaya/\" rel=\"attachment wp-att-745\"><img alt=\"Pengertian Gaya\" src=\"http://fisikazone.com/wp-content/uploads/2014/09/Pengertian-Gaya-300x279.jpg\" style=\"height:279px; width:300px\" /></a></p>\r\n\r\n<p>Saat bersepeda, kita memberikan&nbsp;<a href=\"http://fisikazone.com/tag/gaya-langsung/\" target=\"_blank\" title=\"View all posts in gaya langsung\">gaya langsung</a>&nbsp;<em>terhadap</em>&nbsp;sepeda</p>\r\n\r\n<p>&nbsp;</p>\r\n\r\n<h2>Jenis-Jenis Gaya</h2>\r\n\r\n<h3>Gaya Berat</h3>\r\n\r\n<p>Pada kehidupan sehari-hari, banyak orang yang salah mengartikan antara massa dengan berat. Misalnya, orang mengatakan &ldquo;Doni memiliki berat 65 kg&rdquo;. Pernyataan orang tersebut keliru karena sebenarnya yang dikatakan orang tersebut adalah massa Doni. kita harus dapat membedakan antara massa dan berat.</p>\r\n\r\n<p>Massa merupakan ukuran banyaknya materi yang dikandung oleh suatu benda. Massa (m) suatu benda besarnya selalu tetap dimanapun benda tersebut berada, satuannya kg. Berat (w) merupakan gaya gravitasi bumi yang bekerja pada suatu benda. Satuan berat adalah Newton (N). Hubungan antara massa dan berat dijelaskan dalam hukum II Newton. Misalnya, sebuah benda yang bermassa m dilepaskan dari ketinggian tertentu, maka benda tersebut akan jatuh ke bumi. Jika gaya hambatan udara diabaikan, maka gaya yang bekerja pada benda tersebut hanyalah gaya gravitasi (<a href=\"http://fisikazone.com/tag/gaya-berat/\" target=\"_blank\" title=\"View all posts in gaya berat\">gaya berat</a>&nbsp;benda). Benda tersebut akan mengalami gerak jatuh bebas dengan percepatan ke bawah sama dengan percepatan gravitasi. Jadi,&nbsp;<a href=\"http://fisikazone.com/tag/gaya-berat/\" target=\"_blank\" title=\"View all posts in gaya berat\">gaya berat</a>&nbsp;(w) yang dialami benda besarnya sama dengan per antara massa (m) benda tersebut dengan percepatan gravitasi (g) di tempat itu. Secara matematis dapat ditulis sebagai berikut.</p>\r\n\r\n<p><strong><em>w = m &times; g</em></strong></p>\r\n\r\n<p>Keterangan :</p>\r\n\r\n<p><em>w</em>&nbsp;:&nbsp;<a href=\"http://fisikazone.com/tag/gaya-berat/\" target=\"_blank\" title=\"View all posts in gaya berat\">gaya berat</a>&nbsp;(N)<br />\r\n<em>m</em>&nbsp;: massa benda (kg)<br />\r\n<em>g</em>&nbsp;: percepatan gravitasi (ms<sup>-2)</sup></p>\r\n\r\n<p>&nbsp;</p>\r\n\r\n<h3>Gaya Normal</h3>\r\n\r\n<p>Kita ketahui bahwa benda yang dilepaskan pada ketinggian tertentu akan jatuh bebas. Bagaimana jika benda tersebut di letakkan di atas meja, buku misalnya? Mengapa buku tersebut tidak jatuh? Gaya apa yang menahan buku tidak jatuh?</p>\r\n\r\n<p>Gaya yang menahan buku agar tidak jatuh adalah gaya tekan meja pada buku. Gaya ini ada karena permukaan buku bersentuhan dengan permukaan meja dan sering disebut&nbsp;<a href=\"http://fisikazone.com/tag/gaya-normal/\" target=\"_blank\" title=\"View all posts in gaya normal\">gaya normal</a>. Gaya normal (N) adalah gaya yang bekerja pada bidang yang bersentuhan antara dua permukaan benda, yang arahnya selalu tegak lurus dengan bidang sentuh. Jadi, pada buku terdapat dua gaya yang bekerja, yaitu gaya normal (N) yang berasal dari meja dan&nbsp;<a href=\"http://fisikazone.com/tag/gaya-berat/\" target=\"_blank\" title=\"View all posts in gaya berat\">gaya berat</a>&nbsp;(w). Kedua gaya tersebut besarnya sama tetapi berlawanan arah, sehingga membentuk keseimbangan pada buku. Ingat, gaya normal selalu tegak lurus arahnya dengan bidang sentuh. Jika bidang sentuh antara dua benda adalah horizontal, maka arah gaya normalnya adalah vertikal. Jika bidang sentuhnya vertikal, maka arah gaya normalnya adalah horizontal. Jika bidang sentuhya miring, maka gaya normalnya juga akan miring.</p>\r\n\r\n<p><a href=\"http://fisikazone.com/pengertian-gaya-dan-jenis-jenis-gaya/gaya-normal/\" rel=\"attachment wp-att-746\"><img alt=\"Gaya Normal\" src=\"http://fisikazone.com/wp-content/uploads/2014/09/Gaya-Normal-157x300.jpg\" style=\"height:300px; width:157px\" /></a></p>\r\n\r\n<p>Arah gaya normal selalu tegak lurus dengan permukaan bidang</p>\r\n\r\n<p>&nbsp;</p>\r\n\r\n<h3>Gaya Gesekan</h3>\r\n\r\n<p>Jika kita mendorong sebuah almari besar dengan gaya kecil, maka almari tersebut dapat dipastikan tidak akan bergerak (bergeser). Jika kita mengelindingkan sebuah bola di lapangan rumput, maka setelah menempuh jarak tertentu bola tersebut pasti berhenti. Mengapa hal-hal tersebut dapat terjadi? Apa yang menyebabkan almari sulit di gerakkan dan bola berhenti setelah menempuh jarak tertentu?</p>\r\n\r\n<p>Gaya yang melawan gaya yang kita berikan ke almari atau gaya yang menghentikan gerak bola adalah gaya gesek. Gaya gesek adalah gaya yang bekerja antara dua permukaan benda yang saling bersentuhan. Arah gaya gesek berlawanan arah dengan kecenderungan arah gerak benda.</p>\r\n\r\n<p>Untuk benda yang bergerak di udara, gaya geseknya bergantung pada luas permukaan benda yang bersentuhan dengan udara. Makin besar luas bidang sentuh, makin besar gaya gesek udara pada benda tersebut sedangkan untuk benda padat yang bergerak di atas benda padat, gaya geseknya tidak tergantung luas bidang sentuhnya.</p>\r\n\r\n<p>Gaya gesekan dapat dibedakan menjadi dua, yaitu&nbsp;<a href=\"http://fisikazone.com/tag/gaya-gesekan/\" target=\"_blank\" title=\"View all posts in gaya gesekan\">gaya gesekan</a>&nbsp;statis dan&nbsp;<a href=\"http://fisikazone.com/tag/gaya-gesekan/\" target=\"_blank\" title=\"View all posts in gaya gesekan\">gaya gesekan</a>&nbsp;kinetis. Gaya gesek statis (f<sub>s</sub>) adalah gaya gesek yang bekerja pada benda selama benda tersebut masih diam. Menurut hukum I Newton, selama benda masih diam berarti resultan gaya yang bekerja pada benda tersebut adalah nol. Jadi, selama benda masih diam gaya gesek statis selalu sama dengan yang bekerja pada benda tersebut. Secara matematis dapat ditulis sebagai berikut.</p>\r\n\r\n<p><a href=\"http://fisikazone.com/pengertian-gaya-dan-jenis-jenis-gaya/rumus-gaya-gesek/\" rel=\"attachment wp-att-747\"><img alt=\"Rumus Gaya Gesek\" src=\"http://fisikazone.com/wp-content/uploads/2014/09/Rumus-Gaya-Gesek.jpg\" style=\"height:97px; width:222px\" /></a>Keterangan:</p>\r\n\r\n<p><em>f<sub>s</sub></em>&nbsp;:&nbsp;<a href=\"http://fisikazone.com/tag/gaya-gesekan/\" target=\"_blank\" title=\"View all posts in gaya gesekan\">gaya gesekan</a>&nbsp;statis maksimum (N)<br />\r\n<em>&mu;</em><sub>s</sub>&nbsp;: koefisien gesekan statis</p>\r\n\r\n<p>Gaya gesek kinetis (<em>f<sub>k</sub></em>) adalah gaya gesek yang bekerja pada saat benda dalam keadaan bergerak. Gaya ini termasuk gaya dissipatif, yaitu gaya dengan usaha yang dilakukan akan berubah menjadi kalor. Perbandingan antara gaya gesekan kinetis dengan gaya normal disebut koefisien gaya gesekan kinetis (<em>m<sub>s</sub></em>). Secara matematis dapat di tulis sebagai berikut.</p>\r\n\r\n<p><a href=\"http://fisikazone.com/pengertian-gaya-dan-jenis-jenis-gaya/rumus-gaya-gesek-kinetis/\" rel=\"attachment wp-att-748\"><img alt=\"Rumus Gaya Gesek Kinetis\" src=\"http://fisikazone.com/wp-content/uploads/2014/09/Rumus-Gaya-Gesek-Kinetis.jpg\" style=\"height:78px; width:224px\" /></a></p>\r\n\r\n<p>Keterangan:</p>\r\n\r\n<p><em>f<sub>k</sub></em>&nbsp;: gaya gesekan kinetis (N)<br />\r\n<em>&mu;</em><sub>k</sub>&nbsp;: koefisien gesekan kinetis</p>\r\n\r\n<p>&nbsp;</p>\r\n\r\n<h3>Gaya Sentripetal</h3>\r\n\r\n<p>Kita&nbsp; mengetahui bahwa benda yang mengalami gerak melingkar beraturan mengalami percepatan sentripetal. Arah percepatan sentripetal selalu menuju ke pusat lingkaran dan tegak lurus dengan vektor kecepatan. Menurut hukum II Newton, percepatan ditimbulkan karena adanya gaya. Oleh karena itu, percepatan sentripetal ada karena adanya gaya yang menimbulkannya, yaitu&nbsp;<a href=\"http://fisikazone.com/tag/gaya-sentripetal/\" target=\"_blank\" title=\"View all posts in gaya sentripetal\">gaya sentripetal</a>.</p>\r\n\r\n<p><a href=\"http://fisikazone.com/pengertian-gaya-dan-jenis-jenis-gaya/gaya-sentripetal/\" rel=\"attachment wp-att-749\"><img alt=\"Gaya sentripetal\" src=\"http://fisikazone.com/wp-content/uploads/2014/09/Gaya-sentripetal-300x283.jpg\" style=\"height:283px; width:300px\" /></a>Pada hukum II Newton dinyatakan bahwa gaya merupakan per antara massa benda dan percepatan yang dialami benda tersebut. Sesuai hukum tersebut, hubungan antara percepatan sentripetal, massa benda, dan gaya sentripetal dapat dituliskan sebagai berikut.</p>\r\n\r\n<p><a href=\"http://fisikazone.com/pengertian-gaya-dan-jenis-jenis-gaya/persamaan-gaya-sentripetal/\" rel=\"attachment wp-att-750\"><img alt=\"Persamaan Gaya Sentripetal\" src=\"http://fisikazone.com/wp-content/uploads/2014/09/Persamaan-Gaya-Sentripetal-300x103.jpg\" style=\"height:103px; width:300px\" /></a></p>\r\n\r\n<p>Keterangan:</p>\r\n\r\n<p><em>F<sub>s</sub></em>&nbsp;: gaya sentripetal (N)<br />\r\n<em>m</em>&nbsp;: massa benda (kg)<br />\r\n<em>v</em>&nbsp;: kecepatan linear (m/s)<br />\r\n<em>r</em>&nbsp;: jari-jari lingkaran (m)<br />\r\n<em>&omega;</em>&nbsp;: kecepatan sudut</p>\r\n\r\n<p>Gaya sentripetal pada gerak melingkar berfungsi untuk merubah arah gerak benda. Gaya sentripetal tidak mengubah besarnya kelajuan benda. Setiap benda yang mengalami gerak melingkar pasti memerlukan gaya sentripetal. Misalnya, planet-planet yang mengitari matahari, elektron yang mengorbit inti atom, dan batu yang diikat dengan tali dan diputar adalah contoh&nbsp;<a href=\"http://fisikazone.com/pengertian-gaya-dan-jenis-jenis-gaya\" title=\"Gaya Sentripetal\"><strong>gaya sentripetal</strong></a>.</p>', 4, 1, 1, '2017-12-17 23:21:53', '2017-12-17 23:21:53', NULL);
INSERT INTO `lessons` (`id`, `course_id`, `title`, `slug`, `lesson_image`, `short_text`, `full_text`, `position`, `free_lesson`, `published`, `created_at`, `updated_at`, `deleted_at`) VALUES
(78, 10, 'Gelombang Elektromagnetik', 'Gelombang Elektromagnetik', NULL, 'Disini kita akan mempelajari tentang Gelombang Elektromagnetik', '<h2>Teori&nbsp;<a href=\"http://fisikazone.com/tag/gelombang-elektromagnetik/\" target=\"_blank\" title=\"View all posts in Gelombang Elektromagnetik\">Gelombang Elektromagnetik</a></h2>\r\n\r\n<p>Faraday menemukan bahwa perubahan medan magnet dapat menghasilkan gaya gerak listrik terinduksi atau medan listrik. Maxwell berpendapat bahwa perubahan medan listrik akan menimbulkan medan magnet. Perubahan medan magnet dijelaskan pada gambar berikut.</p>\r\n\r\n<p><a href=\"http://fisikazone.com/gelombang-elektromagnetik/perubahan-medan-magnet-menghasilkan-gelombang-elektromagnetik/\" rel=\"attachment wp-att-726\"><img alt=\"Perubahan Medan Magnet Menghasilkan Gelombang Elektromagnetik\" src=\"http://fisikazone.com/wp-content/uploads/2014/09/Perubahan-Medan-Magnet-Menghasilkan-Gelombang-Elektromagnetik-300x65.jpg\" style=\"height:65px; width:300px\" /></a></p>\r\n\r\n<p><em>Perubahan medan magnet yang dapat menghasilkan gelombang elektromagnetik</em></p>\r\n\r\n<p>Perubahan magnet listrik dan medan magnet ditimbulkan dengan cara dua bola isolator bermuatan positif dan negatif digetarkan sehingga jaraknya berubah-ubah sesuai dengan frekuensi getaran tersebut. Perubahan medan magnet tersebut juga menimbulkan medan listrik. Timbulnya medan listrik ini ditandai dengan dipancarkannya gelombang elektromagnetik. Pada gambar dibawah ditunjukkan perubahan medan listrik dan medan magnet yang menimbulkan adanya gelombang elektromagnetik.</p>\r\n\r\n<p><a href=\"http://fisikazone.com/gelombang-elektromagnetik/perambatan-gelombang-elektromagnetik/\" rel=\"attachment wp-att-727\"><img alt=\"Perambatan Gelombang Elektromagnetik\" src=\"http://fisikazone.com/wp-content/uploads/2014/09/Perambatan-Gelombang-Elektromagnetik-300x151.jpg\" style=\"height:151px; width:300px\" /></a></p>\r\n\r\n<p><em>Perambatan gelombang elektromagnetik yang tegak lurus arah medan listrik dan magnet</em></p>\r\n\r\n<p>Dari gambar diatas dijelaskan bahwa arah medan magnet selalu saling tegak lurus terhadap arah medan listrik, sedang arah rambat gelombang elektromagnetik selalu tegak lurus baik terhadap medan listrik mampu terhadap medan magnet sehingga gelombang elektromagnetik ini termasuk gelombang transversal. Kecepatan&nbsp;<a href=\"http://fisikazone.com/tag/perambatan-gelombang-elektromagnetik/\" target=\"_blank\" title=\"View all posts in perambatan gelombang elektromagnetik\">perambatan gelombang elektromagnetik</a>&nbsp;ini ditentukan oleh mediumnya yaitu :</p>\r\n\r\n<p><img alt=\"c=\\frac{1}{\\sqrt{\\mu _{0}\\varepsilon _{0}}}\" src=\"http://chart.apis.google.com/chart?cht=tx&amp;chl=c%3D%5Cfrac%7B1%7D%7B%5Csqrt%7B%5Cmu%20_%7B0%7D%5Cvarepsilon%20_%7B0%7D%7D%7D\" /></p>\r\n\r\n<p>dengan:</p>\r\n\r\n<p>&mu;<sub>o</sub>&nbsp;= permeabilitas ruang hampa,<br />\r\n&epsilon;<sub>o</sub>&nbsp;= permitivitas ruang hampa,<br />\r\nc = laju&nbsp;<a href=\"http://fisikazone.com/tag/perambatan-gelombang-elektromagnetik/\" target=\"_blank\" title=\"View all posts in perambatan gelombang elektromagnetik\">perambatan gelombang elektromagnetik</a>&nbsp;dalam ruang hampa.</p>\r\n\r\n<p>Sebagai contoh perhitungan kecepatan perambatan gelombang elektromagnetik ini diperoleh dengan memasukkan nilai &mu;<sub>o</sub>&nbsp;= 4 x 10<sup>-7</sup>&nbsp;Wb/Am (tetapan yang sering muncul pada hukum Gauss) dan nilai &epsilon;<sub>o</sub>&nbsp;= 8,85 x 10<sup>-12</sup>&nbsp;C/Nm<sup>2</sup>&nbsp;(tetapan yang sering muncul pada hukum Biot-Savart dan hukum Ampere) ke persamaan diatas sehingga diperoleh nilai:</p>\r\n\r\n<p>c = 2,998 x 10<sup>8</sup>&nbsp;m/s atau sering didekati dengan 3 x 10<sup>8</sup>&nbsp;m/s.</p>\r\n\r\n<p>Nilai kecepatan perambatan gelombang elektromagnetik ini ternyata sama dengan nilai kecepatan perambatan cahaya dalam ruang hampa, dan menerka dengan benar bahwa cahaya merupakan gelombang elektromagnetik.</p>\r\n\r\n<h3>Percobaan&nbsp;<a href=\"http://fisikazone.com/tag/gelombang-elektromagnetik/\" target=\"_blank\" title=\"View all posts in Gelombang Elektromagnetik\">Gelombang Elektromagnetik</a></h3>\r\n\r\n<p>Sampai akhir hayatnya ternyata Maxwell belum bisa membuktikan hipotesa tentang&nbsp;<a href=\"http://fisikazone.com/tag/teori-gelombang-elektromagnetik/\" target=\"_blank\" title=\"View all posts in teori gelombang elektromagnetik\">teori gelombang elektromagnetik</a>nya.</p>\r\n\r\n<p>Pada tahun 1887, Heinrich Hertz ilmuwan fisika yang pertama kali menguji hipotesa Maxwell ini dengan kumparan Ruhmkorf seperti ditunjuk-kan pada gambar berikut.</p>\r\n\r\n<p><a href=\"http://fisikazone.com/gelombang-elektromagnetik/mendeteksi-gelombang-elektromagnetik/\" rel=\"attachment wp-att-728\"><img alt=\"Mendeteksi Gelombang Elektromagnetik\" src=\"http://fisikazone.com/wp-content/uploads/2014/09/Mendeteksi-Gelombang-Elektromagnetik-300x149.jpg\" style=\"height:149px; width:300px\" /></a></p>\r\n\r\n<p><em>Kumparan Ruhmkorf untuk membangkitkan dan mendeteksi gelombang elektromagnetik</em></p>\r\n\r\n<p>Jika sakelar S digetarkan maka kumparan Ruhmkorf akan menginduksikan pulsa tegangan pada kedua elektrode bola di sisi A sehingga terjadi percikan api karena adanya pelepasan muatan. Percikan bunga api di sisi A diikuti percikan bunga api pada kedua elektrode bola di sisi B. Berdasarkan pengamatan ini, disimpulkan terjadi pengiriman tenaga gelombang elektro-magnetik dari sisi A (loop pengirim) ke sisi B (loop penerima).</p>\r\n\r\n<p>Dalam percobaan-percobaan selanjutnya, Hertz berhasil mengukur bagian gelombang elektromagnetik yang lain, seperti gelombang elektromagnetik frekuensi radio dengan nilai frekuensi 100 MHz. Dengan nilai kecepatan perambatan gelombang elektromagnetik ini seperti yang diramalkan oleh Maxwell. Sifat-sifat cahaya seperti pemantulan, pembiasan, interferensi, difraksi dan polarisasi telah dibuktikan oleh Hertz terjadi juga pada gelombang elektromagnetik. Untuk menghargai jasa-jasa Hertz maka nama Hertz dipakai sebagai satuan frekuensi dalam sistem SI.</p>\r\n\r\n<p>Berdasarkan pada uraian di atas, dapat disimpulkan beberapa sifat&nbsp;<a href=\"http://fisikazone.com/tag/gelombang-elektromagnetik-adalah/\" target=\"_blank\" title=\"View all posts in gelombang elektromagnetik adalah\">gelombang elektromagnetik adalah</a>sebagai berikut: </p>\r\n\r\n<ul>\r\n	<li>Perubahan medan listrik dan medan magnet terjadi pada saat yang bersamaan.  Arah medan listrik dan medan magnet saling tegak lurus.</li>\r\n	<li>Kuat medan listrik dan magnet besarnya berbanding lurus satu dengan yang lain, yaitu menurut hubungan<em>&nbsp;E = c.B.</em></li>\r\n	<li>Arah perambatan gelombang elektromagnetik selalu tegak lurus arah medan listrik dan medan magnet.</li>\r\n	<li>Gelombang elektromagnetik dapat merambat dalam ruang hampa.</li>\r\n	<li>Gelombang elektromagnetik merambat dengan laju yang hanya bergantung pada sifat-sifat listrik dan magnet medium.</li>\r\n	<li>Laju rambat gelombang elektromagnetik dalam ruang hampa merupakan tetapan umum dan nilainya&nbsp;<em>c</em>= 3 x 10<sup>8</sup>&nbsp;m/s.</li>\r\n	<li>Gelombang elektromagnetik adalah berupa gelombang transversal.</li>\r\n	<li>Gelombang elektromagnetik dapat mengalami proses pemantulan, pembiasan, polarisasi, interferensi, dan difraksi (lenturan).</li>\r\n	<li>Gelombang elektromagnetik merambat dalam arah garis lurus.</li>\r\n	<li>Gelombang elektromagnetik tidak disimpangkan oleh medan listrik maupun medan magnet karena tidak bermuatan listrik.</li>\r\n</ul>\r\n\r\n<p>&nbsp;</p>\r\n\r\n<h3>Spektrum Gelombang Elektromagnet</h3>\r\n\r\n<p>Gelombang elektromagnet terdiri atas bermacam-macam gelombang yang frekuensi dan panjang gelombangnya berbeda, tetapi semua gelombang-gelombang penyusun ini mempunyai kecepatan rambat yang sama yaitu :</p>\r\n\r\n<p><em>c</em>&nbsp;= 3 x 10<sup>8</sup>&nbsp;m/s. Hubungan antara frekuensi gelombang&nbsp;<em>f</em>&nbsp;atau&nbsp;<em>u</em>, panjang gelombang&nbsp;&lambda; dan kecepatan perambatan&nbsp;<em>c</em>&nbsp;adalah sebagai berikut :</p>\r\n\r\n<p><em><strong>c = f . &lambda;</strong></em></p>\r\n\r\n<p>Spektrum gelombang elektromagnetik diurutkan mulai panjang gelombang paling pendek sampai paling panjang adalah sebagai berikut :</p>\r\n\r\n<ul>\r\n	<li>&nbsp;Sinar gamma (&gamma;)</li>\r\n	<li> Sinar (rontgen)</li>\r\n	<li> Sinar ultra violet (UV)</li>\r\n	<li> Sinar tampak (cahaya tampak)</li>\r\n	<li> Sinar infra merah (IR)</li>\r\n	<li>&nbsp;Gelombang radar (gelombang mikro)</li>\r\n	<li> Gelombang televisi</li>\r\n	<li> Gelombang radio</li>\r\n</ul>\r\n\r\n<p><strong>Spektrum gelombang elektromagnetik</strong>&nbsp;ditunjukkan pada gambar berikut.</p>\r\n\r\n<p><a href=\"http://fisikazone.com/gelombang-elektromagnetik/spektrum-gelombang-elektromagnetik/\" rel=\"attachment wp-att-729\"><img alt=\"Spektrum Gelombang Elektromagnetik\" src=\"http://fisikazone.com/wp-content/uploads/2014/09/Spektrum-Gelombang-Elektromagnetik-300x138.jpg\" style=\"height:138px; width:300px\" /></a></p>\r\n\r\n<h4>Spektrum gelombang elektromagnetik</h4>\r\n\r\n<h3>Energi&nbsp;<a href=\"http://fisikazone.com/tag/gelombang-elektromagnetik/\" target=\"_blank\" title=\"View all posts in Gelombang Elektromagnetik\">Gelombang Elektromagnetik</a></h3>\r\n\r\n<p>Kalau kita berada di tepi pantai, kita melihat ombak air laut menghantam karang di pantai dan mendengar deburan ombak. Kita mengetahui bagaimana bencana alam, tsunami (gelombang air laut) merobohkan bangunan-bangunan yang diterjangnya. Kita kena cahaya matahari, kita merasakan kepanasan artinya kita menerima energi panas. Hal ini menunjukkan bahwa gelombang laut membawa energi. Bagaimana halnya dengan gelombang elektromagnetik ini?</p>\r\n\r\n<p>Gelombang elektromagnetik ini juga membawa energi yaitu dalam bentuk medan listrik dan medan magnet, seperti ditunjukkan pada gambar&nbsp;<strong>perambatan gelombang elektromagnetik</strong>&nbsp;diatas. Kita tinjau suatu gelombang elektromagnetik yang menjalar ke arah sumbu x maka medan listrik dan medan magnet sesaatnya dapat dinyatakan dengan persamaan berikut.</p>\r\n\r\n<p><strong><em>E = E<sub>m</sub>&nbsp;sin (kx &ndash; &omega;t)</em></strong></p>\r\n\r\n<p><strong><em>B = B<sub>m</sub>&nbsp;sin (kx &ndash; &omega;t)</em></strong></p>\r\n\r\n<p>dengan:</p>\r\n\r\n<p>E<sub>m</sub>&nbsp;= amplitudo medan listrik,<br />\r\nB<sub>m</sub>&nbsp;= amplitudo medan magnet,<br />\r\nk = tetapan angka gelombang,&nbsp;<img alt=\"k=\\frac{2\\pi }{\\lambda }\" src=\"http://chart.apis.google.com/chart?cht=tx&amp;chl=k%3D%5Cfrac%7B2%5Cpi%20%7D%7B%5Clambda%20%7D\" /><br />\r\n&omega; = frekuensi sudut,&nbsp;&omega; = 2 &pi;f</p>\r\n\r\n<p>Maxwell berhasil menemukan hubungan antara amplitudo medan listrik dan amplitudo medan magnet yaitu:</p>\r\n\r\n<p><img alt=\"\\frac{E_{m}}{B_{m}}=-\\frac{E}{B}=-c\" src=\"http://chart.apis.google.com/chart?cht=tx&amp;chl=\\frac{E_{m}}{B_{m}}=-\\frac{E}{B}=-c\" /></p>\r\n\r\n<p>dengan:</p>\r\n\r\n<p>c = laju perambatan gelombang elektromagnetik di ruang hampa. (c = 3 x 10<sup>8</sup>&nbsp;m/s).</p>\r\n\r\n<p>Perbandingan antara amplitudo medan listrik dengan amplitudo medan magnetik dari suatu&nbsp;<a href=\"http://fisikazone.com/gelombang-elektromagnetik/\" title=\"Gelombang Elektromagnetik\"><strong>gelombang elektromagnetik</strong></a>&nbsp;selalu sama dengan laju perambatan cahaya dalam ruang hampa.</p>', 5, 1, 1, '2017-12-17 23:24:59', '2017-12-17 23:24:59', NULL),
(79, 11, 'Pangkat, Akar, dan lagoritma', 'Pangkat, Akar, dan lagoritma', NULL, 'Disini kita akan mempelajari tentang pangkat, akar dan logaritma', NULL, 1, 1, 1, '2017-12-17 23:37:26', '2017-12-17 23:37:26', NULL),
(80, 13, 'Unsur Golongan Alkali', 'Unsur Golongan Alkali', NULL, 'Unsur-unsur golongan IA disebut juga logam alkali. Unsur-unsur alkali merupakan logam yang sangat reaktif. Kereaktifan unsur alkali disebabkan kemudahan melepaskan elektron valensi pada kulit ns1 membentuk senyawa dengan bilangan oksidasi +1. Oleh sebab itu, unsur-unsur logam alkali tidak ditemukan sebagai logam bebas di alam, melainkan berada dalam bentuk senyawa.', '<p>Kelimpahan Unsur Logam Alkali di Alam</p>\r\n\r\n<p>Sumber utama logam alkali adalah air laut. Air laut merupakan larutan garam-garam alkali dan alkali tanah dengan NaCl sebagai zat terlarut utamanya. Jika air laut diuapkan, garam-garam yang terlarut akan membentuk kristal.</p>\r\n\r\n<p>Selain air laut, sumber utama logam natrium dan kalium adalah deposit mineral yang ditambang dari dalam tanah, seperti halit (NaCl), silvit (KCl), dan karnalit (KCl.MgCl.H<sub>2</sub>O). Mineral-mineral ini banyak ditemukan di berbagai belahan bumi.</p>\r\n\r\n<p>Pembentukan mineral tersebut melalui proses yang lama. Mineral berasal dari air laut yang menguap dan garam-garam terlarut mengendap sebagai mineral. Kemudian, secara perlahan mineral tersebut tertimbun oleh debu dan tanah sehingga banyak ditemukan tidak jauh dari pantai.</p>\r\n\r\n<p>Logam alkali lain diperoleh dari mineral aluminosilikat. Litium terdapat dalam bentuk spodumen, LiAl(SiO<sub>3</sub>)<sub>2</sub>. Rubidium terdapat dalam mineral lepidolit. Cesium diperoleh dari pollusit yang sangat jarang, CsAl(SiO<sub>3</sub>)<sub>2</sub>.H<sub>2</sub>O. Fransium bersifat radioaktif.</p>\r\n\r\n<h2>Sifat-Sifat Unsur Logam Alkali</h2>\r\n\r\n<p>Unsur-unsur alkali semuanya logam yang sangat reaktif dengan sifat-sifat fisika ditunjukkan pada Tabel berikut.</p>\r\n\r\n<p>Logam alkali sangat reaktif dalam air. Oleh karena tangan kita mengandung air, logam alkali tidak boleh disentuh langsung oleh tangan.</p>\r\n\r\n<p>Semua unsur golongan IA berwarna putih keperakan berupa logam padat, kecuali cesium berwujud cair pada suhu kamar. Natrium merupakan logam lunak dan dapat dipotong dengan pisau. Kalium lebih lunak dari natrium.</p>\r\n\r\n<p>Pada tabel disamping tampak bahwa logam litium, natrium, dan kalium mempunyai massa jenis kurang dari 1,0 g cm<sup>&ndash;3</sup>. Akibatnya, logam tersebut terapung dalam air. Akan tetapi, ketiga logam ini sangat reaktif terhadap air dan reaksinya bersifat eksplosif disertai nyala.</p>\r\n\r\n<p>Sifat-sifat fisika logam seperti lunak dengan titik leleh rendah menjadi petunjuk bahwa ikatan logam antaratom dalam alkali sangat lemah. Ini akibat jari-jari atom logam alkali relatif besar dibandingkan unsur-unsur lain dalam satu periode. Penurunan titik leleh dari litium ke cesium disebabkan oleh jari-jari atom yang makin besar sehingga mengurangi kekuatan ikatan antaratom logam.</p>\r\n\r\n<p>Logam-logam alkali merupakan reduktor paling kuat, seperti ditunjukkan oleh potensial reduksi standar yang negatif pada tabel disamping.</p>\r\n\r\n<p>Keelektronegatifan logam alkali pada umumnya rendah (cesium<br />\r\npaling rendah), yang berarti logam tersebut cenderung membentuk kation. Sifat ini juga didukung oleh energi ionisasi pertama yang rendah, sedangkan energi ionisasi kedua sangat tinggi sehingga hanya ion dengan biloks +1 yang dapat dibentuk oleh logam alkali.</p>\r\n\r\n<p>Semua logam alkali dapat bereaksi dengan air. Reaksinya melibatkan pergantian hidrogen dari air oleh logam membentuk suatu basa kuat disertai pelepasan gas hidrogen. 2Na(s) + 2H<sub>2</sub>O(l) &rarr; 2NaOH(aq) + H<sub>2</sub>(g)</p>\r\n\r\n<p>Kereaktifan logam alkali terhadap air menjadi sangat kuat dari atas ke bawah dalam tabel periodik. Sepotong logam litium jika dimasukkan ke dalam air akan bergerak di sekitar permukaan air disertai pelepasan gas H<sub>2</sub>. Kalium bereaksi sangat dahsyat disertai ledakan dan nyala api berwarna ungu.</p>\r\n\r\n<p>Dalam udara terbuka, logam alkali bereaksi dengan oksigen membentuk oksida. Litium membentuk Li<sub>2</sub>O, natrium membentuk Na<sub>2</sub>O, tetapi produk yang dominan adalah natrium peroksida (Na<sub>2</sub>O<sub>2</sub>).</p>\r\n\r\n<p>Jika kalium dibakar dengan oksigen, produk dominan adalah kalium superoksida (KO<sub>2</sub>), suatu senyawa berwarna kuning-jingga. Oksida ini merupakan senyawa ion dari ion K<sup>+</sup>&nbsp;dan ion O<sub>2</sub><sup>&ndash;</sup>.</p>\r\n\r\n<p>Logam alkali bereaksi dengan halogen membentuk garam halida. Pada suhu tinggi, logam alkali bereaksi dengan hidrogen membentuk senyawa hidrida, seperti LiH dan NaH. Di udara terbuka, litium dapat bereaksi dengan gas nitrogen, sedangkan logam lainnya tidak dapat bereaksi.</p>\r\n\r\n<p>Jika logam alkali atau senyawanya dibakar dalam nyala bunsen, akan tampak warna yang khas untuk setiap logam alkali. Warna-warna tersebut menjadi petunjuk adanya logam alkali di dalam suatu sampel.</p>', 1, 1, 1, '2017-12-18 03:03:41', '2017-12-18 03:03:41', NULL),
(81, 13, 'Pembuatan dan Kegunaan Unsur Halogen', 'Pembuatan dan Kegunaan Unsur Halogen', NULL, 'Disini kita akan mempelajari tentang Pembuatan dan Kegunaan Unsur Halogen', '<p>Gas F<sub>2</sub>&nbsp;merupakan oksidator kuat sehingga hanya dapat dibuat melalui elektrolisis garamnya, yaitu larutan KF dalam HF cair. Dalam&nbsp;<a href=\"http://materi-kimia-sma.blogspot.com/2013/03/reaksi-redoks-dan-elektrokimia.html/\" target=\"_blank\" title=\"Reaksi Redoks dan Elektrokimia\">elektrolisis</a>&nbsp;dihasilkan gas H<sub>2</sub>&nbsp;di katode dan gas F<sub>2</sub>&nbsp;di anode. Perhatikan gambar disamping.</p>\r\n\r\n<p>Gas F<sub>2</sub>&nbsp;diproduksi secara komersial untuk bahan bakar nuklir uranium. Logam uranium direaksikan dengan gas fluorin berlebih menghasilkan uranium heksafluorida, UF<sub>6</sub>&nbsp;(padatan berwarna putih dan mudah menguap).</p>\r\n\r\n<p>Gas Cl<sub>2</sub>&nbsp;dibuat melalui elektrolisis lelehan NaCl, reaksinya:</p>\r\n\r\n<p>Anode: Cl<sup>&ndash;</sup>(l) &rarr; Cl<sub>2</sub>(g)<br />\r\nKatode: Na<sup>+</sup>(l) &rarr;Na(s)</p>\r\n\r\n<p>Gas Cl<sub>2</sub>&nbsp;digunakan sebagai bahan dasar industri plastik, seperti vinil klorida, CH<sub>2</sub>=CHCl (untuk PVC), CCl<sub>4</sub>&nbsp;(untuk fluorokarbon), dan CH<sub>3</sub>Cl (untuk silikon dan TEL). Dalam jumlah besar, klorin digunakan untuk desinfektan, pemutih, pulp kertas, dan tekstil.</p>\r\n\r\n<p>Gas Br<sub>2</sub>&nbsp;dibuat dari air laut melalui oksidasi dengan gas Cl<sub>2</sub>. Secara komersial, pembuatan gas Br<sub>2</sub>sebagai berikut.</p>\r\n\r\n<ul>\r\n	<li>Air laut dipanaskan kemudian dialirkan ke tanki yang berada di puncak menara.</li>\r\n	<li>Uap air panas dan gas Cl<sub>2</sub>&nbsp;dialirkan dari bawah menuju tanki. Setelah terjadi reaksi redoks, gas Br<sub>2</sub>&nbsp;yang dihasilkan diembunkan hingga terbentuk lapisan yang terpisah. Bromin cair berada di dasar tangki, sedangkan air di atasnya.</li>\r\n	<li>Selanjutnya bromin dimurnikan melalui distilasi. Bromin digunakan dalam industri untuk membuat senyawa metil bromida, CH<sub>3</sub>Br (sebagai pestisida), perak bromida (untuk film fotografi), dan alkali bromida (untuk sedatif).</li>\r\n</ul>\r\n\r\n<p><img alt=\"c\" src=\"http://lh4.ggpht.com/-eGjYxnwP5R8/Ur8rHg06CrI/AAAAAAAAAs4/30_4EBo6LE0/image203.png?imgmax=800\" style=\"float:left; height:242px; width:456px\" title=\"Pembuatan Unsur Halogen\" />Gas I<sub>2</sub>&nbsp;diproduksi dari air laut melalui oksidasi ion iodida dengan oksidator gas Cl<sub>2</sub>. Iodin juga dapat diproduksi dari natrium iodat (suatu pengotor dalam garam , NaNO<sub>3</sub>) melalui reduksi ion iodat oleh NaHSO<sub>3</sub>. Iodin digunakan untuk membuat senyawa AgI sebagai film fotografi dan KI sebagai nutrisi dan makanan ternak. Beberapa kegunaan senyawa halogen dijabarkan pada tabel disamping.</p>\r\n\r\n<h2>Sifat dan Pembuatan Senyawa Halogen</h2>\r\n\r\n<p>Senyawa halogen yang penting adalah asam hidrogen halida (HX), asam okso-halida (HXOn), dan garamnya (MX). Setiap unsur halogen dapat membentuk senyawa biner dengan hidrogen: HF, HCl, HBr, dan HI. Semuanya merupakan gas tak berwarna dengan bau sangat tajam.</p>\r\n\r\n<p>Titik didih asam halida meningkat dari atas ke bawah dalam sistem periodik (HCl = &ndash;85&deg;C; HBr = &ndash;67&deg;C; HI = &ndash;35&deg;C), kecuali HF memiliki titik didih paling tinggi, yaitu 20&deg;C. Penyimpangan ini sebagai akibat adanya ikatan hidrogen antarmolekul HF yang sangat kuat dibandingkan asam-asam halida yang lain.</p>\r\n\r\n<p>Kekuatan asam halida di dalam pelarut air meningkat dari atas ke bawah dalam tabel periodik. Hal ini disebabkan oleh jari-jari atom halogen yang makin besar sehingga kemampuan menarik atom H makin lemah, akibatnya atom H mudah lepas.</p>\r\n\r\n<p>Asam-asam halida di dalam air terionisasi sempurna, kecuali asam fluorida tergolong asam lemah dengan derajat ionisasi 2,9%. Persamaan ionisasinya:</p>\r\n\r\n<p>&nbsp;</p>\r\n\r\n<p>Asam-asam halida dapat disintesis langsung dari unsur-unsurnya, seperti berikut ini.</p>\r\n\r\n<p><strong>Gas F<sub>2</sub>&nbsp;dan H<sub>2</sub></strong>&nbsp;bereaksi sangat dahsyat membentuk senyawa HF, tetapi reaksinya tidak memiliki nilai komersial, sebab gas F<sub>2</sub>&nbsp;sendiri dibuat dari penguraian HF. H<sub>2</sub>(g) + F<sub>2</sub>(g) &rarr;2HF(g)<br />\r\n<strong>Senyawa HCl</strong>&nbsp;dibuat melalui reaksi gas Cl<sub>2</sub>&nbsp;dan H<sub>2</sub>berlebih. H<sub>2</sub>(g) + Cl<sub>2</sub>(g) &rarr;2HCl(g)</p>\r\n\r\n<p><strong>HBr dan HI</strong>&nbsp;dibuat dengan cara serupa, tetapi menggunakan katalis platina sebab reaksi tanpa katalis sangat lambat.</p>\r\n\r\n<p>&nbsp;</p>\r\n\r\n<p>Umumnya, asam-asam halida disintesis melalui pemanasan garam halida dengan asam yang tidak mudah menguap, seperti berikut ini.</p>\r\n\r\n<p><strong>HF</strong>, dibuat dari garam CaF<sub>2</sub>&nbsp;dan asam sulfat pekat. Reaksinya: CaF<sub>2</sub>(s) + H<sub>2</sub>SO<sub>4</sub>(l) &rarr;CaSO<sub>4</sub>(s) + 2HF(g)</p>\r\n\r\n<p><strong>HCl</strong>, dibuat dari natrium klorida dan asam sulfat pekat. Reaksinya: NaCl(s) + H<sub>2</sub>SO<sub>4</sub>(l) &rarr;NaHSO<sub>4</sub>(s) + HCl(g) . Pada suhu tinggi, hasil yang terbentuk adalah natrium sulfat: NaCl(s) + NaHSO<sub>4</sub>(l) &rarr;Na<sub>2</sub>SO<sub>4</sub>(s) + HCl(g)</p>\r\n\r\n<p><strong>HBr dan HI</strong>, tidak dapat dibuat dengan H<sub>2</sub>SO<sub>4</sub>, sebab dapat mengoksidasi Br<sup>&ndash;</sup>&nbsp;dan I<sup>&ndash;</sup>&nbsp;menjadi unsur-unsurnya. Dalam hal ini digunakan asam fosfat. Reaksinya: NaBr(s) + H<sub>3</sub>PO<sub>4</sub>(l) &rarr;HBr(g) + NaH<sub>2</sub>PO<sub>4</sub>(s)</p>\r\n\r\n<p>Kegunaan utama HF adalah sebagai bahan baku pembuatan CCl<sub>3</sub>F, freon, dan teflon. Senyawa CCl<sub>3</sub>F digunakan sebagai pendingin dan bahan bakar aerosol, yang disintesis dari CCl<sub>4</sub>&nbsp;dan HF dengan antimon pentafluorida sebagai katalis. Reaksinya: CCl<sub>4</sub>(l) + HF(g) &rarr;CCl<sub>3</sub>F(aq) + HCl(g)</p>\r\n\r\n<p>Kegunaan utama HF yang lain adalah sebagai cairan elektrolit dalam pengolahan mineral aluminium dan untuk melukis/mengetsa gelas. Dalam mengeetsa gelas, HF bereaksi dengan silika (SiO<sub>2</sub>), kemudian bereaksi dengan gelas. Reaksinya:</p>\r\n\r\n<p>&nbsp;</p>\r\n\r\n<p>Senyawa HCl adalah asam keempat yang penting bagi industri asam setelah asam sulfat, fosfat, dan nitrat. Asam ini digunakan untuk membersihkan permukaan logam dari oksida (disebut pickling) dan untuk mengekstrak bijih logam tertentu, seperti tungsten.</p>\r\n\r\n<p>Dalam elektrolisis larutan NaCl, gas Cl<sub>2</sub>&nbsp;yang dihasilkan pada anode dapat bereaksi dengan larutan NaOH yang dihasilkan di katode membentuk natrium hipoklorit. Reaksinya:</p>\r\n\r\n<p>Cl<sub>2</sub>(g) + 2NaOH(aq) &rarr; NaClO(aq) + NaCl(aq) + H<sub>2</sub>O(l)</p>\r\n\r\n<p>Larutan NaClO digunakan sebagai pemutih pada industri tekstil. Ion hipoklorit tidak stabil, dan terdisproporsionasi membentuk ion klorat, ClO<sub>3</sub><sup>&ndash;</sup>&nbsp;dan ion klorida, Cl<sup>&ndash;</sup>. Reaksinya: 3ClO<sup>&ndash;</sup>(aq) &rarr; ClO<sub>3</sub><sup>&ndash;</sup>(aq) + 2Cl<sup>&ndash;</sup>(aq)</p>', 2, 1, 1, '2017-12-18 03:05:39', '2017-12-18 03:05:39', NULL),
(82, 13, 'Unsur Halogen', 'Unsur Halogen', NULL, 'Berdasarkan konfigurasi elektronnya, halogen menempati golongan VIIA dalam tabel periodik. Atom-atom unsur halogen memiliki afinitas elektron tinggi sehingga mudah menerima elektron membentuk konfigurasi elektron gas mulia. Oleh sebab itu, unsur-unsur halogen tidak pernah ditemukan dalam keadaan unsur bebas di alam.', '<h2>Kelimpahan Unsur Halogen</h2>\r\n\r\n<p>Halogen umumnya terdapat dalam bentuk garamnya. Oleh sebab itu, unsur-unsur golongan VIIA dinamakan halogen, artinya pembentuk garam (halos dan genes, halos = garam; genes = pembentuk atau pencipta).</p>\r\n\r\n<p>Fluorin dan klorin merupakan unsur halogen yang melimpah di alam. Fluorin terdapat dalam mineral fluorapatit, 3Ca<sub>3</sub>(PO<sub>4</sub>)<sub>2</sub>.CaF<sub>2</sub>&nbsp;dan mineral fluorit, CaF<sub>2</sub>. Bentuk kedua mineral tersebut ditunjukkan pada gambar disamping. Klorin melimpah dalam bentuk NaCl terlarut di lautan maupun sebagai deposit garam. Bromin kurang melimpah, terdapat sebagai ion Br dalam air laut. Iodin terdapat dalam jumlah sedikit sebagai NaI dalam air laut dan sebagai NaIO<sub>3</sub>bersama-sama garam nitrat. Unsur astatin tidak dijumpai di alam sebab bersifat radioaktif sehingga mudah berubah menjadi unsur lain yang lebih stabil.</p>\r\n\r\n<h2>Sifat-Sifat Unsur Halogen</h2>\r\n\r\n<p>Semua unsur halogen terdapat sebagai molekul diatom, yaitu F<sub>2</sub>, Cl<sub>2</sub>, Br<sub>2</sub>, dan I<sub>2</sub>. Fluorin dan klorin berwujud gas, fluorin berwarna kuning pucat dan klorin berwarna kuning kehijauan. Bromin mudah menguap, cairan dan uapnya berwarna cokelat-kemerahan. Iodin berupa zat padat berwarna hitam mengkilap yang dapat menyublim menghasilkan uap berwarna ungu.</p>\r\n\r\n<p>Unsur-unsur halogen mudah dikenali dari bau dan warnanya. Halogen umumnya berbau menyengat, terutama klorin dan bromin (bromos, artinya pesing). Kedua gas ini bersifat racun sehingga harus ditangani secara hati-hati. Jika wadah bromin bocor maka dalam beberapa saat, ruangan akan tampak cokelat-kemerahan. Titik leleh, titik didih, dan sifat-sifat fisika lainnya ditunjukkan pada tabel berikut:</p>\r\n\r\n<p>&nbsp;</p>\r\n\r\n<p>Kenaikan titik leleh dan titik didih dari atas ke bawah dalam tabel periodik disebabkan gaya London di antara molekul halogen yang makin meningkat dengan bertambahnya panjang ikatan. Gaya berbanding lurus dengan jarak atau panjang ikatan.</p>\r\n\r\n<p>Kereaktifan halogen dapat dipelajari dari jari-jari atomnya. Dari atas ke bawah, jari-jari atom meningkat sehingga gaya tarik inti terhadap penerimaan (afinitas) elektron makin lemah. Akibatnya, kereaktifan unsur-unsur halogen dari atas ke bawah berkurang.</p>\r\n\r\n<p>Kereaktifan halogen dapat juga dipelajari dari afinitas elektron. Makin besar afinitas elektron, makin reaktif unsur tersebut. Dari atas ke bawah dalam tabel periodik, afinitas elektron unsur-unsur halogen makin kecil sehingga kereaktifannya: F Cl Br I.</p>\r\n\r\n<p>Oleh karena unsur halogen mudah menerima elektron maka semua unsur halogen merupakan oksidator kuat. Kekuatan oksidator halogen menurun dari atas ke bawah dalam tabel periodik. Hal ini dapat dilihat dari potensial reduksi standar:</p>\r\n\r\n<p>&nbsp;</p>\r\n\r\n<p>Berdasarkan data potensial reduksi standar dapat disimpulkan bahwa F<sub>2</sub>&nbsp;merupakan oksidator paling kuat. Oleh karena itu, unsur halogen dapat mengoksidasi halogen lain yang terletak di bawahnya dalam tabel periodik, tetapi reaksi kembalinya tidak terjadi.</p>\r\n\r\n<p>Kekuatan oksidator F<sub>2</sub>, Cl<sub>2</sub>, Br<sub>2</sub>, dan I<sub>2</sub>&nbsp;dapat dilihat dari reaksi antarhalogen. Gas fluorin dapat mengoksidasi unsur-unsur halogen yang berada di bawahnya:</p>\r\n\r\n<p>F<sub>2</sub>(g) + 2Cl<sup>&ndash;</sup>(aq) &rarr;2F<sup>&ndash;</sup>(aq) + Cl<sub>2</sub>(g)<br />\r\nF<sub>2</sub>(g) + 2Br<sup>&ndash;</sup>(aq) &rarr;2F<sup>&ndash;</sup>(aq) + Br<sub>2</sub>(g)<br />\r\nF<sub>2</sub>(g) + 2l<sup>&ndash;</sup>(aq) &rarr;2F<sup>&ndash;</sup>(aq) + l<sub>2</sub>(s)</p>\r\n\r\n<p>Demikian pula jika gas klorin ditambahkan ke dalam larutan yang mengandung ion Br<sup>&ndash;</sup>&nbsp;atau ion I<sup>&ndash;</sup>, akan terbentuk bromin dan iodin.</p>\r\n\r\n<p>Cl<sub>2</sub>(aq) + 2Br<sup>&ndash;</sup>(aq) &rarr;2Cl<sup>&ndash;</sup>(aq) + Br<sub>2</sub>(aq)<br />\r\nCl<sub>2</sub>(aq) + 2I<sup>&ndash;</sup>(aq) &rarr;2Cl<sup>&ndash;</sup>(aq) + I<sub>2</sub>(aq)</p>\r\n\r\n<p>Reaksi Cl<sub>2</sub>&nbsp;dengan Br<sup>&ndash;</sup>&nbsp;atau I<sup>&ndash;</sup>&nbsp;dapat digunakan untuk identifikasi bromin dan klorin dalam suatu senyawa ion.</p>\r\n\r\n<p>Halogen dapat bereaksi dengan hampir semua unsur, baik unsur logam maupun nonlogam. Demikian pula dengan sesama halogen dapat membentuk senyawa antarhalogen, seperti ClF, BrF, IBr, ClF<sub>3</sub>, ClF<sub>5</sub>, dan IF<sub>7</sub>. Pada senyawa antarhalogen, biloks positif dimiliki oleh halogen dengan keelektronegatifan lebih kecil. Misalnya, dalam molekul ClF<sub>3</sub>, biloks Cl = +3 dan biloks F = &ndash;1.</p>\r\n\r\n<p>Halogen bereaksi dengan logam membentuk senyawa ionik. Dengan unsur bukan logam, halogen membentuk senyawa kovalen. Baik dalam senyawa ionik maupun kovalen, pada umumnya halogen memiliki bilangan oksidasi 1. Semua unsur halogen dapat membentuk asam okso, kecuali fluorin. Bilangan oksidasinya mulai dari +1, +3, +5, dan +7</p>', 3, 1, 1, '2017-12-18 04:37:11', '2017-12-18 04:37:11', NULL),
(83, 13, 'Unsur Gas Mulia', 'Unsur Gas Mulia', NULL, 'Disini kita akan mempelajari tentang Unsur Gas Mulia', '<h2>Kelimpahan Gas Mulia di Alam</h2>\r\n\r\n<p>Pada 1892, Lord Rayleight menemukan bahwa massa jenis gas nitrogen yang diperoleh dari udara (1,2561 g L&ndash;1) lebih besar dari yang diperoleh dari hasil penguraian senyawa nitrogen di laboratorium (1,2498 g L&ndash;1). Dia menyimpulkan gas nitrogen dari udara mengandung gas lain. Untuk mengetahui gas tersebut, Rayleight bersama-sama illiam</p>\r\n\r\n<p>Ramsay melakukan penyelidikan dengan cara mereaksikan gas nitrogen dari udara dengan magnesium pada suhu tinggi menjadi padatan Mg<sub>3</sub>N<sub>2&nbsp;</sub>dan gas sisa yang tidak reaktif. Gas sisa selanjutnya dimasukkan ke dalam tabung hampa udara dan dilewatkan muatan listrik bertegangan tinggi hingga terpancar sinar yang berwarna merah-hijau.</p>\r\n\r\n<p>Ramsay dan Rayleight menyimpulkan bahwa gas sisa adalah unsur baru, disebut argon (dalam bahasa unani argos, artinya malas). Mereka menduga bahwa argon termasuk dalam kolom unsur baru pada tabel periodik, terletak antara halogen dan logam alkali.</p>\r\n\r\n<p>Setelah ditemukan gas argon, gas mulia yang lain ditemukan. Ramsay menemukan bahwa di udara juga terdapat gas mulia lain yang merupakan komponen utama matahari sehingga gas tersebut dinamakan helium ( unani, helios, artinya matahari). Gas mulia berikutnya yang ditemukan Ramsay adalah gas neon (neos, artinya baru), kripton (kryptos, artinya tersembunyi), dan xenon ( enos, artinya asing).</p>\r\n\r\n<h2>Sifat-Sifat Unsur Gas Mulia</h2>\r\n\r\n<p>Pada pembahasan Ikatan Kimia di&nbsp;<a href=\"http://materi-kimia-sma.blogspot.com/2013/02/kimia-kelas-x.html\" target=\"_blank\" title=\"kimia kelas X\">Kelas X</a>&nbsp;, gas mulia dianggap stabil karena memiliki konfigurasi elektron yang terisi penuh:</p>\r\n\r\n<p>He: 1s<sup>2</sup><br />\r\nNe: 1s<sup>2</sup>&nbsp;2s<sup>2</sup>&nbsp;2p<sup>6</sup><br />\r\nAr: 1s<sup>2</sup>&nbsp;2s<sup>2</sup>&nbsp;2p<sup>6</sup>&nbsp;3s<sup>2&nbsp;</sup>3p<sup>6</sup><br />\r\nXe: 1s<sup>2</sup>&nbsp;2s<sup>2</sup>&nbsp;2p<sup>6</sup>&nbsp;3s<sup>2</sup>&nbsp;3p<sup>6</sup>&nbsp;3d<sup>10</sup>&nbsp;4s<sup>2</sup>&nbsp;4p<sup>6</sup></p>\r\n\r\n<p>&nbsp;</p>\r\n\r\n<p>Selama beberapa tahun, pandangan tersebut dijadikan acuan pada pembentukan ikatan kimia. Menurut teori Lewis, gas mulia tidak reaktif sebab memiliki konfigurasi oktet.</p>\r\n\r\n<table border=\"3\" cellpadding=\"2\" cellspacing=\"2\" style=\"width:163px\">\r\n	<tbody>\r\n		<tr>\r\n			<td>Gas Mulia</td>\r\n			<td>EI(kJ mol<sup>&ndash;1</sup>)</td>\r\n		</tr>\r\n		<tr>\r\n			<td>\r\n			<p>He<br />\r\n			Ne<br />\r\n			Ar<br />\r\n			Kr<br />\r\n			Xe<br />\r\n			Rn</p>\r\n			</td>\r\n			<td>\r\n			<p>2377<br />\r\n			2088<br />\r\n			1527<br />\r\n			1356<br />\r\n			1176<br />\r\n			1042</p>\r\n			</td>\r\n		</tr>\r\n	</tbody>\r\n</table>\r\n\r\n<p>Ketidakreaktifan gas mulia juga dapat dilihat dari data energi ionisasinya. Makin besar energi ionisasi, makin sukar gas mulia membentuk senyawa. Gas helium dan neon hingga saat ini belum dapat dibuat senyawanya.</p>\r\n\r\n<p>Gas mulia merupakan gas monoatomik, tidak berwarna, tidak berasa, dan tidak berbau. Argon, kripton, dan xenon sedikit larut dalam air akibat terjebak di antara molekul air. Helium dan neon tidak dapat larut dalam air, sebab jari-jari atomnya terlalu kecil hingga dapat meninggalkan air.</p>\r\n\r\n<p>Pada tekanan normal, semua gas mulia dapat dipadatkan, kecuali helium. Gas helium hanya dapat dipadatkan pada tekanan sangat tinggi, di atas 25 atm. Oleh karena gas helium merupakan gas yang memiliki titik leleh dan titik didih paling rendah maka gas tersebut dapat digunakan sebagai pendingin untuk mempertahankan suhu di bawah 10 K. Pada 4 K, gas helium menunjukkan sifat super fluida tanpa viskositas disebut super konduktor, yaitu zat yang memiliki daya hantar listrik tanpa hambatan dan menolak medan magnet. Daya hantar listrik helium pada 4 K, 800 kali lebih cepat dibandingkan kawat tembaga.</p>\r\n\r\n<p><img alt=\"image\" src=\"http://lh6.ggpht.com/-4vDISJb5PuQ/Ur8nnaZlvSI/AAAAAAAAAr4/UV45sVdoA-Y/image3.png?imgmax=800\" style=\"height:112px; width:606px\" title=\"image\" /></p>\r\n\r\n<h2>Pembuatan dan Kegunaan Unsur Gas Mulia</h2>\r\n\r\n<p><img alt=\"c\" src=\"http://lh6.ggpht.com/-VDRkQd1ePvs/Ur8oqga8pcI/AAAAAAAAAsA/yUDgzh5l8AM/image8.png?imgmax=800\" style=\"float:left; height:142px; width:406px\" title=\"Unsur Utama\" /></p>\r\n\r\n<p>Secara komersial, semua gas mulia, kecuali helium dan radon diperoleh melalui distilasi bertingkat udara cair. Perbedaan titik didih yang tinggi memungkinkan gas-gas mulia di udara dapat dipisahkan. Gas mulia banyak dipakai sebagai gas pengisi lampu pijar dan neon.</p>\r\n\r\n<p>Hampir semua gas mulia berwarna terang jika loncatan bunga api listrik dilewatkan ke dalam tabung berisi gas mulia. Neon berwarna merah, argon berwarna merah muda, kripton berwarna putih-biru, dan xenon berwarna biru.</p>\r\n\r\n<p>Sumber helium adalah gas alam. Helium memiliki titik didih paling rendah sehingga banyak dipakai sebagai pendingin. Gas mulia juga dipakai sebagai pelarut gas oksigen bagi para penyelam dan sebagai udara atmosfer bagi pesawat ruang angkasa.</p>\r\n\r\n<p>Oleh karena tabung yang berisi gas mulia menghasilkan cahaya berwarna terang jika dilewatkan loncatan bunga api listrik maka gas mulia banyak digunakan dalam alat penerang. Lampu neon dari gas mulia banyak digunakan dalam papan reklame. Helium dan nitrogen digunakan sebagai pengisi bola lampu pijar.</p>\r\n\r\n<p>Dalam bola lampu, campuran gas tersebut mengkonduksi panas dari filamen tungsten. Gas mulia juga digunakan dalam sejumlah sinar laser. Laser dari neonhelium pertama kali dioperasikan sebagai gas laser yang kontinu. Laser tersebut memancarkan cahaya merah dengan panjang gelombang 632,8 nm.</p>\r\n\r\n<p>Argon merupakan gas mulia terbanyak di udara, diperoleh dengan cara pemanasan udara kering dengan CaC<sub>2</sub>. Menurut cara ini, gas O<sub>2</sub>&nbsp;dan N<sub>2</sub>&nbsp;bereaksi dengan CaC<sub>2</sub>&nbsp;dan menyisakan gas argon. Persamaan kimianya: Udara + 3 CaC<sub>2</sub>&nbsp;&rarr;CaCN<sub>2</sub>&nbsp;+ 2CaO + 5 C + Ar</p>\r\n\r\n<h2>Senyawa Gas Mulia</h2>\r\n\r\n<p>Neil Bartlett, orang pertama yang membuat senyawa gas mulia. Dia mengetahui bahwa molekul oksigen dapat bereaksi dengan platina heksafluorida, PtF<sub>6</sub>&nbsp;membentuk padatan ionik [O<sup>2+</sup>][PtF<sub>6</sub><sup>&ndash;</sup>]. Oleh karena energi ionisasi gas xenon (1,17 &times; 10<sup>3</sup>&nbsp;kJ mol<sup>&ndash;1</sup>) tidak berbeda jauh dengan molekul oksigen (1,21&times;10<sup>3</sup>&nbsp;kJ mol<sup>&ndash;1</sup>), Bartlett menduga bahwa xenon juga dapat bereaksi dengan platina heksafluorida.</p>\r\n\r\n<p>Pada tahun 1962, Bartlett berhasil mensintesis senyawa xenon dengan rumus XeF6 berwarna jingga-kuning. Selain itu, xenon juga dapat bereaksi dengan fluor secara langsung dalam tabung nikel pada suhu 400&deg;C dan tekanan 6 atm menghasilkan xenon tetrafluorida, berupa padatan tidak berwarna dan mudah menguap. Xe(g) + 2F<sub>2</sub>(g)&nbsp; &rarr;XeF<sub>4</sub>(s)</p>\r\n\r\n<p>Sejak saat itu banyak senyawa gas mulia yang dibuat dengan unsur-unsur yang keelektronegatifan tinggi, seperti fluor dan oksigen.</p>\r\n\r\n<p><img alt=\"Unsur Utama\" src=\"http://lh5.ggpht.com/-McA6HZrwFdM/Ur8orU4gSNI/AAAAAAAAAsI/4C2VWd-RSgU/image12.png?imgmax=800\" style=\"float:left; height:127px; width:406px\" title=\"Unsur Utama\" />Di antara semua unsur gas mulia, baru kripton dan xenon yang dapat dibuat senyawanya. Mengapa kedua gas mulia ini dapat membentuk senyawa?</p>\r\n\r\n<p>Hal ini berkaitan dengan jari-jari atom gas mulia. Pada tabel periodik, jari-jari atom gas mulia makin ke bawah makin besar. Akibatnya, gaya tarik inti terhadap elektron valensi makin berkurang sehingga atom-atom gas mulia seperti xenon dan kripton lebih reaktif dibandingkan gas mulia yang lain. Radon dengan jari-jari paling besar juga dapat bereaksi dengan oksigen atau fluor, tetapi karena radon merupakan unsur radioaktif menjadikan senyawa yang terbentuk sukar dipelajari.</p>\r\n\r\n<p>Jika senyawa-senyawa fluorida dari xenon direaksikan dengan air akan terbentuk senyawa xenon yang lain. Persamaan kimianya:</p>\r\n\r\n<p>2XeF<sub>2</sub>&nbsp;+ 2H<sub>2</sub>O &rarr;2Xe + O<sub>2</sub>&nbsp;+ 4HF<br />\r\n6XeF<sub>4</sub>&nbsp;+ 12H<sub>2</sub>O &rarr;2XeO<sub>3</sub>&nbsp;+ 4Xe + 3O<sub>2</sub>&nbsp;+ 24HF<br />\r\nXeF<sub>6</sub>&nbsp;+ H<sub>2</sub>O &rarr;XeOF<sub>4</sub>&nbsp;+ 2HF</p>\r\n\r\n<p>Xenon trioksida, XeO<sub>3</sub>&nbsp;merupakan oksida xenon yang paling utama. XeO<sub>3</sub>&nbsp;memiliki bentuk padat berwarna putih dan bersifat eksplosif. Akan tetapi, jika dilarutkan dalam air, sifat eksplosif XeO<sub>3</sub>&nbsp;akan hilang sebab terbentuk senyawa asam ksenat, H<sub>2</sub>XeO<sub>4</sub>, yang bersifat oksidator kuat.</p>\r\n\r\n<p>Xenon trioksida dapat juga bereaksi dengan suatu basa, seperti NaOH membentuk garam ksenat dan garam perksenat. Persamaan kimianya:</p>\r\n\r\n<p>XeO<sub>3</sub>&nbsp;+ NaOH &rarr;NaHXeO<sub>4</sub>&nbsp;(natrium ksenat)<br />\r\n4NaHXeO<sub>4</sub>&nbsp;+ 8NaOH &rarr;3Na<sub>4</sub>XeO<sub>6</sub>&nbsp;+ Xe + 6H<sub>2</sub>O</p>', 4, 1, 1, '2017-12-18 04:38:25', '2017-12-18 04:38:25', NULL),
(84, 13, 'Pengendalian Korosi', 'Pengendalian Korosi', NULL, 'korosi logam tidak dapat dicegah, tetapi dapat dikendalikan seminimal mungkin. Ada tiga metode umum untuk mengendalikan korosi, yaitu pelapisan (coating), proteksi katodik, dan penambahan zat inhibitor korosi.', '<h2>Pengendalian Korosi Metode Pelapisan (Coating)</h2>\r\n\r\n<p>Metode pelapisan adalah suatu upaya mengendalikan korosi dengan menerapkan suatu lapisan pada permukaan logam besi. Misalnya, dengan pengecatan atau penyepuhan logam.</p>\r\n\r\n<p>Penyepuhan besi biasanya menggunakan logam krom atau timah. Kedua logam ini dapat membentuk lapisan oksida yang tahan terhadap karat (pasivasi) sehingga besi terlindung dari korosi. Pasivasi adalah pembentukan lapisan film permukaan dari oksida logam hasil oksidasi yang tahan terhadap korosi sehingga dapat mencegah korosi lebih lanjut.</p>\r\n\r\n<p>Logam seng juga digunakan untuk melapisi besi (galvanisir), tetapi seng tidak membentuk lapisan oksida seperti pada krom atau timah, melainkan berkorban demi besi. Seng adalah logam yang lebih reaktif dari besi, seperti dapat dilihat dari potensial setengah reaksi oksidasinya:<br />\r\nZn(s) &rarr;Zn<sup>2+</sup>(aq) + 2e<sup>&ndash;</sup>&nbsp;&nbsp;&nbsp; E<sup>o</sup>= &ndash;0,44 V<br />\r\nFe(s) &rarr;Fe<sup>2+</sup>(g) + 2e<sup>&ndash;</sup>&nbsp;&nbsp;&nbsp;&nbsp;&nbsp; E<sup>o</sup>= &ndash;0,76 V</p>\r\n\r\n<p>Oleh karena itu, seng akan terkorosi terlebih dahulu daripada besi. Jika pelapis seng habis maka besi akan terkorosi bahkan lebih cepat dari keadaan normal (tanpa seng).</p>\r\n\r\n<p>Paduan logam juga merupakan metode untuk mengendalikan korosi. Baja stainless steel terdiri atas baja karbon yang mengandung sejumlah kecil krom dan nikel. Kedua logam tersebut membentuk lapisan oksida yang mengubah potensial reduksi baja menyerupai sifat logam mulia sehingga tidak terkorosi.</p>\r\n\r\n<h2>Pengendalian Korosi Metode Proteksi Katodik</h2>\r\n\r\n<p>&nbsp;</p>\r\n\r\n<p>Proteksi katodik adalah metode yang sering diterapkan untuk mengendalikan korosi besi yang dipendam dalam tanah, seperti pipa ledeng, pipa pertamina, dan tanki penyimpan BBM. Logam reaktif seperti magnesium dihubungkan dengan pipa besi. Oleh karena logam Mg merupakan reduktor yang lebih reaktif dari besi, Mg akan teroksidasi terlebih dahulu. Jika semua logam Mg sudah menjadi oksida maka besi akan terkorosi. Proteksi katodik ditunjukkan pada gambar disamping.</p>\r\n\r\n<p>Reaksi yang terjadi dapat ditulis sebagai berikut.</p>\r\n\r\n<p>Anode : 2Mg(s) &rarr; 2Mg<sup>2+</sup>(aq) + 4e<sup>&ndash;</sup><br />\r\nKatode : O<sub>2</sub>(g) + 2H<sub>2</sub>O (l) + 4e<sup>&ndash;</sup>&nbsp;&rarr; 4OH<sup>&ndash;</sup>(aq)<br />\r\nReaksi : 2Mg(s) + O<sub>2</sub>(g) + 2H<sub>2</sub>O &rarr; 2Mg(OH)<sub>2</sub>(s)</p>\r\n\r\n<p>Oleh sebab itu, logam magnesium harus selalu diganti dengan yang baru dan selalu diperiksa agar jangan sampai habis karena berubah menjadi hidroksidanya.</p>\r\n\r\n<h2>Pengendalian Korosi Metode Penambahan Zat Inhibitor</h2>\r\n\r\n<p>Inhibitor adalah zat kimia yang ditambahkan ke dalam suatu lingkungan korosif dengan kadar sangat kecil (ukuran ppm) guna mengendalikan korosi.&nbsp;<br />\r\nInhibitor korosi dapat dikelompokkan berdasarkan mekanisme pengendaliannya, yaitu inhibitor anodik, inhibitor katodik, inhibitor campuran, dan inhibitor teradsorpsi.</p>\r\n\r\n<p>1) Inhibitor anodik<br />\r\nInhibitor anodik adalah senyawa kimia yang mengendalikan&nbsp;<a href=\"http://materi-kimia-sma.blogspot.com/2013/12/korosi.html\" target=\"_blank\" title=\"Korosi\">korosi</a>&nbsp;dengan cara menghambat transfer ion-ion logam ke dalam air. Contoh inhibitor anodik yang banyak digunakan adalah senyawa kromat dan senyawa molibdat.</p>\r\n\r\n<p>2) Inhibitor katodik<br />\r\nInhibitor katodik adalah senyawa kimia yang mengendalikan korosi dengan cara menghambat salah satu tahap dari proses katodik, misalnya penangkapan gas oksigen (oxygen scavenger) atau pengikatan ion-ion hidrogen. Contoh inhibitor katodik adalah hidrazin, tannin, dan garam sulfit.</p>\r\n\r\n<p>3) Inhibitor campuran<br />\r\nInhibitor campuran mengendalikan korosi dengan cara menghambat proses di katodik dan anodik secara bersamaan. Pada umumnya inhibitor komersial berfungsi ganda, yaitu sebagai inhibitor katodik dan anodik. Contoh inhibitor jenis ini adalah senyawa silikat, molibdat, dan fosfat.</p>\r\n\r\n<p>4) Inhibitor teradsorpsi<br />\r\nInhibitor teradsorpsi umumnya senyawa organik yang dapat mengisolasi permukaan logam dari lingkungan korosif dengan cara membentuk film tipis yang teradsorpsi pada permukaan logam. Contoh jenis inhibitor ini adalah merkaptobenzotiazol dan 1,3,5,7&ndash;tetraaza&ndash;adamantane.</p>', 5, 1, 1, '2017-12-18 04:58:40', '2017-12-18 04:58:40', NULL);

-- --------------------------------------------------------

--
-- Struktur dari tabel `lesson_student`
--

CREATE TABLE `lesson_student` (
  `lesson_id` int(10) UNSIGNED DEFAULT NULL,
  `user_id` int(10) UNSIGNED DEFAULT NULL,
  `created_at` timestamp NULL DEFAULT NULL,
  `updated_at` timestamp NULL DEFAULT NULL
) ENGINE=InnoDB DEFAULT CHARSET=utf8mb4 COLLATE=utf8mb4_unicode_ci;

--
-- Dumping data untuk tabel `lesson_student`
--

INSERT INTO `lesson_student` (`lesson_id`, `user_id`, `created_at`, `updated_at`) VALUES
(1, 2, '2017-12-17 01:30:29', '2017-12-17 01:30:29'),
(10, 2, '2017-12-17 01:33:32', '2017-12-17 01:33:32'),
(51, 2, '2017-12-17 01:41:06', '2017-12-17 01:41:06'),
(52, 2, '2017-12-17 02:06:54', '2017-12-17 02:06:54'),
(52, 1, '2017-12-17 02:19:37', '2017-12-17 02:19:37');

-- --------------------------------------------------------

--
-- Struktur dari tabel `media`
--

CREATE TABLE `media` (
  `id` int(10) UNSIGNED NOT NULL,
  `model_id` int(10) UNSIGNED DEFAULT NULL,
  `model_type` varchar(191) COLLATE utf8mb4_unicode_ci DEFAULT NULL,
  `collection_name` varchar(191) COLLATE utf8mb4_unicode_ci NOT NULL,
  `name` varchar(191) COLLATE utf8mb4_unicode_ci NOT NULL,
  `file_name` varchar(191) COLLATE utf8mb4_unicode_ci NOT NULL,
  `disk` varchar(191) COLLATE utf8mb4_unicode_ci NOT NULL,
  `size` int(10) UNSIGNED NOT NULL,
  `manipulations` text COLLATE utf8mb4_unicode_ci NOT NULL,
  `custom_properties` text COLLATE utf8mb4_unicode_ci NOT NULL,
  `order_column` int(10) UNSIGNED DEFAULT NULL,
  `created_at` timestamp NULL DEFAULT NULL,
  `updated_at` timestamp NULL DEFAULT NULL
) ENGINE=InnoDB DEFAULT CHARSET=utf8mb4 COLLATE=utf8mb4_unicode_ci;

--
-- Dumping data untuk tabel `media`
--

INSERT INTO `media` (`id`, `model_id`, `model_type`, `collection_name`, `name`, `file_name`, `disk`, `size`, `manipulations`, `custom_properties`, `order_column`, `created_at`, `updated_at`) VALUES
(1, 51, 'App\\Lesson', 'downloadable_files', 'smartcr_vol3no3p2', 'smartcr_vol3no3p2.pdf', 'media', 937173, '[]', '[]', 1, '2017-12-17 01:40:34', '2017-12-17 01:40:35');

-- --------------------------------------------------------

--
-- Struktur dari tabel `migrations`
--

CREATE TABLE `migrations` (
  `id` int(10) UNSIGNED NOT NULL,
  `migration` varchar(191) COLLATE utf8mb4_unicode_ci NOT NULL,
  `batch` int(11) NOT NULL
) ENGINE=InnoDB DEFAULT CHARSET=utf8mb4 COLLATE=utf8mb4_unicode_ci;

--
-- Dumping data untuk tabel `migrations`
--

INSERT INTO `migrations` (`id`, `migration`, `batch`) VALUES
(1, '2014_10_12_100000_create_password_resets_table', 1),
(2, '2017_07_19_082005_create_1500441605_permissions_table', 1),
(3, '2017_07_19_082006_create_1500441606_roles_table', 1),
(4, '2017_07_19_082009_create_1500441609_users_table', 1),
(5, '2017_07_19_082347_create_1500441827_courses_table', 1),
(6, '2017_07_19_082723_create_1500442043_lessons_table', 1),
(7, '2017_07_19_082724_create_media_table', 1),
(8, '2017_07_19_082929_create_1500442169_questions_table', 1),
(9, '2017_07_19_083047_create_1500442247_questions_options_table', 1),
(10, '2017_07_19_083236_create_1500442356_tests_table', 1),
(11, '2017_07_19_120427_create_596eec08307cd_permission_role_table', 1),
(12, '2017_07_19_120430_create_596eec0af366b_role_user_table', 1),
(13, '2017_07_19_120808_create_596eece522a6e_course_user_table', 1),
(14, '2017_07_19_121657_create_596eeef709839_question_test_table', 1),
(15, '2017_08_14_085956_create_course_students_table', 1),
(16, '2017_08_17_051131_create_tests_results_table', 1),
(17, '2017_08_17_051254_create_tests_results_answers_table', 1),
(18, '2017_08_18_054622_create_lesson_student_table', 1),
(19, '2017_08_18_060324_add_rating_to_course_student_table', 1);

-- --------------------------------------------------------

--
-- Struktur dari tabel `password_resets`
--

CREATE TABLE `password_resets` (
  `email` varchar(191) COLLATE utf8mb4_unicode_ci NOT NULL,
  `token` varchar(191) COLLATE utf8mb4_unicode_ci NOT NULL,
  `created_at` timestamp NULL DEFAULT NULL
) ENGINE=InnoDB DEFAULT CHARSET=utf8mb4 COLLATE=utf8mb4_unicode_ci;

-- --------------------------------------------------------

--
-- Struktur dari tabel `permissions`
--

CREATE TABLE `permissions` (
  `id` int(10) UNSIGNED NOT NULL,
  `title` varchar(191) COLLATE utf8mb4_unicode_ci NOT NULL,
  `created_at` timestamp NULL DEFAULT NULL,
  `updated_at` timestamp NULL DEFAULT NULL
) ENGINE=InnoDB DEFAULT CHARSET=utf8mb4 COLLATE=utf8mb4_unicode_ci;

--
-- Dumping data untuk tabel `permissions`
--

INSERT INTO `permissions` (`id`, `title`, `created_at`, `updated_at`) VALUES
(1, 'user_management_access', '2017-12-15 01:54:55', '2017-12-15 01:54:55'),
(2, 'user_management_create', '2017-12-15 01:54:55', '2017-12-15 01:54:55'),
(3, 'user_management_edit', '2017-12-15 01:54:55', '2017-12-15 01:54:55'),
(4, 'user_management_view', '2017-12-15 01:54:55', '2017-12-15 01:54:55'),
(5, 'user_management_delete', '2017-12-15 01:54:55', '2017-12-15 01:54:55'),
(6, 'permission_access', '2017-12-15 01:54:55', '2017-12-15 01:54:55'),
(7, 'permission_create', '2017-12-15 01:54:55', '2017-12-15 01:54:55'),
(8, 'permission_edit', '2017-12-15 01:54:55', '2017-12-15 01:54:55'),
(9, 'permission_view', '2017-12-15 01:54:55', '2017-12-15 01:54:55'),
(10, 'permission_delete', '2017-12-15 01:54:55', '2017-12-15 01:54:55'),
(11, 'role_access', '2017-12-15 01:54:55', '2017-12-15 01:54:55'),
(12, 'role_create', '2017-12-15 01:54:56', '2017-12-15 01:54:56'),
(13, 'role_edit', '2017-12-15 01:54:56', '2017-12-15 01:54:56'),
(14, 'role_view', '2017-12-15 01:54:56', '2017-12-15 01:54:56'),
(15, 'role_delete', '2017-12-15 01:54:56', '2017-12-15 01:54:56'),
(16, 'user_access', '2017-12-15 01:54:56', '2017-12-15 01:54:56'),
(17, 'user_create', '2017-12-15 01:54:56', '2017-12-15 01:54:56'),
(18, 'user_edit', '2017-12-15 01:54:56', '2017-12-15 01:54:56'),
(19, 'user_view', '2017-12-15 01:54:56', '2017-12-15 01:54:56'),
(20, 'user_delete', '2017-12-15 01:54:56', '2017-12-15 01:54:56'),
(21, 'course_access', '2017-12-15 01:54:56', '2017-12-15 01:54:56'),
(22, 'course_create', '2017-12-15 01:54:56', '2017-12-15 01:54:56'),
(23, 'course_edit', '2017-12-15 01:54:56', '2017-12-15 01:54:56'),
(24, 'course_view', '2017-12-15 01:54:56', '2017-12-15 01:54:56'),
(25, 'course_delete', '2017-12-15 01:54:56', '2017-12-15 01:54:56'),
(26, 'lesson_access', '2017-12-15 01:54:56', '2017-12-15 01:54:56'),
(27, 'lesson_create', '2017-12-15 01:54:56', '2017-12-15 01:54:56'),
(28, 'lesson_edit', '2017-12-15 01:54:56', '2017-12-15 01:54:56'),
(29, 'lesson_view', '2017-12-15 01:54:56', '2017-12-15 01:54:56'),
(30, 'lesson_delete', '2017-12-15 01:54:56', '2017-12-15 01:54:56'),
(31, 'question_access', '2017-12-15 01:54:57', '2017-12-15 01:54:57'),
(32, 'question_create', '2017-12-15 01:54:57', '2017-12-15 01:54:57'),
(33, 'question_edit', '2017-12-15 01:54:57', '2017-12-15 01:54:57'),
(34, 'question_view', '2017-12-15 01:54:57', '2017-12-15 01:54:57'),
(35, 'question_delete', '2017-12-15 01:54:57', '2017-12-15 01:54:57'),
(36, 'questions_option_access', '2017-12-15 01:54:57', '2017-12-15 01:54:57'),
(37, 'questions_option_create', '2017-12-15 01:54:57', '2017-12-15 01:54:57'),
(38, 'questions_option_edit', '2017-12-15 01:54:57', '2017-12-15 01:54:57'),
(39, 'questions_option_view', '2017-12-15 01:54:57', '2017-12-15 01:54:57'),
(40, 'questions_option_delete', '2017-12-15 01:54:57', '2017-12-15 01:54:57'),
(41, 'test_access', '2017-12-15 01:54:57', '2017-12-15 01:54:57'),
(42, 'test_create', '2017-12-15 01:54:57', '2017-12-15 01:54:57'),
(43, 'test_edit', '2017-12-15 01:54:57', '2017-12-15 01:54:57'),
(44, 'test_view', '2017-12-15 01:54:57', '2017-12-15 01:54:57'),
(45, 'test_delete', '2017-12-15 01:54:57', '2017-12-15 01:54:57');

-- --------------------------------------------------------

--
-- Struktur dari tabel `permission_role`
--

CREATE TABLE `permission_role` (
  `permission_id` int(10) UNSIGNED DEFAULT NULL,
  `role_id` int(10) UNSIGNED DEFAULT NULL
) ENGINE=InnoDB DEFAULT CHARSET=utf8mb4 COLLATE=utf8mb4_unicode_ci;

--
-- Dumping data untuk tabel `permission_role`
--

INSERT INTO `permission_role` (`permission_id`, `role_id`) VALUES
(1, 1),
(2, 1),
(3, 1),
(4, 1),
(5, 1),
(6, 1),
(7, 1),
(8, 1),
(9, 1),
(10, 1),
(11, 1),
(12, 1),
(13, 1),
(14, 1),
(15, 1),
(16, 1),
(17, 1),
(18, 1),
(19, 1),
(20, 1),
(21, 1),
(22, 1),
(23, 1),
(24, 1),
(25, 1),
(26, 1),
(27, 1),
(28, 1),
(29, 1),
(30, 1),
(31, 1),
(32, 1),
(33, 1),
(34, 1),
(35, 1),
(36, 1),
(37, 1),
(38, 1),
(39, 1),
(40, 1),
(41, 1),
(42, 1),
(43, 1),
(44, 1),
(45, 1),
(1, 2),
(21, 2),
(22, 2),
(23, 2),
(24, 2),
(26, 2),
(27, 2),
(28, 2),
(29, 2),
(31, 2),
(32, 2),
(33, 2),
(34, 2),
(36, 2),
(37, 2),
(38, 2),
(39, 2),
(40, 2),
(41, 2),
(42, 2),
(43, 2),
(44, 2),
(45, 2),
(1, 3),
(21, 3),
(24, 3),
(26, 3),
(29, 3),
(31, 3),
(34, 3),
(36, 3),
(37, 3),
(38, 3),
(39, 3),
(40, 3),
(41, 3),
(44, 3);

-- --------------------------------------------------------

--
-- Struktur dari tabel `questions`
--

CREATE TABLE `questions` (
  `id` int(10) UNSIGNED NOT NULL,
  `question` text COLLATE utf8mb4_unicode_ci NOT NULL,
  `question_image` varchar(191) COLLATE utf8mb4_unicode_ci DEFAULT NULL,
  `score` int(11) DEFAULT NULL,
  `created_at` timestamp NULL DEFAULT NULL,
  `updated_at` timestamp NULL DEFAULT NULL,
  `deleted_at` timestamp NULL DEFAULT NULL
) ENGINE=InnoDB DEFAULT CHARSET=utf8mb4 COLLATE=utf8mb4_unicode_ci;

--
-- Dumping data untuk tabel `questions`
--

INSERT INTO `questions` (`id`, `question`, `question_image`, `score`, `created_at`, `updated_at`, `deleted_at`) VALUES
(1, 'Aspernatur doloremque quam accusamus voluptatem.?', NULL, 1, '2017-12-15 01:55:20', '2017-12-17 01:42:47', '2017-12-17 01:42:47'),
(2, 'Suscipit soluta alias quo et et excepturi.?', NULL, 1, '2017-12-15 01:55:20', '2017-12-17 01:42:47', '2017-12-17 01:42:47'),
(3, 'Voluptatem nulla cumque vel dolor consequatur.?', NULL, 1, '2017-12-15 01:55:20', '2017-12-17 01:42:47', '2017-12-17 01:42:47'),
(4, 'Ut provident quia aut esse quos.?', NULL, 1, '2017-12-15 01:55:20', '2017-12-17 01:42:47', '2017-12-17 01:42:47'),
(5, 'Rerum in qui magni rerum praesentium id.?', NULL, 1, '2017-12-15 01:55:21', '2017-12-17 01:42:48', '2017-12-17 01:42:48'),
(6, 'Aut ducimus voluptate voluptatibus qui.?', NULL, 1, '2017-12-15 01:55:21', '2017-12-17 01:42:48', '2017-12-17 01:42:48'),
(7, 'Harum alias voluptatum culpa.?', NULL, 1, '2017-12-15 01:55:21', '2017-12-17 01:42:48', '2017-12-17 01:42:48'),
(8, 'Perspiciatis ipsa et quaerat nemo accusantium.?', NULL, 1, '2017-12-15 01:55:21', '2017-12-17 01:42:48', '2017-12-17 01:42:48'),
(9, 'Velit sint labore aliquid voluptas cupiditate.?', NULL, 1, '2017-12-15 01:55:21', '2017-12-17 01:42:48', '2017-12-17 01:42:48'),
(10, 'Veniam similique iste nesciunt.?', NULL, 1, '2017-12-15 01:55:21', '2017-12-17 01:42:48', '2017-12-17 01:42:48'),
(11, 'Possimus fugiat aliquam architecto quae.?', NULL, 1, '2017-12-15 01:55:21', '2017-12-17 01:42:48', '2017-12-17 01:42:48'),
(12, 'Incidunt ut quos minus soluta officia esse ut.?', NULL, 1, '2017-12-15 01:55:21', '2017-12-17 01:42:48', '2017-12-17 01:42:48'),
(13, 'Autem est ut officiis aperiam odit ducimus.?', NULL, 1, '2017-12-15 01:55:21', '2017-12-17 01:42:48', '2017-12-17 01:42:48'),
(14, 'Dolorem ab incidunt facilis illo.?', NULL, 1, '2017-12-15 01:55:21', '2017-12-17 01:42:48', '2017-12-17 01:42:48'),
(15, 'Et nam omnis voluptatem beatae molestias.?', NULL, 1, '2017-12-15 01:55:21', '2017-12-17 01:42:48', '2017-12-17 01:42:48'),
(16, 'Recusandae delectus velit corrupti sed ut.?', NULL, 1, '2017-12-15 01:55:21', '2017-12-17 01:42:48', '2017-12-17 01:42:48'),
(17, 'Aut velit sequi quibusdam.?', NULL, 1, '2017-12-15 01:55:21', '2017-12-17 01:42:48', '2017-12-17 01:42:48'),
(18, 'Modi incidunt suscipit aliquam adipisci.?', NULL, 1, '2017-12-15 01:55:22', '2017-12-17 01:42:48', '2017-12-17 01:42:48'),
(19, 'Qui ea ut velit voluptatem ullam.?', NULL, 1, '2017-12-15 01:55:22', '2017-12-17 01:42:48', '2017-12-17 01:42:48'),
(20, 'Aut facere iste sed non et aspernatur minus.?', NULL, 1, '2017-12-15 01:55:22', '2017-12-17 01:42:48', '2017-12-17 01:42:48'),
(21, 'Qui asperiores sed qui vitae.?', NULL, 1, '2017-12-15 01:55:22', '2017-12-17 01:42:49', '2017-12-17 01:42:49'),
(22, 'Non sint quaerat et in et.?', NULL, 1, '2017-12-15 01:55:22', '2017-12-17 01:42:49', '2017-12-17 01:42:49'),
(23, 'Officia quidem incidunt sit dolore et et.?', NULL, 1, '2017-12-15 01:55:22', '2017-12-17 01:42:49', '2017-12-17 01:42:49'),
(24, 'Molestias est magnam et placeat.?', NULL, 1, '2017-12-15 01:55:22', '2017-12-17 01:42:49', '2017-12-17 01:42:49'),
(25, 'Voluptatem deleniti dolor repellendus pariatur.?', NULL, 1, '2017-12-15 01:55:22', '2017-12-17 01:42:49', '2017-12-17 01:42:49'),
(26, 'Distinctio et sint ducimus non quae doloremque.?', NULL, 1, '2017-12-15 01:55:22', '2017-12-17 01:42:49', '2017-12-17 01:42:49'),
(27, 'Omnis sit et consequatur ipsum aut.?', NULL, 1, '2017-12-15 01:55:22', '2017-12-17 01:42:49', '2017-12-17 01:42:49'),
(28, 'Cumque voluptatem molestiae quis necessitatibus.?', NULL, 1, '2017-12-15 01:55:22', '2017-12-17 01:42:49', '2017-12-17 01:42:49'),
(29, 'Nemo sint deleniti ea.?', NULL, 1, '2017-12-15 01:55:22', '2017-12-17 01:42:49', '2017-12-17 01:42:49'),
(30, 'Deserunt consequatur provident id odio.?', NULL, 1, '2017-12-15 01:55:22', '2017-12-17 01:42:49', '2017-12-17 01:42:49'),
(31, 'Est quia accusamus voluptatem eaque eaque et.?', NULL, 1, '2017-12-15 01:55:23', '2017-12-17 01:42:49', '2017-12-17 01:42:49'),
(32, 'Autem quia sunt amet dignissimos vitae.?', NULL, 1, '2017-12-15 01:55:23', '2017-12-17 01:42:49', '2017-12-17 01:42:49'),
(33, 'Atque sed odit cumque eum aliquam accusamus vero.?', NULL, 1, '2017-12-15 01:55:23', '2017-12-17 01:42:49', '2017-12-17 01:42:49'),
(34, 'Quasi nobis architecto iste eveniet mollitia.?', NULL, 1, '2017-12-15 01:55:23', '2017-12-17 01:42:49', '2017-12-17 01:42:49'),
(35, 'Ullam recusandae deleniti qui aut sed.?', NULL, 1, '2017-12-15 01:55:23', '2017-12-17 01:42:50', '2017-12-17 01:42:50'),
(36, 'Debitis ullam ullam ullam iure mollitia.?', NULL, 1, '2017-12-15 01:55:23', '2017-12-17 01:42:50', '2017-12-17 01:42:50'),
(37, 'Suscipit omnis qui sed dolorum ut modi.?', NULL, 1, '2017-12-15 01:55:23', '2017-12-17 01:42:50', '2017-12-17 01:42:50'),
(38, 'A unde cumque sint rerum tempore suscipit.?', NULL, 1, '2017-12-15 01:55:23', '2017-12-17 01:42:50', '2017-12-17 01:42:50'),
(39, 'Beatae ea sint totam nihil odio tempora.?', NULL, 1, '2017-12-15 01:55:23', '2017-12-17 01:42:50', '2017-12-17 01:42:50'),
(40, 'Et nemo id voluptas et eaque tempore ea.?', NULL, 1, '2017-12-15 01:55:23', '2017-12-17 01:42:50', '2017-12-17 01:42:50'),
(41, 'Labore sit sit voluptatibus eaque.?', NULL, 1, '2017-12-15 01:55:23', '2017-12-17 01:42:50', '2017-12-17 01:42:50'),
(42, 'Harum nesciunt quo expedita nulla doloribus.?', NULL, 1, '2017-12-15 01:55:23', '2017-12-17 01:42:50', '2017-12-17 01:42:50'),
(43, 'Aut fuga odio sapiente et et eius odit quae.?', NULL, 1, '2017-12-15 01:55:24', '2017-12-17 01:42:50', '2017-12-17 01:42:50'),
(44, 'Rerum animi aut ducimus est sit.?', NULL, 1, '2017-12-15 01:55:24', '2017-12-17 01:42:50', '2017-12-17 01:42:50'),
(45, 'Voluptas illum cum earum quidem.?', NULL, 1, '2017-12-15 01:55:24', '2017-12-17 01:42:50', '2017-12-17 01:42:50'),
(46, 'A praesentium ut quis laboriosam illum dolore.?', NULL, 1, '2017-12-15 01:55:24', '2017-12-17 01:42:50', '2017-12-17 01:42:50'),
(47, 'Aut dicta officiis natus et.?', NULL, 1, '2017-12-15 01:55:24', '2017-12-17 01:42:50', '2017-12-17 01:42:50'),
(48, 'Accusamus qui vitae ut vel sint doloremque.?', NULL, 1, '2017-12-15 01:55:24', '2017-12-17 01:42:50', '2017-12-17 01:42:50'),
(49, 'Fuga quia rem quo nihil pariatur.?', NULL, 1, '2017-12-15 01:55:24', '2017-12-17 01:42:50', '2017-12-17 01:42:50'),
(50, 'Esse architecto nemo et.?', NULL, 1, '2017-12-15 01:55:24', '2017-12-17 01:42:50', '2017-12-17 01:42:50'),
(51, 'What is this ?', '1513499489-html.jpg', 1, '2017-12-17 01:27:02', '2017-12-17 01:42:50', '2017-12-17 01:42:50'),
(52, '200 + 3 * 400', '1513499904-fotoku.jpg', 1, '2017-12-17 01:38:25', '2017-12-17 01:42:50', '2017-12-17 01:42:50'),
(53, 'Text 1 is for questions no. 1  4\r\n\r\nFaiz and Rizqi is in the cinema to watch a movie. Suddenly they meets Aji, Friend of Faiz\r\noutside of the cinema.\r\nFaiz : Hello Aji, Good Afternoon.\r\nAji : Good Afternoon, Faiz (1)..........................?\r\nFaiz : Im fine thank you and how about you?\r\nAji : (2).................................\r\nFaiz : Oh, this is my friend, Rizki.\r\nAji : Hello Rizki, my name is Aji. (3)...........................\r\nRizki : Hi, my name is Rizki. Nice to meet you too.\r\nFaiz : Well Aji, I think we have to go now, the movie is started to play.\r\nAji : Oh okay, (4)...........................\r\nFaiz : See you.', NULL, 1, '2017-12-17 01:58:54', '2017-12-17 02:08:16', NULL),
(54, 'the answer is ..', NULL, 1, '2017-12-17 01:59:55', '2017-12-17 02:07:42', NULL),
(55, 'the answer is ..', NULL, 1, '2017-12-17 02:01:16', '2017-12-17 02:07:50', NULL),
(56, 'the answer is ..', NULL, 1, '2017-12-17 02:05:42', '2017-12-17 02:08:00', NULL),
(57, 'Ciko : .................., where are you going?\r\n<br>Vita : Good afternoon, Ill have lunch at the canteen.\r\nCiko : Lets go together.', NULL, 1, '2017-12-17 02:06:39', '2017-12-17 02:11:38', NULL),
(58, 'Sinta : Hello Dina! My father gave me this phone two days ago. Im so happy\r\nDina : That\'s good !\r\nThe underlined sentence expresses ', NULL, 1, '2017-12-17 02:38:35', '2017-12-17 02:38:35', NULL),
(59, 'Hilal : I get the birthday present from my boyfriend, yesterday !\r\nMimi : _____________', NULL, 1, '2017-12-17 02:43:39', '2017-12-17 02:43:39', NULL),
(60, 'Azhar : What\'s wrong with your camera, Tom?\r\nTommy : The lense doesn\'t focus well. Azhar ........?\r\nTommy : No, thanks. I can fix it myself.', NULL, 1, '2017-12-17 03:16:06', '2017-12-17 03:16:06', NULL),
(61, 'Dayu   : Who won the football match yesterday?\r\n\r\nUdin    : Our team did. We won two to one.\r\n\r\nDayu   : Well done. _________________________.\r\n\r\nUdin    : Thank you.', NULL, 1, '2017-12-17 03:24:39', '2017-12-17 03:24:39', NULL),
(62, 'Makhluk hidup dibagi menjadi dua kingdom. Pernyataan ini dikemukakan oleh .', NULL, 1, '2017-12-18 05:03:11', '2017-12-18 05:03:11', NULL),
(63, 'Pemberian tata nama ganda diatur dalam Kode Internasional yang disebut dengan .', NULL, 1, '2017-12-18 05:03:58', '2017-12-18 05:03:58', NULL),
(64, 'Tingkatan terendah dari klasifikasi tumbuhan dan hewan adalah .', NULL, 1, '2017-12-18 05:05:40', '2017-12-18 05:05:40', NULL),
(65, 'Urutan takson tumbuhan dari kelompok terbesar ke kelompok terkecil adalah .', NULL, 1, '2017-12-18 05:06:30', '2017-12-18 05:06:30', NULL),
(66, 'Suku kata pertama pada tata cara pemberian nama ganda menunjukkan .', NULL, 1, '2017-12-18 05:07:13', '2017-12-18 05:07:13', NULL),
(67, 'Ukuran virus sangat kecil, yaitu .', NULL, 1, '2017-12-18 05:44:37', '2017-12-18 05:44:37', NULL),
(68, 'Virus tersusun atas selubung protein yang disebut .', NULL, 1, '2017-12-18 05:45:44', '2017-12-18 05:45:44', NULL),
(69, 'Virus mengambil alih fungsi DNA bakteri. Tujuan tindakan virus ini adalah .', NULL, 1, '2017-12-18 06:01:57', '2017-12-18 06:01:57', NULL),
(70, 'Virus mengambil alih fungsi DNA bakteri. Tujuan tindakan virus ini adalah .', NULL, 1, '2017-12-18 06:03:12', '2017-12-18 06:03:12', NULL),
(71, 'Ciri organisme prokariotik adalah', NULL, 1, '2017-12-18 06:06:53', '2017-12-18 06:06:53', NULL),
(72, 'Semua jenis dalam kingdom Eubacteria memiliki ciri ...', NULL, 1, '2017-12-18 06:08:33', '2017-12-18 06:08:33', NULL),
(73, 'Eubacteria dan Archaebacteria dianggap sebagai dua kingdom yang berbeda. Akan tetapi, keduanya memiliki ciri yang sama yaitu ...', NULL, 1, '2017-12-18 06:09:49', '2017-12-18 06:09:49', NULL),
(74, 'Jika bakteri bentuk bulat, berkelompok memanjang membentuk rantai, maka dinamakan', NULL, 1, '2017-12-18 06:10:47', '2017-12-18 06:10:47', NULL),
(75, 'Sel bakteri sama seperti sel tumbuhan karena memilikidinding sel. Akan tetapi struktur dinding sel bakteri berbeda dengan struktur dinding sel tumbuhan karena struktur sel bakteri tersusun atas ...', NULL, 1, '2017-12-18 06:13:13', '2017-12-18 06:13:13', NULL),
(76, 'Berikut ini yang termasuk ciri-ciri protista yaitu..', NULL, 1, '2017-12-18 06:43:16', '2017-12-18 06:43:16', NULL),
(77, 'Berikut ini yang bukan merupakan hal yang membedakan jamur dengan tumbuhan yaitu...', NULL, 1, '2017-12-18 07:12:58', '2017-12-18 07:12:58', NULL),
(78, 'Di bawah ini yang merupakan besaran turunan adalah .', NULL, 1, '2017-12-18 07:26:10', '2017-12-18 07:26:10', NULL),
(79, 'Momentum memiliki dimensi yang sama dengan dimensi besaran .', NULL, 1, '2017-12-18 07:27:09', '2017-12-18 07:27:09', NULL),
(80, 'Setelah 2 s dari keadaan diam, kecepatan benda menjadi 4 m/s. Kemudian, benda bergerak dengan kecepatan konstan. Waktu total, dari waktu diam, yang dibutuhkan benda untuk mencapai jarak total 10 m adalah ..', NULL, 1, '2017-12-18 07:32:32', '2017-12-18 07:32:32', NULL),
(81, 'Sebuah kereta mendapat percepatan 2 m/s2 selama 10 s dari keadaan diam, lalu diperlambat dengan perlambatan 4 m/s2 sampai berhenti. Jarak total yang ditempuh kereta tersebut adalah .', NULL, 1, '2017-12-18 07:33:29', '2017-12-18 07:33:29', NULL),
(82, 'Seseorang memacu sepeda motor dari rumahnya ke arah utara sejauh 6 km, lalu berbelok ke timur sejauh 8 km. Posisi orang tersebut dari rumahnya setelah melakukan perjalanan tersebut adalah .', NULL, 1, '2017-12-18 07:34:15', '2017-12-18 07:34:15', NULL),
(83, 'Sebuah roda berdiameter 1 m melakukan 120 putaran per menit. Kecepatan linier suatu titik pada roda tersebut adalah  .', NULL, 1, '2017-12-18 07:41:54', '2017-12-18 07:41:54', NULL),
(84, 'Pernyataan berikut yang sesuai dengan hukum newton I. Bila resultan gaya yang bekerja pada benda sama dengan nol maka benda', NULL, 1, '2017-12-18 07:51:37', '2017-12-18 07:51:37', NULL),
(85, 'Kegunaan sinar inframerah dalam kehidupan sehari-hari adalah untuk ....', NULL, 1, '2017-12-18 08:02:15', '2017-12-18 08:02:15', NULL),
(86, 'Diantara senyawa berikut ini yang dapat dipakai sebagai obat pencuci perut adalah .', NULL, 1, '2017-12-18 08:04:41', '2017-12-18 08:04:41', NULL),
(87, 'Mineral berikut yang merupakan mangan adalah .', NULL, 1, '2017-12-18 08:08:29', '2017-12-18 08:08:29', NULL),
(88, 'Senyawa yang dapat bereaksi dengan NaOH dan H2SO4 adalah .', NULL, 1, '2017-12-18 08:10:31', '2017-12-18 08:10:31', NULL),
(89, 'Bila diberi muatan listrik, maka neon akan memancarkan cahaya berwarna....', NULL, 1, '2017-12-18 08:14:21', '2017-12-18 08:14:21', NULL),
(90, 'Faktor factor yang berasal dari lingkungan berikut ini dapat mempengaruhi korosi kecuali . . . . .', NULL, 1, '2017-12-18 08:16:53', '2017-12-18 08:16:53', NULL);

-- --------------------------------------------------------

--
-- Struktur dari tabel `questions_options`
--

CREATE TABLE `questions_options` (
  `id` int(10) UNSIGNED NOT NULL,
  `question_id` int(10) UNSIGNED DEFAULT NULL,
  `option_text` text COLLATE utf8mb4_unicode_ci NOT NULL,
  `correct` tinyint(4) DEFAULT '0',
  `created_at` timestamp NULL DEFAULT NULL,
  `updated_at` timestamp NULL DEFAULT NULL,
  `deleted_at` timestamp NULL DEFAULT NULL
) ENGINE=InnoDB DEFAULT CHARSET=utf8mb4 COLLATE=utf8mb4_unicode_ci;

--
-- Dumping data untuk tabel `questions_options`
--

INSERT INTO `questions_options` (`id`, `question_id`, `option_text`, `correct`, `created_at`, `updated_at`, `deleted_at`) VALUES
(1, 1, 'Et facilis odit provident et ipsa.?', 0, '2017-12-15 01:55:24', '2017-12-17 23:47:11', '2017-12-17 23:47:11'),
(2, 1, 'Consequuntur fugiat beatae et commodi.?', 1, '2017-12-15 01:55:24', '2017-12-17 23:47:12', '2017-12-17 23:47:12'),
(3, 1, 'Nulla saepe pariatur qui unde.?', 0, '2017-12-15 01:55:25', '2017-12-17 23:47:12', '2017-12-17 23:47:12'),
(4, 1, 'Et rerum quisquam at recusandae in.?', 0, '2017-12-15 01:55:25', '2017-12-17 23:47:12', '2017-12-17 23:47:12'),
(5, 2, 'Ut enim vero minima sint quasi quasi.?', 1, '2017-12-15 01:55:25', '2017-12-17 23:47:12', '2017-12-17 23:47:12'),
(6, 2, 'Et dolore culpa dolor earum.?', 1, '2017-12-15 01:55:25', '2017-12-17 23:47:12', '2017-12-17 23:47:12'),
(7, 2, 'Autem possimus non provident.?', 1, '2017-12-15 01:55:26', '2017-12-17 23:47:12', '2017-12-17 23:47:12'),
(8, 2, 'Et aut ad ipsa dolor quo totam.?', 0, '2017-12-15 01:55:26', '2017-12-17 23:47:12', '2017-12-17 23:47:12'),
(9, 3, 'Sunt nesciunt adipisci ad accusamus eos.?', 0, '2017-12-15 01:55:26', '2017-12-17 23:47:12', '2017-12-17 23:47:12'),
(10, 3, 'Beatae et sit enim corrupti eligendi qui dicta.?', 0, '2017-12-15 01:55:27', '2017-12-17 23:47:12', '2017-12-17 23:47:12'),
(11, 3, 'Et velit quibusdam a autem mollitia quo.?', 0, '2017-12-15 01:55:27', '2017-12-17 23:47:12', '2017-12-17 23:47:12'),
(12, 3, 'Alias vero maxime ducimus voluptatem.?', 1, '2017-12-15 01:55:27', '2017-12-17 23:47:12', '2017-12-17 23:47:12'),
(13, 4, 'Nihil voluptatem ex sapiente alias qui.?', 0, '2017-12-15 01:55:28', '2017-12-17 23:47:12', '2017-12-17 23:47:12'),
(14, 4, 'Et perspiciatis alias quidem eum quia et non.?', 1, '2017-12-15 01:55:28', '2017-12-17 23:47:12', '2017-12-17 23:47:12'),
(15, 4, 'Dolorum voluptate repellat accusantium commodi.?', 0, '2017-12-15 01:55:28', '2017-12-17 23:47:12', '2017-12-17 23:47:12'),
(16, 4, 'Facere commodi libero rerum dolorum.?', 0, '2017-12-15 01:55:28', '2017-12-17 23:47:12', '2017-12-17 23:47:12'),
(17, 5, 'Et quod eos officia animi perspiciatis.?', 1, '2017-12-15 01:55:28', '2017-12-17 23:47:12', '2017-12-17 23:47:12'),
(18, 5, 'Fugit et occaecati mollitia.?', 1, '2017-12-15 01:55:28', '2017-12-17 23:47:12', '2017-12-17 23:47:12'),
(19, 5, 'Voluptatem dignissimos ut culpa.?', 1, '2017-12-15 01:55:28', '2017-12-17 23:47:12', '2017-12-17 23:47:12'),
(20, 5, 'Delectus dolor sint ut ea sit atque corrupti.?', 1, '2017-12-15 01:55:28', '2017-12-17 23:47:12', '2017-12-17 23:47:12'),
(21, 6, 'Vel et ad ratione quidem.?', 1, '2017-12-15 01:55:28', '2017-12-17 23:47:12', '2017-12-17 23:47:12'),
(22, 6, 'Et porro et consequuntur aperiam similique.?', 0, '2017-12-15 01:55:28', '2017-12-17 23:47:13', '2017-12-17 23:47:13'),
(23, 6, 'Quia error est porro ipsa similique.?', 1, '2017-12-15 01:55:29', '2017-12-17 23:47:13', '2017-12-17 23:47:13'),
(24, 6, 'Dolorem sequi vel illo quia incidunt.?', 0, '2017-12-15 01:55:29', '2017-12-17 23:47:13', '2017-12-17 23:47:13'),
(25, 7, 'Ipsa magnam in ea necessitatibus quos.?', 1, '2017-12-15 01:55:29', '2017-12-17 23:47:13', '2017-12-17 23:47:13'),
(26, 7, 'Est porro autem veniam labore praesentium.?', 1, '2017-12-15 01:55:29', '2017-12-17 23:47:13', '2017-12-17 23:47:13'),
(27, 7, 'Nulla vel autem odit sunt dolorum ipsa dolorem.?', 0, '2017-12-15 01:55:29', '2017-12-17 23:47:13', '2017-12-17 23:47:13'),
(28, 7, 'Ipsa alias sequi consequatur magnam et.?', 0, '2017-12-15 01:55:29', '2017-12-17 23:47:13', '2017-12-17 23:47:13'),
(29, 8, 'Placeat quidem placeat et eligendi enim.?', 0, '2017-12-15 01:55:30', '2017-12-17 23:47:13', '2017-12-17 23:47:13'),
(30, 8, 'Iure et voluptas rerum magni sint.?', 1, '2017-12-15 01:55:30', '2017-12-17 23:47:13', '2017-12-17 23:47:13'),
(31, 8, 'Excepturi porro voluptatem eum et est.?', 0, '2017-12-15 01:55:30', '2017-12-17 23:47:13', '2017-12-17 23:47:13'),
(32, 8, 'Non est at tenetur repellendus hic et.?', 0, '2017-12-15 01:55:30', '2017-12-17 23:47:13', '2017-12-17 23:47:13'),
(33, 9, 'Quae consectetur magnam et distinctio ipsum.?', 0, '2017-12-15 01:55:30', '2017-12-17 23:47:13', '2017-12-17 23:47:13'),
(34, 9, 'Eum excepturi eligendi dolores rerum.?', 1, '2017-12-15 01:55:30', '2017-12-17 23:47:13', '2017-12-17 23:47:13'),
(35, 9, 'Voluptatem illum eos cupiditate voluptatem magni.?', 1, '2017-12-15 01:55:30', '2017-12-17 23:47:13', '2017-12-17 23:47:13'),
(36, 9, 'Perspiciatis natus sunt dolore cumque ut.?', 0, '2017-12-15 01:55:30', '2017-12-17 23:47:13', '2017-12-17 23:47:13'),
(37, 10, 'Et qui quis unde.?', 1, '2017-12-15 01:55:30', '2017-12-17 23:47:14', '2017-12-17 23:47:14'),
(38, 10, 'Sint neque quia quia beatae molestiae et.?', 0, '2017-12-15 01:55:30', '2017-12-17 23:47:14', '2017-12-17 23:47:14'),
(39, 10, 'Omnis dolorem ipsum et.?', 0, '2017-12-15 01:55:30', '2017-12-17 23:47:14', '2017-12-17 23:47:14'),
(40, 10, 'Rerum aut voluptas consequatur est est in totam.?', 1, '2017-12-15 01:55:31', '2017-12-17 23:47:14', '2017-12-17 23:47:14'),
(41, 11, 'Ullam aut accusantium at quasi optio accusantium.?', 1, '2017-12-15 01:55:31', '2017-12-17 23:47:14', '2017-12-17 23:47:14'),
(42, 11, 'Vitae quia eveniet non commodi.?', 1, '2017-12-15 01:55:31', '2017-12-17 23:47:14', '2017-12-17 23:47:14'),
(43, 11, 'Sint reiciendis aut quos rerum ipsam.?', 0, '2017-12-15 01:55:31', '2017-12-17 23:47:14', '2017-12-17 23:47:14'),
(44, 11, 'Quia aut excepturi architecto nihil.?', 1, '2017-12-15 01:55:31', '2017-12-17 23:47:14', '2017-12-17 23:47:14'),
(45, 12, 'Sed quibusdam voluptates et quisquam magnam.?', 1, '2017-12-15 01:55:31', '2017-12-17 23:47:14', '2017-12-17 23:47:14'),
(46, 12, 'Quasi quia itaque corporis et.?', 1, '2017-12-15 01:55:31', '2017-12-17 23:47:14', '2017-12-17 23:47:14'),
(47, 12, 'Nesciunt itaque minima eveniet ut quod.?', 0, '2017-12-15 01:55:32', '2017-12-17 23:47:14', '2017-12-17 23:47:14'),
(48, 12, 'Voluptatem enim magni molestiae in vero.?', 1, '2017-12-15 01:55:32', '2017-12-17 23:47:14', '2017-12-17 23:47:14'),
(49, 13, 'Ea dolores vero cumque quasi.?', 0, '2017-12-15 01:55:32', '2017-12-17 23:47:14', '2017-12-17 23:47:14'),
(50, 13, 'Ipsa est ut natus rem.?', 1, '2017-12-15 01:55:32', '2017-12-17 23:47:14', '2017-12-17 23:47:14'),
(51, 13, 'Magnam dolorum quia facere perspiciatis rerum.?', 1, '2017-12-15 01:55:32', '2017-12-17 23:47:14', '2017-12-17 23:47:14'),
(52, 13, 'Rerum est praesentium ut sed sint error quasi.?', 1, '2017-12-15 01:55:32', '2017-12-17 23:47:14', '2017-12-17 23:47:14'),
(53, 14, 'Temporibus delectus quia dolores.?', 1, '2017-12-15 01:55:32', '2017-12-17 23:47:15', '2017-12-17 23:47:15'),
(54, 14, 'Earum qui iusto amet dolores quia illum.?', 1, '2017-12-15 01:55:32', '2017-12-17 23:47:15', '2017-12-17 23:47:15'),
(55, 14, 'Repudiandae vel voluptatem itaque et iure quia.?', 1, '2017-12-15 01:55:33', '2017-12-17 23:47:15', '2017-12-17 23:47:15'),
(56, 14, 'Eum vel nostrum modi ipsa corporis enim.?', 1, '2017-12-15 01:55:33', '2017-12-17 23:47:15', '2017-12-17 23:47:15'),
(57, 15, 'Ut deserunt enim fugiat sit.?', 1, '2017-12-15 01:55:33', '2017-12-17 23:47:15', '2017-12-17 23:47:15'),
(58, 15, 'Quia tempora asperiores dolore et accusamus.?', 0, '2017-12-15 01:55:33', '2017-12-17 23:47:15', '2017-12-17 23:47:15'),
(59, 15, 'Et non amet magni quae repellendus fugiat non.?', 1, '2017-12-15 01:55:33', '2017-12-17 23:47:15', '2017-12-17 23:47:15'),
(60, 15, 'Molestiae ab quia aut.?', 1, '2017-12-15 01:55:33', '2017-12-17 23:47:15', '2017-12-17 23:47:15'),
(61, 16, 'Est veritatis qui sunt ipsa et qui.?', 0, '2017-12-15 01:55:34', '2017-12-17 23:47:15', '2017-12-17 23:47:15'),
(62, 16, 'Voluptatem et ea non rerum dolorum sed.?', 1, '2017-12-15 01:55:34', '2017-12-17 23:47:15', '2017-12-17 23:47:15'),
(63, 16, 'Ea expedita sunt sapiente aliquid ipsa quis quia.?', 1, '2017-12-15 01:55:34', '2017-12-17 23:47:15', '2017-12-17 23:47:15'),
(64, 16, 'Quos ad nisi qui delectus.?', 1, '2017-12-15 01:55:34', '2017-12-17 23:47:15', '2017-12-17 23:47:15'),
(65, 17, 'Similique quis ut officia pariatur eos.?', 0, '2017-12-15 01:55:34', '2017-12-17 23:47:15', '2017-12-17 23:47:15'),
(66, 17, 'Dolor minima corrupti nihil vitae et facere.?', 0, '2017-12-15 01:55:34', '2017-12-17 23:47:15', '2017-12-17 23:47:15'),
(67, 17, 'Corporis dolorem nihil deserunt accusamus.?', 0, '2017-12-15 01:55:35', '2017-12-17 23:47:16', '2017-12-17 23:47:16'),
(68, 17, 'Adipisci nulla neque et impedit.?', 0, '2017-12-15 01:55:35', '2017-12-17 23:47:16', '2017-12-17 23:47:16'),
(69, 18, 'Dolor minus dolor sit perferendis.?', 1, '2017-12-15 01:55:35', '2017-12-17 23:47:16', '2017-12-17 23:47:16'),
(70, 18, 'Et omnis consectetur ipsa distinctio sit quia.?', 1, '2017-12-15 01:55:35', '2017-12-17 23:47:16', '2017-12-17 23:47:16'),
(71, 18, 'Necessitatibus nisi soluta ad.?', 1, '2017-12-15 01:55:35', '2017-12-17 23:47:16', '2017-12-17 23:47:16'),
(72, 18, 'Eligendi autem non doloribus vel animi laborum.?', 1, '2017-12-15 01:55:35', '2017-12-17 23:47:16', '2017-12-17 23:47:16'),
(73, 19, 'Dolores cumque quos tenetur rerum qui et id.?', 1, '2017-12-15 01:55:36', '2017-12-17 23:47:16', '2017-12-17 23:47:16'),
(74, 19, 'Quo et quia eligendi laboriosam ut consequatur.?', 1, '2017-12-15 01:55:36', '2017-12-17 23:47:16', '2017-12-17 23:47:16'),
(75, 19, 'Et occaecati in velit voluptatem voluptatem.?', 0, '2017-12-15 01:55:36', '2017-12-17 23:47:16', '2017-12-17 23:47:16'),
(76, 19, 'Animi nam nesciunt qui ipsa.?', 0, '2017-12-15 01:55:36', '2017-12-17 23:47:16', '2017-12-17 23:47:16'),
(77, 20, 'Quos qui distinctio nisi atque quia vel.?', 1, '2017-12-15 01:55:37', '2017-12-17 23:47:16', '2017-12-17 23:47:16'),
(78, 20, 'Est aut laudantium ab debitis ea.?', 0, '2017-12-15 01:55:37', '2017-12-17 23:47:16', '2017-12-17 23:47:16'),
(79, 20, 'Molestias fuga pariatur et.?', 1, '2017-12-15 01:55:37', '2017-12-17 23:47:16', '2017-12-17 23:47:16'),
(80, 20, 'Praesentium est sed fuga aut.?', 1, '2017-12-15 01:55:37', '2017-12-17 23:47:16', '2017-12-17 23:47:16'),
(81, 21, 'Itaque esse omnis magnam mollitia id praesentium.?', 0, '2017-12-15 01:55:38', '2017-12-17 23:47:16', '2017-12-17 23:47:16'),
(82, 21, 'Rem tempora eum id velit.?', 0, '2017-12-15 01:55:38', '2017-12-17 23:47:17', '2017-12-17 23:47:17'),
(83, 21, 'Nesciunt quaerat nostrum saepe nobis soluta.?', 0, '2017-12-15 01:55:38', '2017-12-17 23:47:17', '2017-12-17 23:47:17'),
(84, 21, 'Quos facilis saepe et qui voluptatum voluptatem.?', 1, '2017-12-15 01:55:38', '2017-12-17 23:47:17', '2017-12-17 23:47:17'),
(85, 22, 'Nihil eum vero et nisi magnam.?', 0, '2017-12-15 01:55:39', '2017-12-17 23:47:17', '2017-12-17 23:47:17'),
(86, 22, 'Et aspernatur et qui aut.?', 1, '2017-12-15 01:55:39', '2017-12-17 23:47:17', '2017-12-17 23:47:17'),
(87, 22, 'Ea vel non voluptatibus numquam.?', 0, '2017-12-15 01:55:39', '2017-12-17 23:47:17', '2017-12-17 23:47:17'),
(88, 22, 'Nostrum sed autem accusantium quidem quae quas.?', 0, '2017-12-15 01:55:39', '2017-12-17 23:47:17', '2017-12-17 23:47:17'),
(89, 23, 'Unde consequuntur illo aut velit ullam quisquam.?', 0, '2017-12-15 01:55:40', '2017-12-17 23:47:17', '2017-12-17 23:47:17'),
(90, 23, 'Nobis in alias veritatis quia sit aut.?', 1, '2017-12-15 01:55:40', '2017-12-17 23:47:17', '2017-12-17 23:47:17'),
(91, 23, 'Qui quia excepturi cumque voluptatibus.?', 0, '2017-12-15 01:55:40', '2017-12-17 23:47:17', '2017-12-17 23:47:17'),
(92, 23, 'Praesentium ea aut reiciendis et.?', 0, '2017-12-15 01:55:40', '2017-12-17 23:47:17', '2017-12-17 23:47:17'),
(93, 24, 'Reiciendis sunt deserunt ut voluptas aut esse.?', 1, '2017-12-15 01:55:40', '2017-12-17 23:47:17', '2017-12-17 23:47:17'),
(94, 24, 'Mollitia repellendus in perspiciatis nam.?', 1, '2017-12-15 01:55:41', '2017-12-17 23:47:17', '2017-12-17 23:47:17'),
(95, 24, 'Ea eum perferendis esse et sit repudiandae.?', 1, '2017-12-15 01:55:41', '2017-12-17 23:47:17', '2017-12-17 23:47:17'),
(96, 24, 'Qui sed iusto eius a iusto placeat.?', 1, '2017-12-15 01:55:41', '2017-12-17 23:47:17', '2017-12-17 23:47:17'),
(97, 25, 'Velit qui quis qui quo.?', 1, '2017-12-15 01:55:41', '2017-12-17 23:47:17', '2017-12-17 23:47:17'),
(98, 25, 'Modi deserunt voluptatem et.?', 0, '2017-12-15 01:55:41', '2017-12-17 23:47:17', '2017-12-17 23:47:17'),
(99, 25, 'Rem quo autem sunt et eligendi.?', 1, '2017-12-15 01:55:41', '2017-12-17 23:47:18', '2017-12-17 23:47:18'),
(100, 25, 'Corporis et saepe error et provident.?', 1, '2017-12-15 01:55:41', '2017-12-17 23:47:18', '2017-12-17 23:47:18'),
(101, 26, 'Ratione est fugit aliquid.?', 1, '2017-12-15 01:55:42', '2017-12-17 23:47:32', '2017-12-17 23:47:32'),
(102, 26, 'Illum dicta tempora et.?', 1, '2017-12-15 01:55:42', '2017-12-17 23:47:32', '2017-12-17 23:47:32'),
(103, 26, 'Sit aut doloremque et rem deleniti totam.?', 0, '2017-12-15 01:55:42', '2017-12-17 23:47:32', '2017-12-17 23:47:32'),
(104, 26, 'Cupiditate nobis fuga ullam temporibus.?', 1, '2017-12-15 01:55:42', '2017-12-17 23:47:32', '2017-12-17 23:47:32'),
(105, 27, 'Expedita et et quis quaerat.?', 1, '2017-12-15 01:55:42', '2017-12-17 23:47:32', '2017-12-17 23:47:32'),
(106, 27, 'Minima voluptatibus laudantium qui fugiat ut.?', 0, '2017-12-15 01:55:42', '2017-12-17 23:47:32', '2017-12-17 23:47:32'),
(107, 27, 'Nihil cupiditate harum quaerat ad pariatur hic.?', 0, '2017-12-15 01:55:42', '2017-12-17 23:47:32', '2017-12-17 23:47:32'),
(108, 27, 'Quo ex vel voluptas architecto.?', 1, '2017-12-15 01:55:42', '2017-12-17 23:47:32', '2017-12-17 23:47:32'),
(109, 28, 'Sit autem quis aliquid eos vel aut rerum.?', 0, '2017-12-15 01:55:43', '2017-12-17 23:47:32', '2017-12-17 23:47:32'),
(110, 28, 'Aspernatur explicabo quo pariatur quia.?', 0, '2017-12-15 01:55:43', '2017-12-17 23:47:32', '2017-12-17 23:47:32'),
(111, 28, 'Qui est quis error non ad ducimus et.?', 1, '2017-12-15 01:55:43', '2017-12-17 23:47:32', '2017-12-17 23:47:32'),
(112, 28, 'Et cupiditate qui autem.?', 1, '2017-12-15 01:55:43', '2017-12-17 23:47:32', '2017-12-17 23:47:32'),
(113, 29, 'Enim quidem et omnis nobis assumenda iusto.?', 0, '2017-12-15 01:55:44', '2017-12-17 23:47:32', '2017-12-17 23:47:32'),
(114, 29, 'Qui dolorum expedita ut.?', 0, '2017-12-15 01:55:44', '2017-12-17 23:47:32', '2017-12-17 23:47:32'),
(115, 29, 'Vero facere omnis ut.?', 1, '2017-12-15 01:55:44', '2017-12-17 23:47:32', '2017-12-17 23:47:32'),
(116, 29, 'Distinctio itaque dolor quibusdam ipsa.?', 0, '2017-12-15 01:55:44', '2017-12-17 23:47:32', '2017-12-17 23:47:32'),
(117, 30, 'Tenetur consequuntur tempore illo voluptatem.?', 0, '2017-12-15 01:55:45', '2017-12-17 23:47:32', '2017-12-17 23:47:32'),
(118, 30, 'Quia repellendus molestias ut.?', 0, '2017-12-15 01:55:45', '2017-12-17 23:47:33', '2017-12-17 23:47:33'),
(119, 30, 'Sed dolor modi est blanditiis molestiae et.?', 1, '2017-12-15 01:55:45', '2017-12-17 23:47:33', '2017-12-17 23:47:33'),
(120, 30, 'Sunt sed qui ipsum et tempore commodi.?', 1, '2017-12-15 01:55:45', '2017-12-17 23:47:33', '2017-12-17 23:47:33'),
(121, 31, 'Quia ut vel ipsum dolor.?', 0, '2017-12-15 01:55:45', '2017-12-17 23:47:33', '2017-12-17 23:47:33'),
(122, 31, 'Sequi totam eum est sit.?', 1, '2017-12-15 01:55:46', '2017-12-17 23:47:33', '2017-12-17 23:47:33'),
(123, 31, 'Minus dolor autem ipsam.?', 0, '2017-12-15 01:55:46', '2017-12-17 23:47:33', '2017-12-17 23:47:33'),
(124, 31, 'Beatae esse occaecati dolor impedit et.?', 0, '2017-12-15 01:55:46', '2017-12-17 23:47:33', '2017-12-17 23:47:33'),
(125, 32, 'Repellat qui tempore adipisci eveniet ut illo.?', 0, '2017-12-15 01:55:46', '2017-12-17 23:47:33', '2017-12-17 23:47:33'),
(126, 32, 'Voluptas fugit unde iste enim aliquam.?', 1, '2017-12-15 01:55:46', '2017-12-17 23:47:33', '2017-12-17 23:47:33'),
(127, 32, 'Fugiat dolores ducimus et sit.?', 1, '2017-12-15 01:55:46', '2017-12-17 23:47:33', '2017-12-17 23:47:33'),
(128, 32, 'Autem libero sit aut repudiandae in in maiores.?', 1, '2017-12-15 01:55:46', '2017-12-17 23:47:33', '2017-12-17 23:47:33'),
(129, 33, 'Et nihil eaque velit odit perferendis iure.?', 1, '2017-12-15 01:55:47', '2017-12-17 23:47:33', '2017-12-17 23:47:33'),
(130, 33, 'Et quis facilis labore ab quo.?', 1, '2017-12-15 01:55:47', '2017-12-17 23:47:33', '2017-12-17 23:47:33'),
(131, 33, 'Optio nihil voluptatem qui nesciunt aut porro.?', 0, '2017-12-15 01:55:47', '2017-12-17 23:47:33', '2017-12-17 23:47:33'),
(132, 33, 'Quia culpa quia optio ab.?', 1, '2017-12-15 01:55:47', '2017-12-17 23:47:33', '2017-12-17 23:47:33'),
(133, 34, 'Suscipit ducimus enim qui a.?', 0, '2017-12-15 01:55:48', '2017-12-17 23:47:33', '2017-12-17 23:47:33'),
(134, 34, 'Quae blanditiis unde autem molestias.?', 1, '2017-12-15 01:55:48', '2017-12-17 23:47:33', '2017-12-17 23:47:33'),
(135, 34, 'Id nemo neque quos eius enim.?', 0, '2017-12-15 01:55:48', '2017-12-17 23:47:34', '2017-12-17 23:47:34'),
(136, 34, 'Repudiandae eaque iusto hic quasi dolor sunt.?', 0, '2017-12-15 01:55:48', '2017-12-17 23:47:34', '2017-12-17 23:47:34'),
(137, 35, 'Est ab dolores sit aliquam.?', 1, '2017-12-15 01:55:49', '2017-12-17 23:47:34', '2017-12-17 23:47:34'),
(138, 35, 'Ipsum voluptas sunt qui alias repellat ut.?', 0, '2017-12-15 01:55:49', '2017-12-17 23:47:34', '2017-12-17 23:47:34'),
(139, 35, 'Numquam modi autem asperiores numquam.?', 1, '2017-12-15 01:55:49', '2017-12-17 23:47:34', '2017-12-17 23:47:34'),
(140, 35, 'Molestias neque sint dolores veniam quia animi.?', 1, '2017-12-15 01:55:49', '2017-12-17 23:47:34', '2017-12-17 23:47:34'),
(141, 36, 'Beatae quia et recusandae eos nesciunt vel aut.?', 0, '2017-12-15 01:55:49', '2017-12-17 23:47:34', '2017-12-17 23:47:34'),
(142, 36, 'Reprehenderit occaecati sed ex cumque.?', 1, '2017-12-15 01:55:50', '2017-12-17 23:47:34', '2017-12-17 23:47:34'),
(143, 36, 'Consectetur aut nulla totam vitae vel.?', 0, '2017-12-15 01:55:50', '2017-12-17 23:47:34', '2017-12-17 23:47:34'),
(144, 36, 'Sunt totam unde esse facere iure aperiam.?', 1, '2017-12-15 01:55:50', '2017-12-17 23:47:34', '2017-12-17 23:47:34'),
(145, 37, 'Aut dolores repudiandae et quibusdam.?', 1, '2017-12-15 01:55:50', '2017-12-17 23:47:34', '2017-12-17 23:47:34'),
(146, 37, 'Veniam natus qui enim natus unde.?', 0, '2017-12-15 01:55:50', '2017-12-17 23:47:34', '2017-12-17 23:47:34'),
(147, 37, 'Molestias quis sed modi necessitatibus.?', 1, '2017-12-15 01:55:50', '2017-12-17 23:47:34', '2017-12-17 23:47:34'),
(148, 37, 'Tenetur minus magnam enim dolores sit.?', 1, '2017-12-15 01:55:50', '2017-12-17 23:47:34', '2017-12-17 23:47:34'),
(149, 38, 'Et sapiente est sed non dolorem voluptatum minus.?', 1, '2017-12-15 01:55:51', '2017-12-17 23:47:34', '2017-12-17 23:47:34'),
(150, 38, 'Reiciendis aut autem et voluptatem et.?', 0, '2017-12-15 01:55:51', '2017-12-17 23:47:34', '2017-12-17 23:47:34'),
(151, 38, 'Voluptatem id enim adipisci nostrum quos et.?', 0, '2017-12-15 01:55:51', '2017-12-17 23:47:34', '2017-12-17 23:47:34'),
(152, 38, 'Sint ipsum est laborum earum at ea.?', 1, '2017-12-15 01:55:51', '2017-12-17 23:47:35', '2017-12-17 23:47:35'),
(153, 39, 'Repellat deserunt quos aut amet aspernatur.?', 0, '2017-12-15 01:55:52', '2017-12-17 23:47:35', '2017-12-17 23:47:35'),
(154, 39, 'Nam voluptatem ut dolorem nulla quos praesentium.?', 0, '2017-12-15 01:55:52', '2017-12-17 23:47:35', '2017-12-17 23:47:35'),
(155, 39, 'Id est id dicta sunt aut reprehenderit adipisci.?', 0, '2017-12-15 01:55:52', '2017-12-17 23:47:35', '2017-12-17 23:47:35'),
(156, 39, 'Iste ex aut repellat optio et.?', 1, '2017-12-15 01:55:52', '2017-12-17 23:47:35', '2017-12-17 23:47:35'),
(157, 40, 'Commodi enim rem et eos maiores non.?', 1, '2017-12-15 01:55:53', '2017-12-17 23:47:35', '2017-12-17 23:47:35'),
(158, 40, 'Sequi qui vitae sunt molestiae quia.?', 0, '2017-12-15 01:55:53', '2017-12-17 23:47:35', '2017-12-17 23:47:35'),
(159, 40, 'Ut minima ut tenetur magnam.?', 1, '2017-12-15 01:55:53', '2017-12-17 23:47:35', '2017-12-17 23:47:35'),
(160, 40, 'Sed iusto ducimus pariatur sed et ad est.?', 1, '2017-12-15 01:55:53', '2017-12-17 23:47:35', '2017-12-17 23:47:35'),
(161, 41, 'Tempora repudiandae nihil consequatur tempora.?', 0, '2017-12-15 01:55:53', '2017-12-17 23:47:35', '2017-12-17 23:47:35'),
(162, 41, 'Aut tempora officia sapiente nihil consequatur.?', 1, '2017-12-15 01:55:53', '2017-12-17 23:47:35', '2017-12-17 23:47:35'),
(163, 41, 'Quia in quia fuga voluptatem minima.?', 0, '2017-12-15 01:55:53', '2017-12-17 23:47:35', '2017-12-17 23:47:35'),
(164, 41, 'Minus ducimus excepturi culpa illo et.?', 1, '2017-12-15 01:55:53', '2017-12-17 23:47:35', '2017-12-17 23:47:35'),
(165, 42, 'Distinctio aspernatur repellendus hic.?', 1, '2017-12-15 01:55:53', '2017-12-17 23:47:35', '2017-12-17 23:47:35'),
(166, 42, 'Vel natus est est facere quidem doloribus.?', 0, '2017-12-15 01:55:53', '2017-12-17 23:47:35', '2017-12-17 23:47:35'),
(167, 42, 'Nostrum at tempore sit neque harum tenetur natus.?', 0, '2017-12-15 01:55:54', '2017-12-17 23:47:35', '2017-12-17 23:47:35'),
(168, 42, 'Minus enim at cum esse in qui.?', 1, '2017-12-15 01:55:54', '2017-12-17 23:47:35', '2017-12-17 23:47:35'),
(169, 43, 'Voluptatem molestiae unde nihil dolorum.?', 1, '2017-12-15 01:55:54', '2017-12-17 23:47:35', '2017-12-17 23:47:35'),
(170, 43, 'Non velit voluptas accusantium ad omnis enim.?', 0, '2017-12-15 01:55:54', '2017-12-17 23:47:35', '2017-12-17 23:47:35'),
(171, 43, 'Et nulla error aperiam dolorem adipisci fugiat.?', 0, '2017-12-15 01:55:54', '2017-12-17 23:47:35', '2017-12-17 23:47:35'),
(172, 43, 'Ut ipsa pariatur hic sapiente.?', 1, '2017-12-15 01:55:54', '2017-12-17 23:47:36', '2017-12-17 23:47:36'),
(173, 44, 'Et distinctio placeat nihil est qui.?', 0, '2017-12-15 01:55:54', '2017-12-17 23:47:36', '2017-12-17 23:47:36'),
(174, 44, 'Eveniet molestiae rerum tempora unde.?', 1, '2017-12-15 01:55:54', '2017-12-17 23:47:36', '2017-12-17 23:47:36'),
(175, 44, 'Illo sunt fuga animi aut molestiae blanditiis.?', 1, '2017-12-15 01:55:54', '2017-12-17 23:47:36', '2017-12-17 23:47:36'),
(176, 44, 'Enim labore ipsam impedit.?', 0, '2017-12-15 01:55:55', '2017-12-17 23:47:36', '2017-12-17 23:47:36'),
(177, 45, 'Quia doloremque voluptates dolorem reprehenderit.?', 1, '2017-12-15 01:55:55', '2017-12-17 23:47:36', '2017-12-17 23:47:36'),
(178, 45, 'Quis et porro voluptate sunt fuga.?', 0, '2017-12-15 01:55:55', '2017-12-17 23:47:36', '2017-12-17 23:47:36'),
(179, 45, 'Voluptas qui cupiditate ex eveniet quas quam.?', 1, '2017-12-15 01:55:55', '2017-12-17 23:47:36', '2017-12-17 23:47:36'),
(180, 45, 'Maiores repellat odit minus dignissimos.?', 0, '2017-12-15 01:55:55', '2017-12-17 23:47:36', '2017-12-17 23:47:36'),
(181, 46, 'Quasi nihil fuga magni est.?', 1, '2017-12-15 01:55:55', '2017-12-17 23:47:36', '2017-12-17 23:47:36'),
(182, 46, 'Expedita id dolorem optio. Ipsam sit hic quia.?', 0, '2017-12-15 01:55:55', '2017-12-17 23:47:36', '2017-12-17 23:47:36'),
(183, 46, 'Ipsum et incidunt fugiat. Ea aut quia non.?', 1, '2017-12-15 01:55:55', '2017-12-17 23:47:36', '2017-12-17 23:47:36'),
(184, 46, 'Earum labore ex tempora a sunt.?', 0, '2017-12-15 01:55:55', '2017-12-17 23:47:36', '2017-12-17 23:47:36'),
(185, 47, 'Modi ipsam molestias non.?', 1, '2017-12-15 01:55:56', '2017-12-17 23:47:37', '2017-12-17 23:47:37'),
(186, 47, 'Vel voluptas et tempore nihil nostrum.?', 1, '2017-12-15 01:55:56', '2017-12-17 23:47:37', '2017-12-17 23:47:37'),
(187, 47, 'Fuga omnis molestiae fugit minima ut neque.?', 1, '2017-12-15 01:55:56', '2017-12-17 23:47:37', '2017-12-17 23:47:37'),
(188, 47, 'Nam sunt numquam officia et magnam et.?', 0, '2017-12-15 01:55:56', '2017-12-17 23:47:37', '2017-12-17 23:47:37'),
(189, 48, 'Nulla omnis eligendi consequatur quia quam.?', 0, '2017-12-15 01:55:56', '2017-12-17 23:47:37', '2017-12-17 23:47:37'),
(190, 48, 'Doloribus libero omnis dolor quia et.?', 0, '2017-12-15 01:55:56', '2017-12-17 23:47:37', '2017-12-17 23:47:37'),
(191, 48, 'Dolorum modi est nesciunt quo.?', 0, '2017-12-15 01:55:56', '2017-12-17 23:47:37', '2017-12-17 23:47:37'),
(192, 48, 'Autem quod et cum sunt nemo et.?', 0, '2017-12-15 01:55:56', '2017-12-17 23:47:37', '2017-12-17 23:47:37'),
(193, 49, 'Incidunt illo unde qui corrupti.?', 0, '2017-12-15 01:55:57', '2017-12-17 23:47:37', '2017-12-17 23:47:37'),
(194, 49, 'Tempore fugit ut nobis. Enim et aut illo.?', 1, '2017-12-15 01:55:57', '2017-12-17 23:47:37', '2017-12-17 23:47:37'),
(195, 49, 'Odit eos et tenetur repudiandae quia.?', 1, '2017-12-15 01:55:57', '2017-12-17 23:47:37', '2017-12-17 23:47:37'),
(196, 49, 'Laboriosam eum corrupti veniam omnis.?', 1, '2017-12-15 01:55:57', '2017-12-17 23:47:37', '2017-12-17 23:47:37'),
(197, 50, 'Consequuntur omnis laudantium a.?', 0, '2017-12-15 01:55:58', '2017-12-17 23:47:37', '2017-12-17 23:47:37'),
(198, 50, 'Est harum officia aut et odit ipsum.?', 1, '2017-12-15 01:55:58', '2017-12-17 23:47:37', '2017-12-17 23:47:37'),
(199, 50, 'Cum a molestiae in doloribus qui sit.?', 0, '2017-12-15 01:55:58', '2017-12-17 23:47:37', '2017-12-17 23:47:37'),
(200, 50, 'Alias quas suscipit et nihil sed qui doloremque.?', 0, '2017-12-15 01:55:58', '2017-12-17 23:47:38', '2017-12-17 23:47:38'),
(201, 51, 'cat', 1, '2017-12-17 01:27:03', '2017-12-17 01:27:03', NULL),
(202, 51, 'shoes', 0, '2017-12-17 01:27:03', '2017-12-17 01:27:03', NULL),
(203, 51, 'car', 0, '2017-12-17 01:27:03', '2017-12-17 01:27:03', NULL),
(204, 51, 'flower', 0, '2017-12-17 01:27:03', '2017-12-17 01:27:03', NULL),
(205, 52, '5', 1, '2017-12-17 01:38:25', '2017-12-17 01:38:25', NULL),
(206, 52, '10', 0, '2017-12-17 01:38:25', '2017-12-17 01:38:25', NULL),
(207, 52, '12', 0, '2017-12-17 01:38:25', '2017-12-17 01:38:25', NULL),
(208, 52, '20', 0, '2017-12-17 01:38:25', '2017-12-17 01:38:25', NULL),
(209, 53, 'Nice to meet you', 0, '2017-12-17 01:58:54', '2017-12-17 01:58:54', NULL),
(210, 53, 'Where are you', 0, '2017-12-17 01:58:54', '2017-12-17 01:58:54', NULL),
(211, 53, 'How are you ?', 1, '2017-12-17 01:58:54', '2017-12-17 01:58:54', NULL),
(212, 53, 'glad to see you', 0, '2017-12-17 01:58:54', '2017-12-17 01:58:54', NULL),
(213, 54, 'i am fine too', 1, '2017-12-17 01:59:55', '2017-12-17 01:59:55', NULL),
(214, 54, 'nice to meet  you', 0, '2017-12-17 01:59:55', '2017-12-17 01:59:55', NULL),
(215, 54, 'good to see you', 0, '2017-12-17 01:59:55', '2017-12-17 01:59:55', NULL),
(216, 54, 'see you later', 0, '2017-12-17 01:59:55', '2017-12-17 01:59:55', NULL),
(217, 55, 'How are you ?', 0, '2017-12-17 02:01:16', '2017-12-17 02:01:16', NULL),
(218, 55, 'Good Afternoon', 0, '2017-12-17 02:01:16', '2017-12-17 02:01:16', NULL),
(219, 55, 'Nice to meet you', 1, '2017-12-17 02:01:16', '2017-12-17 02:01:16', NULL),
(220, 55, 'Glad to see you', 0, '2017-12-17 02:01:16', '2017-12-17 02:01:16', NULL),
(221, 56, 'Where are you going ?', 0, '2017-12-17 02:05:43', '2017-12-17 02:05:43', NULL),
(222, 56, 'See you later', 1, '2017-12-17 02:05:43', '2017-12-17 02:05:43', NULL),
(223, 56, 'How are you ?', 0, '2017-12-17 02:05:43', '2017-12-17 02:05:43', NULL),
(224, 56, 'Nice to meet you', 0, '2017-12-17 02:05:43', '2017-12-17 02:05:43', NULL),
(225, 57, 'Good Night', 0, '2017-12-17 02:06:39', '2017-12-17 02:06:39', NULL),
(226, 57, 'Good Morning', 0, '2017-12-17 02:06:40', '2017-12-17 02:06:40', NULL),
(227, 57, 'Good Afternoon', 1, '2017-12-17 02:06:40', '2017-12-17 02:06:40', NULL),
(228, 57, 'Good Bye', 0, '2017-12-17 02:06:40', '2017-12-17 02:06:40', NULL),
(229, 58, 'Happiness', 1, '2017-12-17 02:38:36', '2017-12-17 02:38:36', NULL),
(230, 58, 'Sadness', 0, '2017-12-17 02:38:36', '2017-12-17 02:38:36', NULL),
(231, 58, 'Congratulation', 0, '2017-12-17 02:38:36', '2017-12-17 02:38:36', NULL),
(232, 58, 'Boredom', 0, '2017-12-17 02:38:36', '2017-12-17 02:38:36', NULL),
(233, 59, 'I\'ll always remember that', 0, '2017-12-17 02:43:39', '2017-12-17 02:43:39', NULL),
(234, 59, 'Fantastic! That\'s great', 1, '2017-12-17 02:43:39', '2017-12-17 02:43:39', NULL),
(235, 59, 'How boring', 0, '2017-12-17 02:43:39', '2017-12-17 02:43:39', NULL),
(236, 59, 'Bad luck', 0, '2017-12-17 02:43:39', '2017-12-17 02:43:39', NULL),
(237, 60, 'Will you bring in to a repairman', 0, '2017-12-17 03:16:06', '2017-12-17 03:16:06', NULL),
(238, 60, 'Should i change it', 0, '2017-12-17 03:16:06', '2017-12-17 03:16:06', NULL),
(239, 60, 'Do you need some help', 1, '2017-12-17 03:16:06', '2017-12-17 03:16:06', NULL),
(240, 60, 'Have you had it repaired', 0, '2017-12-17 03:16:06', '2017-12-17 03:16:06', NULL),
(241, 61, 'I\'m  glad to hear that', 1, '2017-12-17 03:24:39', '2017-12-17 03:24:39', NULL),
(242, 61, 'Thats too bad', 0, '2017-12-17 03:24:39', '2017-12-17 03:24:39', NULL),
(243, 61, 'I\'m sorry', 0, '2017-12-17 03:24:39', '2017-12-17 03:24:39', NULL),
(244, 61, 'You\'re welcome', 0, '2017-12-17 03:24:39', '2017-12-17 03:24:39', NULL),
(245, 62, 'Carolus Linnaseus', 0, '2017-12-18 05:03:11', '2017-12-18 05:03:11', NULL),
(246, 62, 'Aristoteles', 1, '2017-12-18 05:03:11', '2017-12-18 05:03:11', NULL),
(247, 62, 'Darwin', 0, '2017-12-18 05:03:11', '2017-12-18 05:03:11', NULL),
(248, 62, 'Einstein', 0, '2017-12-18 05:03:11', '2017-12-18 05:03:11', NULL),
(249, 63, 'Binomial nomenklatur', 1, '2017-12-18 05:03:58', '2017-12-18 05:03:58', NULL),
(250, 63, 'kunci determinasi', 0, '2017-12-18 05:03:58', '2017-12-18 05:03:58', NULL),
(251, 63, 'Klasifikasi', 0, '2017-12-18 05:03:58', '2017-12-18 05:03:58', NULL),
(252, 63, 'Pengelompokan', 0, '2017-12-18 05:03:58', '2017-12-18 05:03:58', NULL),
(253, 64, 'Kingdom', 1, '2017-12-18 05:05:40', '2017-12-18 05:05:40', NULL),
(254, 64, 'Spesies', 0, '2017-12-18 05:05:40', '2017-12-18 05:05:40', NULL),
(255, 64, 'Filum', 0, '2017-12-18 05:05:40', '2017-12-18 05:05:40', NULL),
(256, 64, 'Kelas', 0, '2017-12-18 05:05:40', '2017-12-18 05:05:40', NULL),
(257, 65, 'kingdom-filum-bangsa-kelas-suku-marga-jenis', 0, '2017-12-18 05:06:30', '2017-12-18 05:06:30', NULL),
(258, 65, 'kingdom-filum-kelas-bangsa-suku-marga-jenis', 0, '2017-12-18 05:06:30', '2017-12-18 05:06:30', NULL),
(259, 65, 'kingdom-divisio-kelas-bangsa-suku-marga-jenis', 1, '2017-12-18 05:06:30', '2017-12-18 05:06:30', NULL),
(260, 65, 'kingdom-divisio-bangsa-kelas-suku-marga-jenis', 0, '2017-12-18 05:06:30', '2017-12-18 05:06:30', NULL),
(261, 66, 'Kelas', 0, '2017-12-18 05:07:13', '2017-12-18 05:07:13', NULL),
(262, 66, 'Ordo', 0, '2017-12-18 05:07:13', '2017-12-18 05:07:13', NULL),
(263, 66, 'Genus', 1, '2017-12-18 05:07:13', '2017-12-18 05:07:13', NULL),
(264, 66, 'Spesies', 0, '2017-12-18 05:07:13', '2017-12-18 05:07:13', NULL),
(265, 67, '<10 milimikron', 0, '2017-12-18 05:44:37', '2017-12-18 05:44:37', NULL),
(266, 67, '10 milimikron', 0, '2017-12-18 05:44:37', '2017-12-18 05:44:37', NULL),
(267, 67, '1  3 milimikron', 0, '2017-12-18 05:44:38', '2017-12-18 05:44:38', NULL),
(268, 67, '20  300 milimikron', 1, '2017-12-18 05:44:38', '2017-12-18 05:44:38', NULL),
(269, 68, 'hospes', 0, '2017-12-18 05:45:44', '2017-12-18 05:45:44', NULL),
(270, 68, 'virion', 0, '2017-12-18 05:45:44', '2017-12-18 05:45:44', NULL),
(271, 68, 'kapsid', 1, '2017-12-18 05:45:44', '2017-12-18 05:45:44', NULL),
(272, 68, 'vaksin', 0, '2017-12-18 05:45:44', '2017-12-18 05:45:44', NULL),
(273, 69, 'untuk mengaktifkan inti sel bakteri hingga dapat memproduksi enzim baru', 0, '2017-12-18 06:01:57', '2017-12-18 06:01:57', NULL),
(274, 69, 'melipat gandakan bakteri', 0, '2017-12-18 06:01:57', '2017-12-18 06:01:57', NULL),
(275, 69, 'agar DNA bakteri melakukan replikasi sebagai persiapan pembelahan sel', 0, '2017-12-18 06:01:57', '2017-12-18 06:01:57', NULL),
(276, 69, 'mensintesis protein dan membuat struktur tubuh virus yang baru', 1, '2017-12-18 06:01:57', '2017-12-18 06:01:57', NULL),
(277, 70, 'untuk mengaktifkan inti sel bakteri hingga dapat memproduksi enzim baru', 0, '2017-12-18 06:03:13', '2017-12-18 06:03:13', NULL),
(278, 70, 'melipat gandakan bakteri', 0, '2017-12-18 06:03:13', '2017-12-18 06:03:13', NULL),
(279, 70, 'agar DNA bakteri melakukan replikasi sebagai persiapan pembelahan sel', 0, '2017-12-18 06:03:13', '2017-12-18 06:03:13', NULL),
(280, 70, 'mensintesis protein dan membuat struktur tubuh virus yang baru', 1, '2017-12-18 06:03:13', '2017-12-18 06:03:13', NULL),
(281, 71, 'tidak memiliki inti sel', 0, '2017-12-18 06:06:53', '2017-12-18 06:06:53', NULL),
(282, 71, 'tidak memiliki membran inti sel', 1, '2017-12-18 06:06:53', '2017-12-18 06:06:53', NULL),
(283, 71, 'tidak memiliki membran sel', 0, '2017-12-18 06:06:53', '2017-12-18 06:06:53', NULL),
(284, 71, 'tidak berflagela', 0, '2017-12-18 06:06:54', '2017-12-18 06:06:54', NULL),
(285, 72, 'eukariotik', 0, '2017-12-18 06:08:33', '2017-12-18 06:08:33', NULL),
(286, 72, 'prokariotik', 1, '2017-12-18 06:08:33', '2017-12-18 06:08:33', NULL),
(287, 72, 'autotrof', 0, '2017-12-18 06:08:33', '2017-12-18 06:08:33', NULL),
(288, 72, 'heterotrof', 0, '2017-12-18 06:08:33', '2017-12-18 06:08:33', NULL),
(289, 73, 'tidak memiliki klorofil', 0, '2017-12-18 06:09:49', '2017-12-18 06:09:49', NULL),
(290, 73, 'tidak memiliki dinding sel', 0, '2017-12-18 06:09:49', '2017-12-18 06:09:49', NULL),
(291, 73, 'tidak memiliki membran sel', 0, '2017-12-18 06:09:49', '2017-12-18 06:09:49', NULL),
(292, 73, 'tidak memiliki membran inti sel', 1, '2017-12-18 06:09:49', '2017-12-18 06:09:49', NULL),
(293, 74, 'monokokus', 0, '2017-12-18 06:10:47', '2017-12-18 06:10:47', NULL),
(294, 74, 'diplokokus', 0, '2017-12-18 06:10:47', '2017-12-18 06:10:47', NULL),
(295, 74, 'streptokokus', 1, '2017-12-18 06:10:47', '2017-12-18 06:10:47', NULL),
(296, 74, 'stafilokokus', 0, '2017-12-18 06:10:47', '2017-12-18 06:10:47', NULL),
(297, 75, 'lignin', 0, '2017-12-18 06:13:13', '2017-12-18 06:13:13', NULL),
(298, 75, 'peptidoglikan', 1, '2017-12-18 06:13:13', '2017-12-18 06:13:13', NULL),
(299, 75, 'selulosa', 0, '2017-12-18 06:13:13', '2017-12-18 06:13:13', NULL),
(300, 75, 'hemiselulosa', 0, '2017-12-18 06:13:13', '2017-12-18 06:13:13', NULL),
(301, 76, 'peptidoglikon', 0, '2017-12-18 06:43:16', '2017-12-18 06:43:16', NULL),
(302, 76, 'uniseluler', 0, '2017-12-18 06:43:16', '2017-12-18 06:43:16', NULL),
(303, 76, 'eukariotik', 1, '2017-12-18 06:43:16', '2017-12-18 06:43:16', NULL),
(304, 76, 'multiseluler', 0, '2017-12-18 06:43:16', '2017-12-18 06:43:16', NULL),
(305, 77, 'Reproduksi', 0, '2017-12-18 07:12:58', '2017-12-18 07:12:58', NULL),
(306, 77, 'Cara makan', 0, '2017-12-18 07:12:58', '2017-12-18 07:12:58', NULL),
(307, 77, 'Bergerak pasif', 1, '2017-12-18 07:12:58', '2017-12-18 07:12:58', NULL),
(308, 77, 'Bergerak pasif', 0, '2017-12-18 07:12:58', '2017-12-18 07:12:58', NULL),
(309, 78, 'waktu, momentum, panjang', 0, '2017-12-18 07:26:10', '2017-12-18 07:26:10', NULL),
(310, 78, 'momentum, gaya, kecepatan', 1, '2017-12-18 07:26:10', '2017-12-18 07:26:10', NULL),
(311, 78, 'panjang, massa, waktu', 0, '2017-12-18 07:26:11', '2017-12-18 07:26:11', NULL),
(312, 78, 'energi, usaha, jarak', 0, '2017-12-18 07:26:11', '2017-12-18 07:26:11', NULL),
(313, 79, 'energi', 0, '2017-12-18 07:27:09', '2017-12-18 07:27:09', NULL),
(314, 79, 'gaya', 0, '2017-12-18 07:27:09', '2017-12-18 07:27:09', NULL),
(315, 79, 'impuls', 1, '2017-12-18 07:27:10', '2017-12-18 07:27:10', NULL),
(316, 79, 'percepatan', 0, '2017-12-18 07:27:10', '2017-12-18 07:27:10', NULL),
(317, 80, '7,5 s', 0, '2017-12-18 07:32:33', '2017-12-18 07:32:33', NULL),
(318, 80, '6,0 s', 0, '2017-12-18 07:32:33', '2017-12-18 07:32:33', NULL),
(319, 80, '5,5 s', 0, '2017-12-18 07:32:33', '2017-12-18 07:32:33', NULL),
(320, 80, '3,5 s', 1, '2017-12-18 07:32:33', '2017-12-18 07:32:33', NULL),
(321, 81, '80 m', 0, '2017-12-18 07:33:29', '2017-12-18 07:33:29', NULL),
(322, 81, '100 m', 0, '2017-12-18 07:33:29', '2017-12-18 07:33:29', NULL),
(323, 81, '150 m', 1, '2017-12-18 07:33:29', '2017-12-18 07:33:29', NULL),
(324, 81, '200 m', 0, '2017-12-18 07:33:29', '2017-12-18 07:33:29', NULL),
(325, 82, '2 km ke arah timur', 0, '2017-12-18 07:34:15', '2017-12-18 07:34:15', NULL),
(326, 82, '14 km ke arah timur laut', 0, '2017-12-18 07:34:15', '2017-12-18 07:34:15', NULL),
(327, 82, '14 km ke arah barat daya', 0, '2017-12-18 07:34:15', '2017-12-18 07:34:15', NULL),
(328, 82, '10 km ke arah timur laut', 1, '2017-12-18 07:34:15', '2017-12-18 07:34:15', NULL),
(329, 83, '   m/s', 0, '2017-12-18 07:41:54', '2017-12-18 07:41:54', NULL),
(330, 83, ' m/s', 0, '2017-12-18 07:41:54', '2017-12-18 07:41:54', NULL),
(331, 83, '2  m/s', 0, '2017-12-18 07:41:55', '2017-12-18 07:41:55', NULL),
(332, 83, '4  m/s', 1, '2017-12-18 07:41:55', '2017-12-18 07:41:55', NULL),
(333, 84, 'Pasti dalam keadaan diam', 0, '2017-12-18 07:51:37', '2017-12-18 07:51:37', NULL),
(334, 84, 'Pasti dalam keadaan bergerak', 0, '2017-12-18 07:51:37', '2017-12-18 07:51:37', NULL),
(335, 84, 'Mungkin bergerak lurus beraturan', 1, '2017-12-18 07:51:37', '2017-12-18 07:51:37', NULL),
(336, 84, 'tidak mungkin diam', 0, '2017-12-18 07:51:37', '2017-12-18 07:51:37', NULL),
(337, 85, 'memasak makanan', 0, '2017-12-18 08:02:15', '2017-12-18 08:02:15', NULL),
(338, 85, 'pemancar radio FM', 0, '2017-12-18 08:02:15', '2017-12-18 08:02:15', NULL),
(339, 85, 'remote control', 1, '2017-12-18 08:02:15', '2017-12-18 08:02:15', NULL),
(340, 85, 'foto tempat-tempat yang mengalami polusi', 0, '2017-12-18 08:02:15', '2017-12-18 08:02:15', NULL),
(341, 86, 'KNO3', 0, '2017-12-18 08:04:41', '2017-12-18 08:04:41', NULL),
(342, 86, 'NaHCO3', 0, '2017-12-18 08:04:41', '2017-12-18 08:04:41', NULL),
(343, 86, 'Na2CO3', 0, '2017-12-18 08:04:41', '2017-12-18 08:04:41', NULL),
(344, 86, 'MgSO4.7H2O', 1, '2017-12-18 08:04:41', '2017-12-18 08:04:41', NULL),
(345, 87, 'pirit', 0, '2017-12-18 08:08:29', '2017-12-18 08:08:29', NULL),
(346, 87, 'pirolusit', 1, '2017-12-18 08:08:29', '2017-12-18 08:08:29', NULL),
(347, 87, 'malachite', 0, '2017-12-18 08:08:30', '2017-12-18 08:08:30', NULL),
(348, 87, 'ilmenit', 0, '2017-12-18 08:08:30', '2017-12-18 08:08:30', NULL),
(349, 88, 'Cd(OH)2', 0, '2017-12-18 08:10:32', '2017-12-18 08:10:32', NULL),
(350, 88, 'Fe(OH)3', 0, '2017-12-18 08:10:32', '2017-12-18 08:10:32', NULL),
(351, 88, 'HNO3', 1, '2017-12-18 08:10:32', '2017-12-18 08:10:32', NULL),
(352, 88, 'H3PO3', 0, '2017-12-18 08:10:32', '2017-12-18 08:10:32', NULL),
(353, 89, 'Merah', 1, '2017-12-18 08:14:21', '2017-12-18 08:14:21', NULL),
(354, 89, 'Putih', 0, '2017-12-18 08:14:21', '2017-12-18 08:14:21', NULL),
(355, 89, 'Kuning', 0, '2017-12-18 08:14:21', '2017-12-18 08:14:21', NULL),
(356, 89, 'Hijau', 0, '2017-12-18 08:14:21', '2017-12-18 08:14:21', NULL),
(357, 90, 'Suhu', 1, '2017-12-18 08:16:54', '2017-12-18 08:16:54', NULL),
(358, 90, 'Udara', 0, '2017-12-18 08:16:54', '2017-12-18 08:16:54', NULL),
(359, 90, 'Keasaman', 0, '2017-12-18 08:16:54', '2017-12-18 08:16:54', NULL),
(360, 90, 'Kelembapan', 0, '2017-12-18 08:16:54', '2017-12-18 08:16:54', NULL);

-- --------------------------------------------------------

--
-- Struktur dari tabel `question_test`
--

CREATE TABLE `question_test` (
  `question_id` int(10) UNSIGNED DEFAULT NULL,
  `test_id` int(10) UNSIGNED DEFAULT NULL
) ENGINE=InnoDB DEFAULT CHARSET=utf8mb4 COLLATE=utf8mb4_unicode_ci;

--
-- Dumping data untuk tabel `question_test`
--

INSERT INTO `question_test` (`question_id`, `test_id`) VALUES
(1, 32),
(2, 23),
(3, 44),
(4, 20),
(5, 19),
(6, 1),
(7, 49),
(8, 2),
(9, 15),
(10, 42),
(11, 47),
(12, 15),
(13, 36),
(14, 4),
(15, 26),
(16, 3),
(17, 27),
(18, 15),
(19, 39),
(20, 18),
(21, 34),
(22, 44),
(23, 19),
(24, 37),
(25, 29),
(26, 4),
(27, 50),
(28, 44),
(29, 14),
(30, 30),
(31, 29),
(32, 34),
(33, 19),
(34, 42),
(35, 2),
(36, 35),
(37, 17),
(38, 19),
(39, 8),
(40, 34),
(41, 38),
(42, 33),
(43, 39),
(44, 31),
(45, 35),
(46, 26),
(47, 6),
(48, 47),
(49, 39),
(50, 29),
(51, 51),
(52, 53),
(53, 54),
(54, 54),
(55, 54),
(56, 54),
(57, 54),
(58, 55),
(59, 55),
(60, 56),
(61, 57),
(62, 58),
(63, 58),
(64, 58),
(65, 58),
(66, 58),
(67, 59),
(68, 59),
(69, 59),
(70, 59),
(71, 60),
(72, 60),
(73, 60),
(74, 60),
(75, 60),
(76, 61),
(77, 62),
(78, 63),
(79, 63),
(80, 64),
(81, 64),
(82, 64),
(83, 65),
(84, 66),
(85, 67),
(86, 68),
(87, 69),
(88, 70),
(89, 71),
(90, 72);

-- --------------------------------------------------------

--
-- Struktur dari tabel `roles`
--

CREATE TABLE `roles` (
  `id` int(10) UNSIGNED NOT NULL,
  `title` varchar(191) COLLATE utf8mb4_unicode_ci NOT NULL,
  `created_at` timestamp NULL DEFAULT NULL,
  `updated_at` timestamp NULL DEFAULT NULL
) ENGINE=InnoDB DEFAULT CHARSET=utf8mb4 COLLATE=utf8mb4_unicode_ci;

--
-- Dumping data untuk tabel `roles`
--

INSERT INTO `roles` (`id`, `title`, `created_at`, `updated_at`) VALUES
(1, 'Administrator (can create other users)', '2017-12-15 01:54:57', '2017-12-15 01:54:57'),
(2, 'Teacher', '2017-12-15 01:54:57', '2017-12-15 01:54:57'),
(3, 'Student', '2017-12-15 01:54:58', '2017-12-15 01:54:58');

-- --------------------------------------------------------

--
-- Struktur dari tabel `role_user`
--

CREATE TABLE `role_user` (
  `role_id` int(10) UNSIGNED DEFAULT NULL,
  `user_id` int(10) UNSIGNED DEFAULT NULL
) ENGINE=InnoDB DEFAULT CHARSET=utf8mb4 COLLATE=utf8mb4_unicode_ci;

--
-- Dumping data untuk tabel `role_user`
--

INSERT INTO `role_user` (`role_id`, `user_id`) VALUES
(1, 1),
(3, 2),
(2, 3);

-- --------------------------------------------------------

--
-- Struktur dari tabel `tests`
--

CREATE TABLE `tests` (
  `id` int(10) UNSIGNED NOT NULL,
  `course_id` int(10) UNSIGNED DEFAULT NULL,
  `lesson_id` int(10) UNSIGNED DEFAULT NULL,
  `title` varchar(191) COLLATE utf8mb4_unicode_ci DEFAULT NULL,
  `description` text COLLATE utf8mb4_unicode_ci,
  `published` tinyint(4) DEFAULT '0',
  `created_at` timestamp NULL DEFAULT NULL,
  `updated_at` timestamp NULL DEFAULT NULL,
  `deleted_at` timestamp NULL DEFAULT NULL
) ENGINE=InnoDB DEFAULT CHARSET=utf8mb4 COLLATE=utf8mb4_unicode_ci;

--
-- Dumping data untuk tabel `tests`
--

INSERT INTO `tests` (`id`, `course_id`, `lesson_id`, `title`, `description`, `published`, `created_at`, `updated_at`, `deleted_at`) VALUES
(1, NULL, 1, 'At iste nihil sunt qui tempore voluptate.', 'jjjjjjjjjjjjjjjjjjjjjjj', 1, '2017-12-15 01:55:05', '2017-12-17 01:43:01', '2017-12-17 01:43:01'),
(2, NULL, 2, 'Ea quia quisquam reiciendis earum id.', NULL, 1, '2017-12-15 01:55:06', '2017-12-17 01:43:01', '2017-12-17 01:43:01'),
(3, NULL, 3, 'Dolore neque veniam saepe aperiam repellat qui.', NULL, 1, '2017-12-15 01:55:06', '2017-12-17 01:43:01', '2017-12-17 01:43:01'),
(4, NULL, 4, 'Harum delectus magnam aut illum.', NULL, 1, '2017-12-15 01:55:06', '2017-12-17 01:43:01', '2017-12-17 01:43:01'),
(5, NULL, 5, 'Corporis suscipit ut nemo fugiat maxime et.', NULL, 1, '2017-12-15 01:55:07', '2017-12-17 01:43:02', '2017-12-17 01:43:02'),
(6, NULL, 6, 'Quia consectetur ut consequuntur vero.', NULL, 1, '2017-12-15 01:55:07', '2017-12-17 01:43:02', '2017-12-17 01:43:02'),
(7, NULL, 7, 'Quia fugit autem voluptatibus ullam voluptas.', NULL, 1, '2017-12-15 01:55:07', '2017-12-17 01:43:02', '2017-12-17 01:43:02'),
(8, NULL, 8, 'Voluptate asperiores dolorem quod corrupti autem.', NULL, 1, '2017-12-15 01:55:07', '2017-12-17 01:43:02', '2017-12-17 01:43:02'),
(9, NULL, 9, 'Quaerat quia incidunt quis neque et et a.', NULL, 1, '2017-12-15 01:55:07', '2017-12-17 01:43:02', '2017-12-17 01:43:02'),
(10, NULL, 10, 'Est et dolorem beatae incidunt hic eaque ipsa.', NULL, 1, '2017-12-15 01:55:07', '2017-12-17 01:43:02', '2017-12-17 01:43:02'),
(11, NULL, 11, 'Nam aliquam molestiae sint ad.', NULL, 1, '2017-12-15 01:55:09', '2017-12-17 01:43:02', '2017-12-17 01:43:02'),
(12, NULL, 12, 'Odio dolor atque eos quasi.', NULL, 1, '2017-12-15 01:55:09', '2017-12-17 01:43:02', '2017-12-17 01:43:02'),
(13, NULL, 13, 'Sit corporis reprehenderit qui ipsa quis nemo.', NULL, 1, '2017-12-15 01:55:09', '2017-12-17 01:43:02', '2017-12-17 01:43:02'),
(14, NULL, 14, 'Expedita eos et blanditiis consequatur earum.', NULL, 1, '2017-12-15 01:55:10', '2017-12-17 01:43:02', '2017-12-17 01:43:02'),
(15, NULL, 15, 'Eos earum iusto autem illo iure.', NULL, 1, '2017-12-15 01:55:10', '2017-12-17 01:43:02', '2017-12-17 01:43:02'),
(16, NULL, 16, 'Itaque praesentium est sapiente in molestiae eos.', NULL, 1, '2017-12-15 01:55:10', '2017-12-17 01:43:02', '2017-12-17 01:43:02'),
(17, NULL, 17, 'Maiores quia qui cupiditate enim repellat quae.', NULL, 1, '2017-12-15 01:55:10', '2017-12-17 01:43:02', '2017-12-17 01:43:02'),
(18, NULL, 18, 'Perspiciatis alias laborum vero.', NULL, 1, '2017-12-15 01:55:10', '2017-12-17 01:43:02', '2017-12-17 01:43:02'),
(19, NULL, 19, 'Aut maiores quam et rem et.', NULL, 1, '2017-12-15 01:55:11', '2017-12-17 01:43:02', '2017-12-17 01:43:02'),
(20, NULL, 20, 'Voluptas natus dicta nobis.', NULL, 1, '2017-12-15 01:55:11', '2017-12-17 01:43:02', '2017-12-17 01:43:02'),
(21, NULL, 21, 'Est aut est quo delectus aspernatur.', NULL, 1, '2017-12-15 01:55:13', '2017-12-17 01:43:03', '2017-12-17 01:43:03'),
(22, NULL, 22, 'Sapiente in qui ea rerum.', NULL, 1, '2017-12-15 01:55:13', '2017-12-17 01:43:03', '2017-12-17 01:43:03'),
(23, NULL, 23, 'Voluptas voluptatibus veniam rem aspernatur et.', NULL, 1, '2017-12-15 01:55:13', '2017-12-17 01:43:03', '2017-12-17 01:43:03'),
(24, NULL, 24, 'Et quod id ipsa delectus inventore id.', NULL, 1, '2017-12-15 01:55:13', '2017-12-17 01:43:03', '2017-12-17 01:43:03'),
(25, NULL, 25, 'Voluptas quia aperiam delectus.', NULL, 1, '2017-12-15 01:55:13', '2017-12-17 01:43:03', '2017-12-17 01:43:03'),
(26, NULL, 26, 'Beatae rem voluptas quis commodi voluptates vero.', NULL, 1, '2017-12-15 01:55:13', '2017-12-17 01:43:03', '2017-12-17 01:43:03'),
(27, NULL, 27, 'Voluptatem ut sed earum aut porro aspernatur.', NULL, 1, '2017-12-15 01:55:13', '2017-12-17 01:43:03', '2017-12-17 01:43:03'),
(28, NULL, 28, 'Est dolores aut rerum dolor asperiores.', NULL, 1, '2017-12-15 01:55:13', '2017-12-17 01:43:03', '2017-12-17 01:43:03'),
(29, NULL, 29, 'Et commodi est odit est tenetur sunt eos.', NULL, 1, '2017-12-15 01:55:14', '2017-12-17 01:43:03', '2017-12-17 01:43:03'),
(30, NULL, 30, 'Beatae tempora rerum similique sed.', NULL, 1, '2017-12-15 01:55:14', '2017-12-17 01:43:03', '2017-12-17 01:43:03'),
(31, NULL, 31, 'Veniam dolorem laboriosam fuga maxime sed.', NULL, 1, '2017-12-15 01:55:15', '2017-12-17 01:43:03', '2017-12-17 01:43:03'),
(32, NULL, 32, 'Eaque quas occaecati illo et.', NULL, 1, '2017-12-15 01:55:15', '2017-12-17 01:43:03', '2017-12-17 01:43:03'),
(33, NULL, 33, 'Illo earum unde aut quidem fugit cumque.', NULL, 1, '2017-12-15 01:55:15', '2017-12-17 01:43:03', '2017-12-17 01:43:03'),
(34, NULL, 34, 'Maiores et eaque autem velit aut unde.', NULL, 1, '2017-12-15 01:55:15', '2017-12-17 01:43:03', '2017-12-17 01:43:03'),
(35, NULL, 35, 'Unde velit id cumque ipsa velit.', NULL, 1, '2017-12-15 01:55:15', '2017-12-17 01:43:03', '2017-12-17 01:43:03'),
(36, NULL, 36, 'Labore dolores nihil magnam ea architecto minus.', NULL, 1, '2017-12-15 01:55:16', '2017-12-17 01:43:03', '2017-12-17 01:43:03'),
(37, NULL, 37, 'Dolore quia optio dolores vitae iusto.', NULL, 1, '2017-12-15 01:55:16', '2017-12-17 01:43:04', '2017-12-17 01:43:04'),
(38, NULL, 38, 'Aliquid aliquam eaque ut consectetur quia.', NULL, 1, '2017-12-15 01:55:16', '2017-12-17 01:43:04', '2017-12-17 01:43:04'),
(39, NULL, 39, 'Et qui molestiae at odio enim.', NULL, 1, '2017-12-15 01:55:16', '2017-12-17 01:43:04', '2017-12-17 01:43:04'),
(40, NULL, 40, 'Temporibus nisi molestias deleniti accusantium.', NULL, 1, '2017-12-15 01:55:16', '2017-12-17 01:43:04', '2017-12-17 01:43:04'),
(41, NULL, 41, 'Maiores blanditiis esse nihil.', NULL, 1, '2017-12-15 01:55:17', '2017-12-17 01:43:04', '2017-12-17 01:43:04'),
(42, NULL, 42, 'Autem sint et autem et.', NULL, 1, '2017-12-15 01:55:17', '2017-12-17 01:43:04', '2017-12-17 01:43:04'),
(43, NULL, 43, 'Repellat consequatur enim et quia.', NULL, 1, '2017-12-15 01:55:18', '2017-12-17 01:43:04', '2017-12-17 01:43:04'),
(44, NULL, 44, 'Aperiam nulla omnis tempora non rem labore sint.', NULL, 1, '2017-12-15 01:55:18', '2017-12-17 01:43:04', '2017-12-17 01:43:04'),
(45, NULL, 45, 'Ad maiores sit voluptatum quia omnis.', NULL, 1, '2017-12-15 01:55:18', '2017-12-17 01:43:04', '2017-12-17 01:43:04'),
(46, NULL, 46, 'Recusandae dolores nihil ullam vitae ut.', NULL, 1, '2017-12-15 01:55:18', '2017-12-17 01:43:04', '2017-12-17 01:43:04'),
(47, NULL, 47, 'Aut sint sit eum nobis assumenda beatae eius.', NULL, 1, '2017-12-15 01:55:18', '2017-12-17 01:43:04', '2017-12-17 01:43:04'),
(48, NULL, 48, 'In sed dicta neque illo quia.', NULL, 1, '2017-12-15 01:55:19', '2017-12-17 01:43:04', '2017-12-17 01:43:04'),
(49, NULL, 49, 'Rerum est est maxime non.', NULL, 1, '2017-12-15 01:55:19', '2017-12-17 01:43:04', '2017-12-17 01:43:04'),
(50, NULL, 50, 'Qui veritatis quia labore sapiente.', NULL, 1, '2017-12-15 01:55:19', '2017-12-17 01:43:05', '2017-12-17 01:43:05'),
(51, 1, 1, 'Ujian1', 'Kerjakan dengan jujur dan benar', 1, '2017-12-17 01:25:47', '2017-12-17 01:43:05', '2017-12-17 01:43:05'),
(52, 1, 1, 'uuuuuuuuuuuuuuuuuuuuuuuuuuuuu', 'oooooooooooooooooooooo', 1, '2017-12-17 01:32:56', '2017-12-17 01:43:05', '2017-12-17 01:43:05'),
(53, 6, 51, 'uts matematika', 'kerjakan yang baik dan benar', 1, '2017-12-17 01:37:21', '2017-12-17 01:43:05', '2017-12-17 01:43:05'),
(54, 7, 52, 'Soal latihan greeting', 'Setelah memahami materi mengenai greeting, maka silahkan untuk menguji tingkat kepahaman anda mengenai materi greeting, silahkan mencoba latihan soal dibawah ini', 1, '2017-12-17 01:53:25', '2017-12-17 01:53:25', NULL),
(55, 7, 55, 'Soal Latihan Expressing Happiness', 'Setelah memahami materi mengenai expressing happiness, maka silahkan untuk menguji tingkat kepahaman anda mengenai materi expressing happiness, silahkan mencoba latihan soal dibawah ini', 1, '2017-12-17 02:32:56', '2017-12-17 03:05:26', NULL),
(56, 7, 59, 'Soal Latihan Expression of Showing Care and Sympathy', 'Setelah memahami materi mengenai Expression of Showing Care and Sympathy, maka silahkan untuk menguji tingkat kepahaman anda mengenai materi Expression of Showing Care and Sympathy, silahkan mencoba latihan soal dibawah ini', 1, '2017-12-17 03:10:40', '2017-12-17 03:11:12', NULL),
(57, 7, 60, 'Soal latihan congratulating', 'Setelah memahami materi mengenai Expression of Showing Care and Sympathy, maka silahkan untuk menguji tingkat kepahaman anda mengenai materi Expression of Showing Care and Sympathy, silahkan mencoba latihan soal dibawah ini', 1, '2017-12-17 03:19:02', '2017-12-17 03:19:26', NULL),
(58, 8, 61, 'Soal Latihan Klasifikasi Makhluk Hidup', 'Setelah memahami materi mengenai Klasifikasi Makhluk Hidup, maka silahkan untuk menguji tingkat kepahaman anda mengenai materi Klasifikasi Makhluk Hidup, silahkan mencoba latihan soal dibawah ini', 1, '2017-12-18 05:01:28', '2017-12-18 05:02:07', NULL),
(59, 8, 62, 'Soal Latihan Virus', 'Setelah memahami materi mengenai virus, maka silahkan untuk menguji tingkat kepahaman anda mengenai materi virus, silahkan mencoba latihan soal dibawah ini', 1, '2017-12-18 05:38:19', '2017-12-18 05:38:52', NULL),
(60, 8, 63, 'Soal latihan Eubacteria dan Archaebacteria', 'Setelah memahami materi mengenai Eubacteria dan Archaebacteria, maka silahkan untuk menguji tingkat kepahaman anda mengenai materi Eubacteria dan Archaebacteria, silahkan mencoba latihan soal dibawah ini', 1, '2017-12-18 06:05:50', '2017-12-18 06:05:50', NULL),
(61, 8, 64, 'Soal latihan protista', 'Setelah memahami materi mengenai protista, maka silahkan untuk menguji tingkat kepahaman anda mengenai materi protista, silahkan mencoba latihan soal dibawah ini', 1, '2017-12-18 06:35:19', '2017-12-18 06:35:54', NULL),
(62, 8, 65, 'Soal latihan fungi(jamur)', 'Setelah memahami materi mengenai fungi(jamur), maka silahkan untuk menguji tingkat kepahaman anda mengenai materi fungi(jamur), silahkan mencoba latihan soal dibawah ini', 1, '2017-12-18 06:48:27', '2017-12-18 06:49:08', NULL),
(63, 10, 72, 'Soal latihan besaran dan satuan', 'Setelah memahami materi mengenai besaran dan satuan, maka silahkan untuk menguji tingkat kepahaman anda mengenai materi besaran dan satuan, silahkan mencoba latihan soal dibawah ini', 1, '2017-12-18 07:14:17', '2017-12-18 07:29:30', NULL),
(64, 10, 74, 'soal latihan gerak lurus', 'Setelah memahami materi mengenai gerak lurus, maka silahkan untuk menguji tingkat kepahaman anda mengenai materi gerak lurus, silahkan mencoba latihan soal dibawah ini', 1, '2017-12-18 07:28:56', '2017-12-18 07:30:05', NULL),
(65, 10, 76, 'Soal latihan gerak melingkar beraturan', 'Setelah memahami materi mengenai gerak melingkar beraturan, maka silahkan untuk menguji tingkat kepahaman anda mengenai materi gerak melingkar beraturan, silahkan mencoba latihan soal dibawah ini', 1, '2017-12-18 07:34:51', '2017-12-18 07:35:26', NULL),
(66, 10, 77, 'Soal latihan Hukum newton tentang gerak', 'Setelah memahami materi mengenai Hukum newton tentang gerak, maka silahkan untuk menguji tingkat kepahaman anda mengenai materi Hukum newton tentang gerak, silahkan mencoba latihan soal dibawah ini', 1, '2017-12-18 07:42:59', '2017-12-18 07:43:45', NULL),
(67, 10, 78, 'Soal latihan gelombang elektromagnetik', 'Setelah memahami materi mengenai gelombang elektromagnetik, maka silahkan untuk menguji tingkat kepahaman anda mengenai materi gelombang elektromagnetik, silahkan mencoba latihan soal dibawah ini', 1, '2017-12-18 07:52:07', '2017-12-18 08:06:22', NULL),
(68, 13, 80, 'Soal latihan unsur golongan alkali', 'Setelah memahami materi mengenai unsur golongan alkali, maka silahkan untuk menguji tingkat kepahaman anda mengenai materi unsur golongan alkali, silahkan mencoba latihan soal dibawah ini', 1, '2017-12-18 08:03:00', '2017-12-18 08:03:26', NULL),
(69, 13, 81, 'Soal latihan pembuatan dan kegunaan unsur halogen', 'Setelah memahami materi mengenai pembuatan dan kegunaan unsur halogen, maka silahkan untuk menguji tingkat kepahaman anda mengenai materi pembuatan dan kegunaan unsur halogen, silahkan mencoba latihan soal dibawah ini', 1, '2017-12-18 08:05:15', '2017-12-18 08:05:46', NULL),
(70, 13, 82, 'Soal latihan unsur halogen', 'Setelah memahami materi mengenai unsur halogen, maka silahkan untuk menguji tingkat kepahaman anda mengenai materi unsur halogen, silahkan mencoba latihan soal dibawah ini', 1, '2017-12-18 08:09:14', '2017-12-18 08:09:42', NULL),
(71, 13, 83, 'Soal latihan gas mulia', 'Setelah memahami materi mengenai gas mulia, maka silahkan untuk menguji tingkat kepahaman anda mengenai materi gas mulia, silahkan mencoba latihan soal dibawah ini', 1, '2017-12-18 08:12:44', '2017-12-18 08:13:09', NULL),
(72, 13, 84, 'Soal latihan pengendalian korosi', 'Setelah memahami materi mengenai pengendalian korosi, maka silahkan untuk menguji tingkat kepahaman anda mengenai materi pengendalian korosi, silahkan mencoba latihan soal dibawah ini', 1, '2017-12-18 08:14:48', '2017-12-18 08:15:40', NULL);

-- --------------------------------------------------------

--
-- Struktur dari tabel `tests_results`
--

CREATE TABLE `tests_results` (
  `id` int(10) UNSIGNED NOT NULL,
  `test_id` int(10) UNSIGNED DEFAULT NULL,
  `user_id` int(10) UNSIGNED DEFAULT NULL,
  `test_result` int(11) NOT NULL,
  `created_at` timestamp NULL DEFAULT NULL,
  `updated_at` timestamp NULL DEFAULT NULL
) ENGINE=InnoDB DEFAULT CHARSET=utf8mb4 COLLATE=utf8mb4_unicode_ci;

--
-- Dumping data untuk tabel `tests_results`
--

INSERT INTO `tests_results` (`id`, `test_id`, `user_id`, `test_result`, `created_at`, `updated_at`) VALUES
(1, 53, 2, 0, '2017-12-17 01:41:41', '2017-12-17 01:41:41');

-- --------------------------------------------------------

--
-- Struktur dari tabel `tests_results_answers`
--

CREATE TABLE `tests_results_answers` (
  `id` int(10) UNSIGNED NOT NULL,
  `tests_result_id` int(10) UNSIGNED DEFAULT NULL,
  `question_id` int(10) UNSIGNED DEFAULT NULL,
  `option_id` int(10) UNSIGNED DEFAULT NULL,
  `correct` tinyint(4) NOT NULL DEFAULT '0',
  `created_at` timestamp NULL DEFAULT NULL,
  `updated_at` timestamp NULL DEFAULT NULL
) ENGINE=InnoDB DEFAULT CHARSET=utf8mb4 COLLATE=utf8mb4_unicode_ci;

--
-- Dumping data untuk tabel `tests_results_answers`
--

INSERT INTO `tests_results_answers` (`id`, `tests_result_id`, `question_id`, `option_id`, `correct`, `created_at`, `updated_at`) VALUES
(1, 1, 52, 207, 0, '2017-12-17 01:41:41', '2017-12-17 01:41:41');

-- --------------------------------------------------------

--
-- Struktur dari tabel `users`
--

CREATE TABLE `users` (
  `id` int(10) UNSIGNED NOT NULL,
  `name` varchar(191) COLLATE utf8mb4_unicode_ci NOT NULL,
  `email` varchar(191) COLLATE utf8mb4_unicode_ci NOT NULL,
  `password` varchar(191) COLLATE utf8mb4_unicode_ci NOT NULL,
  `remember_token` varchar(191) COLLATE utf8mb4_unicode_ci DEFAULT NULL,
  `created_at` timestamp NULL DEFAULT NULL,
  `updated_at` timestamp NULL DEFAULT NULL
) ENGINE=InnoDB DEFAULT CHARSET=utf8mb4 COLLATE=utf8mb4_unicode_ci;

--
-- Dumping data untuk tabel `users`
--

INSERT INTO `users` (`id`, `name`, `email`, `password`, `remember_token`, `created_at`, `updated_at`) VALUES
(1, 'Admin', 'admin@admin.com', '$2y$10$l4MghrLnKXTRUDlR07XQeesKHRIaAe7WzDf90g751BEf70AwnJ5m.', 'qR5SWsUYucBQjsGVQUpxM4yWxaJHww7eh4s1BpcBVGjqfZCwAuCrcZuJyH18', '2017-12-15 01:54:58', '2017-12-15 01:54:58'),
(2, 'intan', 'intan.irnanda@gmail.com', '$2y$10$4q7rOT5KR4W5R2lvGMenJ.Guan.ZzKD3.VkRkimOYI/XvAqMxttlO', 'cSlwUcrYJXkp7ncNi0sR9OA28FDhidpwv04UQoqFxeqlps3nojAzFxkOSWYb', '2017-12-16 03:02:20', '2017-12-16 03:02:20'),
(3, 'teacher', 'teacher@teacher.com', '$2y$10$EyXDaByUAUi93NP69Pbg6ewqcQRoDhXEbXYARnYexyrCIBgpwjWsG', NULL, '2017-12-17 01:27:39', '2017-12-17 01:27:39');

--
-- Indexes for dumped tables
--

--
-- Indexes for table `courses`
--
ALTER TABLE `courses`
  ADD PRIMARY KEY (`id`),
  ADD KEY `courses_deleted_at_index` (`deleted_at`);

--
-- Indexes for table `course_student`
--
ALTER TABLE `course_student`
  ADD KEY `course_student_course_id_foreign` (`course_id`),
  ADD KEY `course_student_user_id_foreign` (`user_id`);

--
-- Indexes for table `course_user`
--
ALTER TABLE `course_user`
  ADD KEY `fk_p_54418_54417_user_cou_596eece522b73` (`course_id`),
  ADD KEY `fk_p_54417_54418_course_u_596eece522bee` (`user_id`);

--
-- Indexes for table `lessons`
--
ALTER TABLE `lessons`
  ADD PRIMARY KEY (`id`),
  ADD KEY `54419_596eedbb6686e` (`course_id`),
  ADD KEY `lessons_deleted_at_index` (`deleted_at`);

--
-- Indexes for table `lesson_student`
--
ALTER TABLE `lesson_student`
  ADD KEY `lesson_student_lesson_id_foreign` (`lesson_id`),
  ADD KEY `lesson_student_user_id_foreign` (`user_id`);

--
-- Indexes for table `media`
--
ALTER TABLE `media`
  ADD PRIMARY KEY (`id`),
  ADD KEY `media_model_id_model_type_index` (`model_id`,`model_type`);

--
-- Indexes for table `migrations`
--
ALTER TABLE `migrations`
  ADD PRIMARY KEY (`id`);

--
-- Indexes for table `password_resets`
--
ALTER TABLE `password_resets`
  ADD KEY `password_resets_email_index` (`email`);

--
-- Indexes for table `permissions`
--
ALTER TABLE `permissions`
  ADD PRIMARY KEY (`id`);

--
-- Indexes for table `permission_role`
--
ALTER TABLE `permission_role`
  ADD KEY `fk_p_54415_54416_role_per_596eec08308d0` (`permission_id`),
  ADD KEY `fk_p_54416_54415_permissi_596eec0830986` (`role_id`);

--
-- Indexes for table `questions`
--
ALTER TABLE `questions`
  ADD PRIMARY KEY (`id`),
  ADD KEY `questions_deleted_at_index` (`deleted_at`);

--
-- Indexes for table `questions_options`
--
ALTER TABLE `questions_options`
  ADD PRIMARY KEY (`id`),
  ADD KEY `54421_596eee8745a1e` (`question_id`),
  ADD KEY `questions_options_deleted_at_index` (`deleted_at`);

--
-- Indexes for table `question_test`
--
ALTER TABLE `question_test`
  ADD KEY `fk_p_54420_54422_test_que_596eeef70992f` (`question_id`),
  ADD KEY `fk_p_54422_54420_question_596eeef7099af` (`test_id`);

--
-- Indexes for table `roles`
--
ALTER TABLE `roles`
  ADD PRIMARY KEY (`id`);

--
-- Indexes for table `role_user`
--
ALTER TABLE `role_user`
  ADD KEY `fk_p_54416_54417_user_rol_596eec0af3746` (`role_id`),
  ADD KEY `fk_p_54417_54416_role_use_596eec0af37c1` (`user_id`);

--
-- Indexes for table `tests`
--
ALTER TABLE `tests`
  ADD PRIMARY KEY (`id`),
  ADD KEY `54422_596eeef514d00` (`course_id`),
  ADD KEY `54422_596eeef53411a` (`lesson_id`),
  ADD KEY `tests_deleted_at_index` (`deleted_at`);

--
-- Indexes for table `tests_results`
--
ALTER TABLE `tests_results`
  ADD PRIMARY KEY (`id`),
  ADD KEY `tests_results_test_id_foreign` (`test_id`),
  ADD KEY `tests_results_user_id_foreign` (`user_id`);

--
-- Indexes for table `tests_results_answers`
--
ALTER TABLE `tests_results_answers`
  ADD PRIMARY KEY (`id`),
  ADD KEY `tests_results_answers_tests_result_id_foreign` (`tests_result_id`),
  ADD KEY `tests_results_answers_question_id_foreign` (`question_id`),
  ADD KEY `tests_results_answers_option_id_foreign` (`option_id`);

--
-- Indexes for table `users`
--
ALTER TABLE `users`
  ADD PRIMARY KEY (`id`);

--
-- AUTO_INCREMENT for dumped tables
--

--
-- AUTO_INCREMENT for table `courses`
--
ALTER TABLE `courses`
  MODIFY `id` int(10) UNSIGNED NOT NULL AUTO_INCREMENT, AUTO_INCREMENT=14;
--
-- AUTO_INCREMENT for table `lessons`
--
ALTER TABLE `lessons`
  MODIFY `id` int(10) UNSIGNED NOT NULL AUTO_INCREMENT, AUTO_INCREMENT=85;
--
-- AUTO_INCREMENT for table `media`
--
ALTER TABLE `media`
  MODIFY `id` int(10) UNSIGNED NOT NULL AUTO_INCREMENT, AUTO_INCREMENT=2;
--
-- AUTO_INCREMENT for table `migrations`
--
ALTER TABLE `migrations`
  MODIFY `id` int(10) UNSIGNED NOT NULL AUTO_INCREMENT, AUTO_INCREMENT=20;
--
-- AUTO_INCREMENT for table `permissions`
--
ALTER TABLE `permissions`
  MODIFY `id` int(10) UNSIGNED NOT NULL AUTO_INCREMENT, AUTO_INCREMENT=46;
--
-- AUTO_INCREMENT for table `questions`
--
ALTER TABLE `questions`
  MODIFY `id` int(10) UNSIGNED NOT NULL AUTO_INCREMENT, AUTO_INCREMENT=91;
--
-- AUTO_INCREMENT for table `questions_options`
--
ALTER TABLE `questions_options`
  MODIFY `id` int(10) UNSIGNED NOT NULL AUTO_INCREMENT, AUTO_INCREMENT=361;
--
-- AUTO_INCREMENT for table `roles`
--
ALTER TABLE `roles`
  MODIFY `id` int(10) UNSIGNED NOT NULL AUTO_INCREMENT, AUTO_INCREMENT=4;
--
-- AUTO_INCREMENT for table `tests`
--
ALTER TABLE `tests`
  MODIFY `id` int(10) UNSIGNED NOT NULL AUTO_INCREMENT, AUTO_INCREMENT=73;
--
-- AUTO_INCREMENT for table `tests_results`
--
ALTER TABLE `tests_results`
  MODIFY `id` int(10) UNSIGNED NOT NULL AUTO_INCREMENT, AUTO_INCREMENT=2;
--
-- AUTO_INCREMENT for table `tests_results_answers`
--
ALTER TABLE `tests_results_answers`
  MODIFY `id` int(10) UNSIGNED NOT NULL AUTO_INCREMENT, AUTO_INCREMENT=2;
--
-- AUTO_INCREMENT for table `users`
--
ALTER TABLE `users`
  MODIFY `id` int(10) UNSIGNED NOT NULL AUTO_INCREMENT, AUTO_INCREMENT=4;
--
-- Ketidakleluasaan untuk tabel pelimpahan (Dumped Tables)
--

--
-- Ketidakleluasaan untuk tabel `course_student`
--
ALTER TABLE `course_student`
  ADD CONSTRAINT `course_student_course_id_foreign` FOREIGN KEY (`course_id`) REFERENCES `courses` (`id`) ON DELETE CASCADE,
  ADD CONSTRAINT `course_student_user_id_foreign` FOREIGN KEY (`user_id`) REFERENCES `users` (`id`) ON DELETE CASCADE;

--
-- Ketidakleluasaan untuk tabel `course_user`
--
ALTER TABLE `course_user`
  ADD CONSTRAINT `fk_p_54417_54418_course_u_596eece522bee` FOREIGN KEY (`user_id`) REFERENCES `users` (`id`) ON DELETE CASCADE,
  ADD CONSTRAINT `fk_p_54418_54417_user_cou_596eece522b73` FOREIGN KEY (`course_id`) REFERENCES `courses` (`id`) ON DELETE CASCADE;

--
-- Ketidakleluasaan untuk tabel `lessons`
--
ALTER TABLE `lessons`
  ADD CONSTRAINT `54419_596eedbb6686e` FOREIGN KEY (`course_id`) REFERENCES `courses` (`id`) ON DELETE CASCADE;

--
-- Ketidakleluasaan untuk tabel `lesson_student`
--
ALTER TABLE `lesson_student`
  ADD CONSTRAINT `lesson_student_lesson_id_foreign` FOREIGN KEY (`lesson_id`) REFERENCES `lessons` (`id`) ON DELETE CASCADE,
  ADD CONSTRAINT `lesson_student_user_id_foreign` FOREIGN KEY (`user_id`) REFERENCES `users` (`id`) ON DELETE CASCADE;

--
-- Ketidakleluasaan untuk tabel `permission_role`
--
ALTER TABLE `permission_role`
  ADD CONSTRAINT `fk_p_54415_54416_role_per_596eec08308d0` FOREIGN KEY (`permission_id`) REFERENCES `permissions` (`id`) ON DELETE CASCADE,
  ADD CONSTRAINT `fk_p_54416_54415_permissi_596eec0830986` FOREIGN KEY (`role_id`) REFERENCES `roles` (`id`) ON DELETE CASCADE;

--
-- Ketidakleluasaan untuk tabel `questions_options`
--
ALTER TABLE `questions_options`
  ADD CONSTRAINT `54421_596eee8745a1e` FOREIGN KEY (`question_id`) REFERENCES `questions` (`id`) ON DELETE CASCADE;

--
-- Ketidakleluasaan untuk tabel `question_test`
--
ALTER TABLE `question_test`
  ADD CONSTRAINT `fk_p_54420_54422_test_que_596eeef70992f` FOREIGN KEY (`question_id`) REFERENCES `questions` (`id`) ON DELETE CASCADE,
  ADD CONSTRAINT `fk_p_54422_54420_question_596eeef7099af` FOREIGN KEY (`test_id`) REFERENCES `tests` (`id`) ON DELETE CASCADE;

--
-- Ketidakleluasaan untuk tabel `role_user`
--
ALTER TABLE `role_user`
  ADD CONSTRAINT `fk_p_54416_54417_user_rol_596eec0af3746` FOREIGN KEY (`role_id`) REFERENCES `roles` (`id`) ON DELETE CASCADE,
  ADD CONSTRAINT `fk_p_54417_54416_role_use_596eec0af37c1` FOREIGN KEY (`user_id`) REFERENCES `users` (`id`) ON DELETE CASCADE;

--
-- Ketidakleluasaan untuk tabel `tests`
--
ALTER TABLE `tests`
  ADD CONSTRAINT `54422_596eeef514d00` FOREIGN KEY (`course_id`) REFERENCES `courses` (`id`) ON DELETE CASCADE,
  ADD CONSTRAINT `54422_596eeef53411a` FOREIGN KEY (`lesson_id`) REFERENCES `lessons` (`id`) ON DELETE CASCADE;

--
-- Ketidakleluasaan untuk tabel `tests_results`
--
ALTER TABLE `tests_results`
  ADD CONSTRAINT `tests_results_test_id_foreign` FOREIGN KEY (`test_id`) REFERENCES `tests` (`id`) ON DELETE CASCADE,
  ADD CONSTRAINT `tests_results_user_id_foreign` FOREIGN KEY (`user_id`) REFERENCES `users` (`id`) ON DELETE CASCADE;

--
-- Ketidakleluasaan untuk tabel `tests_results_answers`
--
ALTER TABLE `tests_results_answers`
  ADD CONSTRAINT `tests_results_answers_option_id_foreign` FOREIGN KEY (`option_id`) REFERENCES `questions_options` (`id`) ON DELETE CASCADE,
  ADD CONSTRAINT `tests_results_answers_question_id_foreign` FOREIGN KEY (`question_id`) REFERENCES `questions` (`id`) ON DELETE CASCADE,
  ADD CONSTRAINT `tests_results_answers_tests_result_id_foreign` FOREIGN KEY (`tests_result_id`) REFERENCES `tests_results` (`id`) ON DELETE CASCADE;
COMMIT;

/*!40101 SET CHARACTER_SET_CLIENT=@OLD_CHARACTER_SET_CLIENT */;
/*!40101 SET CHARACTER_SET_RESULTS=@OLD_CHARACTER_SET_RESULTS */;
/*!40101 SET COLLATION_CONNECTION=@OLD_COLLATION_CONNECTION */;
